symbol,date,close,high,low,volume
GLD,2024-10-01,245.61,246.98,245.06,10605494
GLD,2024-10-02,245.66,246.07,243.99,6798783
GLD,2024-10-03,245.49,245.91,243.69,5674503
GLD,2024-10-04,245,246.69,244.045,5951628
GLD,2024-10-07,244.17,244.82,243.81,3849026
GLD,2024-10-08,242.37,244.04,240.63,7669807
GLD,2024-10-09,241.05,241.84,240.64,4120486
GLD,2024-10-10,242.82,243.02,241.5101,4792690
GLD,2024-10-11,245.47,245.92,244.47,5789546
GLD,2024-10-14,245.07,245.86,244.26,3922892
GLD,2024-10-15,245.92,246.55,244.53,5640831
GLD,2024-10-16,247.15,248.09,246.36,5431939
GLD,2024-10-17,248.63,249.06,247.62,5176170
GLD,2024-10-18,251.27,251.37,249.9,7833614
GLD,2024-10-21,251.22,253.14,250.73,9258590
GLD,2024-10-22,253.93,253.94,252.52,5756321
GLD,2024-10-23,250.87,253.18,250.2,8080958
GLD,2024-10-24,252.8,253.32,251.4,5962188
GLD,2024-10-25,253.32,253.5499,251.77,4424475
GLD,2024-10-28,253.33,253.63,252.95,4029110
GLD,2024-10-29,256.09,256.29,254.23,8875470
GLD,2024-10-30,257.5,257.71,255.9101,6386196
GLD,2024-10-31,253.51,255.6,252.2,9930827
GLD,2024-11-01,252.47,254.86,252.435,6473012
GLD,2024-11-04,252.83,253.58,252.27,4581435
GLD,2024-11-05,253.4,253.9893,252.41,6029884
GLD,2024-11-06,245.7,247.35,244.9506,14600217
GLD,2024-11-07,249.65,250.24,248.12,8821445
GLD,2024-11-08,247.96,249.35,247.78,6267916
GLD,2024-11-11,242.14,242.73,241.06,11653848
GLD,2024-11-12,240.05,241.66,239.39,10145510
GLD,2024-11-13,237.63,241.47,237.59,8431694
GLD,2024-11-14,237.01,237.9886,236.1326,8262426
GLD,2024-11-15,236.59,237.88,236.33,7299482
GLD,2024-11-18,241.09,241.495,240.45,6512986
GLD,2024-11-19,243.25,243.31,242.03,6579103
GLD,2024-11-20,244.62,245.21,243.51,6474801
GLD,2024-11-21,246.66,246.81,245.69,7646429
GLD,2024-11-22,249.84,250.39,247.86,7502963
GLD,2024-11-25,242.48,244.3999,241.48,10733109
GLD,2024-11-26,242.95,243.09,241.58,4945897
GLD,2024-11-27,243.49,245.1835,243.2,6930587
GLD,2024-11-29,245.59,245.81,244.73,2708494
GLD,2024-12-02,243.44,244.5805,243.14,4765001
GLD,2024-12-03,243.93,245.18,243.3,3557819
GLD,2024-12-04,244.67,245.34,244.365,4608584
GLD,2024-12-05,242.86,244.38,242.15,4806206
GLD,2024-12-06,242.95,243.86,242.435,3540698
GLD,2024-12-09,245.36,247.11,245.2595,4711536
GLD,2024-12-10,248.59,248.86,247.83,4641963
GLD,2024-12-11,250.96,251.26,248.97,11033776
GLD,2024-12-12,247.28,248.24,246.87,10149585
GLD,2024-12-13,244.29,245.94,244.27,6602591
GLD,2024-12-16,244.88,245.54,244.29,3310036
GLD,2024-12-17,243.94,244.55,243.23,4421339
GLD,2024-12-18,239.26,243.7095,238.82,8015848
GLD,2024-12-19,239.6,240.05,238.73,8113568
GLD,2024-12-20,242.1,242.955,241.17,9527805
GLD,2024-12-23,240.96,241.67,240.65,5835498
GLD,2024-12-24,241.44,241.66,240.82,2421008
GLD,2024-12-26,243.07,243.56,242.195,4651778
GLD,2024-12-27,241.4,241.95,241.05,4728440
GLD,2024-12-30,240.63,241.08,239.58,3522539
GLD,2024-12-31,242.13,242.52,241.05,2522102
GLD,2025-01-02,245.42,245.53,244.08,6241899
GLD,2025-01-03,243.49,244.82,243.36,4875546
GLD,2025-01-06,243.19,243.79,242.05,3758903
GLD,2025-01-07,244.56,245.77,243.81,5090333
GLD,2025-01-08,245.86,246.45,244.51,6303334
GLD,2025-01-10,248.21,249.04,247.55,12380131
GLD,2025-01-13,245.74,246.79,245.151,8448595
GLD,2025-01-14,247.03,247.04,245.52,4914837
GLD,2025-01-15,248.88,248.9,247.0102,6344973
GLD,2025-01-16,250.6,251.39,250.27,9235998
GLD,2025-01-17,249.27,250.81,249.15,8312858
GLD,2025-01-21,253.13,253.3598,251.83,7668119
GLD,2025-01-22,254.43,254.68,253.7801,5213777
GLD,2025-01-23,254.07,254.54,252.82,6511526
GLD,2025-01-24,255.65,257.07,255.61,7341337
GLD,2025-01-27,252.99,254.26,251.92,5799780
GLD,2025-01-28,255.18,255.25,253.891,5332005
GLD,2025-01-29,254.2,254.82,253.3,5671753
GLD,2025-01-30,258.05,258.29,256.45,12981164
GLD,2025-01-31,258.56,259.99,257.86,8965576
GLD,2025-02-03,259.94,261.3897,259.5236,11514887
GLD,2025-02-04,262.5,262.54,261.35,9847018
GLD,2025-02-05,264.13,265.99,263.89,12681127
GLD,2025-02-06,263.43,263.72,261.49,8731433
GLD,2025-02-07,263.9,266.345,263.26,9129699
GLD,2025-02-10,268.37,268.66,267.24,13249538
GLD,2025-02-11,267.39,268.36,266.711,7169450
GLD,2025-02-12,267.67,268.43,266.3451,9328598
GLD,2025-02-13,270.31,270.39,268.22,8347547
GLD,2025-02-14,266.29,270.21,265.45,11546721
GLD,2025-02-18,270.7,271.0099,269.6,8185949
GLD,2025-02-19,270.85,271.33,269.24,9340372
GLD,2025-02-20,270.99,271.84,270.17,7356900
GLD,2025-02-21,270.74,271.51,269.51,8917431
GLD,2025-02-24,272.21,272.32,270.375,5374360
GLD,2025-02-25,268.62,271.6796,266.45,10079777
GLD,2025-02-26,269.03,269.08,266.6612,7276033
GLD,2025-02-27,264.93,266.67,264.4475,9374626
GLD,2025-02-28,263.27,263.4,261.25,11504491
GLD,2025-03-03,266.74,266.88,265.07,7725647
GLD,2025-03-04,269.06,269.4,267.52,8481343
GLD,2025-03-05,269.62,270.26,267.96,6990354
GLD,2025-03-06,268.25,269.51,268.16,6136447
GLD,2025-03-07,268.39,270.34,267.64,10431236
GLD,2025-03-10,266.04,268.44,265.64,7593890
GLD,2025-03-11,269.16,269.73,268.4401,8436562
GLD,2025-03-12,270.33,271.23,268.36,7236239
GLD,2025-03-13,275.13,275.345,271.55,13741460
GLD,2025-03-14,275.24,276.3,274.66,13364965
GLD,2025-03-17,276.73,276.79,275.39,8583359
GLD,2025-03-18,279.96,280.215,278.97,9596547
GLD,2025-03-19,281.11,281.479,279.06,8822197
GLD,2025-03-20,280.75,280.9,279.43,5863288
GLD,2025-03-21,278.49,279.46,276.59,9359340
GLD,2025-03-24,277.25,279.089,276.86,7870109
GLD,2025-03-25,278.47,279.96,278.27,5090179
GLD,2025-03-26,278.24,279.02,277.78,3741843
GLD,2025-03-27,281.97,282.065,279.5868,8476335
GLD,2025-03-28,284.06,284.64,282.86,9563660
GLD,2025-03-31,288.14,288.39,285.85,13925100
GLD,2025-04-01,287.57,289.13,285.91,15923553
GLD,2025-04-02,288.16,289.03,287.36,11074787
GLD,2025-04-03,286.42,289.09,282.45,20524343
GLD,2025-04-04,279.72,284.03,278.02,21517158
GLD,2025-04-07,273.71,280.14,272.58,19806990
GLD,2025-04-08,275.2,278.32,274.24,12639084
GLD,2025-04-09,285.38,285.87,281.04,25341669
GLD,2025-04-10,292.35,292.86,287.231,19837799
GLD,2025-04-11,297.93,299.275,296.81,21080132
GLD,2025-04-14,296.23,296.58,294.53,12427590
GLD,2025-04-15,297.78,298.02,296.09,7924134
GLD,2025-04-16,307.47,308.0599,303.8,20778079
GLD,2025-04-17,306.12,307.13,302.73,18287825
GLD,2025-04-21,315.59,316.41,313.945,20372259
GLD,2025-04-22,311.11,317.63,310.36,35242287
GLD,2025-04-23,303.65,304.74,300.59,25421464
GLD,2025-04-24,308.07,308.495,304.71,10844971
GLD,2025-04-25,304.73,305.37,301.01,10691590
GLD,2025-04-28,309.07,309.11,302.97,9375484
GLD,2025-04-29,306.06,306.95,304,6852106
GLD,2025-04-30,303.77,306.065,303.44,8331894
GLD,2025-05-01,297.46,297.94,295.32,14969062
GLD,2025-05-02,297.98,300.85,297.03,8678366
GLD,2025-05-05,306.88,307.65,304.675,8924009
GLD,2025-05-06,315.48,315.62,311.4,11445270
GLD,2025-05-07,310.75,313.26,310.08,7909976
GLD,2025-05-08,304.63,310.48,303.05,11927583
GLD,2025-05-09,306.84,308.57,306.0101,6913131
GLD,2025-05-12,298.19,299.47,296.82,14375881
GLD,2025-05-13,299.46,300.3,297.24,10233603
GLD,2025-05-14,293.16,294.8,291.96,15119096
GLD,2025-05-15,297.84,297.9,293.75,13497735
GLD,2025-05-16,294.24,294.575,291.78,14173039
GLD,2025-05-19,298.03,298.58,296.482,11656261
GLD,2025-05-20,303.58,303.6825,298.3,12850980
GLD,2025-05-21,305.82,306.46,303.67,12414518
GLD,2025-05-22,303.11,305.28,302.1,9704165
GLD,2025-05-23,309.75,310.25,307.47,13339473
GLD,2025-05-27,304.5,304.875,302.74,9578486
GLD,2025-05-28,303.81,304.99,303.06,8803333
GLD,2025-05-29,305.61,306.89,304.46,9502412
GLD,2025-05-30,303.6,304.02,301.5,9553260
GLD,2025-06-02,311.67,311.72,308.72,13593232
GLD,2025-06-03,308.91,309.56,307.15,9315081
GLD,2025-06-04,310.9,311.88,308.74,7462529
GLD,2025-06-05,309.33,312.2,307.6501,10856012
GLD,2025-06-06,305.18,309.2,305.1,7787508
GLD,2025-06-09,306.62,307.61,305.06,7159036
GLD,2025-06-10,306.71,308.6,305.87,7071702
GLD,2025-06-11,308.37,308.615,305.85,9248766
GLD,2025-06-12,312.2,313.1,311.15,11531407
GLD,2025-06-13,316.29,317.6,315.0375,16592949
GLD,2025-06-16,311.78,314.87,311.65,12848440
GLD,2025-06-17,311.94,313,310.12,8234115
GLD,2025-06-18,310.26,312.98,309.86,9370785
GLD,2025-06-20,310.13,310.89,309.25,8794711
GLD,2025-06-23,311.08,312.67,310.31,12687916
GLD,2025-06-24,306.19,306.34,303.54,12035177
GLD,2025-06-25,307.12,307.36,305.12,6733155
GLD,2025-06-26,306.78,307.28,304.855,6787517
GLD,2025-06-27,301.22,302.36,299.89,13301308
GLD,2025-06-30,304.83,304.92,301.95,8192086
GLD,2025-07-01,307.55,309,307.36,9335647
GLD,2025-07-02,309.25,309.395,306.96,8316377
GLD,2025-07-03,307.14,307.57,306.15,5275838
GLD,2025-07-07,307.37,307.705,304.53,7351641
GLD,2025-07-08,304.16,306.445,302.77,11840545
GLD,2025-07-09,305.52,305.54,303.23,10644077
GLD,2025-07-10,306.2,306.51,304.82,7059561
GLD,2025-07-11,309.14,310.28,308.5153,9187302
GLD,2025-07-14,308.01,309.38,307.73,5772879
GLD,2025-07-15,306.73,308.74,305.79,8149008
GLD,2025-07-16,308.26,311.09,305.73,17677549
GLD,2025-07-17,307.59,307.665,305.12,6642258
GLD,2025-07-18,308.39,309.37,308.32,5574281
GLD,2025-07-21,313.13,313.31,311.61,10995756
GLD,2025-07-22,316.1,316.24,313.62,13691849
GLD,2025-07-23,312.18,314.96,311.42,10552520
GLD,2025-07-24,310.27,310.99,309.06,7698763
GLD,2025-07-25,307.4,308.31,306.2,9376386
GLD,2025-07-28,305.41,306.58,304.05,9275440
GLD,2025-07-29,306.25,307.03,304.985,5741114
GLD,2025-07-30,300.96,304.65,300.955,13459295
GLD,2025-07-31,302.96,304.61,302.86,8980956
GLD,2025-08-01,309.11,309.55,307.45,12843364
GLD,2025-08-04,310.91,311.74,310.37,7639030
GLD,2025-08-05,311.16,312.24,310.22,6997693
GLD,2025-08-06,310.5,311.24,309.84,7418158
GLD,2025-08-07,313.12,313.135,310.7,10891459
GLD,2025-08-08,313.05,313.53,311,19886802
GLD,2025-08-11,308.55,309.66,307.63,10326704
GLD,2025-08-12,308.27,309.305,306.71,9701725
GLD,2025-08-13,309.21,310.39,308.45,4718586
GLD,2025-08-14,307.25,308.34,306.52,5817726
GLD,2025-08-15,307.43,308,306.87,5990110
GLD,2025-08-18,306.95,307.89,306.625,6150140
GLD,2025-08-19,305.27,307.4788,305.19,5029939
GLD,2025-08-20,308.36,308.47,307.4,6515411
GLD,2025-08-21,307.29,308.15,307.0314,4808975
GLD,2025-08-22,310.58,311.025,306.43,8526492
GLD,2025-08-25,309.83,310.84,309.67,4044429
GLD,2025-08-26,312.08,312.21,310.305,11698460
GLD,2025-08-27,312.71,312.91,310.77,4320071
GLD,2025-08-28,315.03,315.08,313.07,9610202
GLD,2025-08-29,318.07,318.09,314.64,15639402
GLD,2025-09-02,325.59,325.92,320.24,21247534
GLD,2025-09-03,328.14,329.45,326.7301,16062221
GLD,2025-09-04,326.69,327.56,325.35,11703127
GLD,2025-09-05,331.05,331.44,328.93,16061073
GLD,2025-09-08,334.82,335.67,333.23,18617325
GLD,2025-09-09,334.06,338.31,333.85,21641935
GLD,2025-09-10,335.26,336.5,326.19,11945670
GLD,2025-09-11,334.76,335.1619,332.97,9080293
GLD,2025-09-12,335.42,336.39,335.23,9619709
GLD,2025-09-15,338.91,339.28,336.23,10569881
GLD,2025-09-16,339.59,340.88,338.62,12161527
GLD,2025-09-17,336.97,341.24,335.52,16535307
GLD,2025-09-18,335.62,336.32,333.81,14913267
GLD,2025-09-19,339.18,339.23,336.3119,14982567
GLD,2025-09-22,345.05,345.07,341.84,12386419
GLD,2025-09-23,346.46,348.75,345.32,18383982
GLD,2025-09-24,343.32,346.8299,342.14,12709068
GLD,2025-09-25,344.75,345.83,342.47,12639583
GLD,2025-09-26,346.74,348.25,345.314,11698212
GLD,2025-09-29,352.46,352.8305,351.28,15719623
GLD,2025-09-30,355.47,355.57,350.865,13312353
GLD,2025-10-01,356.03,356.9722,354.79,15573610
GLD,2025-10-02,354.79,358.67,351.4,16162050
GLD,2025-10-03,357.64,358.14,355.8,14463960
GLD,2025-10-06,364.38,365.3,361.37,17093657
GLD,2025-10-07,366.26,367.27,364.55,16836765
GLD,2025-10-08,372.3,373.57,370.5,28052276
GLD,2025-10-09,365.43,373.22,362.83,33674823
GLD,2025-10-10,369.12,370.31,365.44,24192782
GLD,2025-10-13,378.09,378.86,375.5797,18514421
GLD,2025-10-14,380.79,382.38,377.9,18409632
GLD,2025-10-15,387.39,387.755,384.59,20598324
GLD,2025-10-16,396.45,396.87,390.4,33621444
GLD,2025-10-17,388.99,397.28,385.22,62024965
GLD,2025-10-20,403.15,403.3,394.2,34523022
GLD,2025-10-21,377.24,388.89,375.65,54101049
GLD,2025-10-22,377.28,378.47,368.93,30524126
GLD,2025-10-23,378.79,382.25,378.65,13695495
GLD,2025-10-24,377.52,380.77,376.81,13263803
GLD,2025-10-27,367.01,371.59,365.34,23650459
GLD,2025-10-28,364.38,365.3,360.12,19257592
GLD,2025-10-29,363,370.08,361.3601,18891849
GLD,2025-10-30,370.13,370.36,364.5,14812754
GLD,2025-10-31,368.12,370.6625,365.5,11077900
GLD,2025-11-03,368.78,370.84,367.54,7254265
GLD,2025-11-04,362.32,365.74,361.39,11540059
GLD,2025-11-05,366.51,367.1,364.65,8357300
GLD,2025-11-06,366.07,368.18,364.7,6891096
GLD,2025-11-07,368.31,370.42,366.42,11060358
GLD,2025-11-10,378.38,378.66,374.7814,13456212
GLD,2025-11-11,379.87,380.4,376.87,10753182
GLD,2025-11-12,385.99,387.46,379.44,16203718
GLD,2025-11-13,382.87,388.18,381.21,15867869
GLD,2025-11-14,375.96,378.2,370.89,15198027
GLD,2025-11-17,371.65,375.4553,368.52,13295248
GLD,2025-11-18,374.35,375.54,371.62,7818783
GLD,2025-11-19,374.96,380.17,373.03,10980420
GLD,2025-11-20,374.85,377.6925,371.8514,10506548
GLD,2025-11-21,374.27,377.23,372.94,13194563
GLD,2025-11-24,380.2,380.28,374.19,10085318
GLD,2025-11-25,380.08,382.52,378.06,10462806
GLD,2025-11-26,383.12,383.775,380.46,9184071
GLD,2025-11-28,387.88,388,384.99,7175407
GLD,2025-12-01,389.75,390.7001,388.0605,11177072
GLD,2025-12-02,387.24,388.98,382.9103,8103923
GLD,2025-12-03,386.88,390.1293,385.83,7886793
GLD,2025-12-04,387.13,388,385.4,6754434
GLD,2025-12-05,386.44,391.735,386.175,9449808
GLD,2025-12-08,385.42,387.2418,384.01,6822119
GLD,2025-12-09,387.4,388.21,385.27,6358694
GLD,2025-12-10,389.05,389.76,384.5,9120475
GLD,2025-12-11,393.24,394.09,388.5,11240629
GLD,2025-12-12,395.44,400.39,391.47,16792059
GLD,2025-12-15,395.8,398.71,394.0738,11345031
GLD,2025-12-16,395.89,398.71,394.59,9201557
GLD,2025-12-17,399.29,399.98,397.25,10456889
GLD,2025-12-18,398.57,402.21,396.05,11837551
GLD,2025-12-19,399.02,400.63,397.17,9894767
GLD,2025-12-22,408.23,408.52,405.72,14202068
GLD,2025-12-23,413.64,413.76,407.1,13193258
GLD,2025-12-24,411.93,412.63,408.83,6718437
GLD,2025-12-26,416.74,418.45,414.75,10476234
GLD,2025-12-29,398.6,403.76,395.33,20679239
GLD,2025-12-30,398.89,403.8,398.56,10179028
GLD,2025-12-31,396.31,400.13,395.59,10194738
GLD,2026-01-02,398.28,401.82,396.25,10372572
GLD,2026-01-05,408.76,409.72,406.15,13382814
GLD,2026-01-06,413.18,413.48,410.31,11640912
GLD,2026-01-07,409.23,410.81,406.65,10589452
GLD,2026-01-08,411.49,411.64,406.4,8705926
GLD,2026-01-09,414.47,415.29,411.8,14011238
GLD,2026-01-12,422.23,425.74,421.52,20904133
GLD,2026-01-13,421.63,426.12,420.07,16681219
GLD,2026-01-14,425.94,426.86,422.8398,18305538
GLD,2026-01-15,423.33,425.06,422.79,14253249
GLD,2026-01-16,421.29,424.8,417.04,20951571
GLD,2026-01-20,437.23,438.1399,434.1,21308137
GLD,2026-01-21,443.6,447.9999,437.11,38830228
GLD,2026-01-22,451.79,452.9841,443.56,19251185
GLD,2026-01-23,458,458.75,453.45,21531873
GLD,2026-01-26,464.7,469.28,460.36,34155974
GLD,2026-01-27,476.1,476.49,463.95,28386220
GLD,2026-01-28,494.56,495.88,481.2501,44154580
GLD,2026-01-29,495.9,509.7,468.51,69970856
GLD,2026-01-30,444.95,470.06,430.8,86593519
GLD,2026-02-02,427.13,440.78,422.55,41626234
GLD,2026-02-03,454.29,459,448.31,28703465
GLD,2026-02-04,453.97,463.1,445.71,24427923
GLD,2026-02-05,441.88,450.9,440.35,17718069
GLD,2026-02-06,455.46,456.93,450.03,12663907
GLD,2026-02-09,467.03,467.56,460.85,12330874
GLD,2026-02-10,462.4,466.75,459.52,7861589
GLD,2026-02-11,467.63,468.61,462.82,11215495
GLD,2026-02-12,451.39,466.3799,448.06,20488829
GLD,2026-02-13,462.62,463.8399,456.25,12359348
GLD,2026-02-17,448.2,451.37,445.53,10976087
GLD,2026-02-18,458.28,460.51,455.324,10226301
GLD,2026-02-19,459.56,461.505,456.03,8411438
GLD,2026-02-20,468.62,468.62,458.34,14316250
GLD,2026-02-23,481.28,481.46,474.61,17506235
GLD,2026-02-24,474.61,475.44,469.55,14201051
GLD,2026-02-25,473.42,479.53,472.9,13007171
GLD,2026-02-26,477.48,477.83,442.04,12428296
GLD,2026-02-27,483.75,483.9,479.11,16849687
GLD,2026-03-02,490,492.15,483.28,19999890
GLD,2026-03-03,468.14,473.2,458.93,22646898
GLD,2026-03-04,471.8,476.415,469.39,10041506
GLD,2026-03-05,466.13,470.67,463.91,11730734
GLD,2026-03-06,473.51,475.46,467.07,10541027
GLD,2026-03-09,472.53,472.68,464.79,8893638
GLD,2026-03-10,477.86,481.31,474.21,9671905
GLD,2026-03-11,476.24,477.45,473.13,7575117
GLD,2026-03-12,466.88,475.02,466.6,11953170
GLD,2026-03-13,460.84,470.102,460.22,11795891
GLD,2026-03-16,460.43,462.8,456.905,9026825
GLD,2026-03-17,459.27,462.21,456.87,7660666
GLD,2026-03-18,444.74,450.06,444.39,18432803
GLD,2026-03-19,426.41,428.2677,416.8,30266999
GLD,2026-03-20,413.38,428.59,411.23,27263126
GLD,2026-03-23,404.04,414.54,399.6401,36864888
GLD,2026-03-24,404.13,407.29,399.2,17530099
GLD,2026-03-25,416.29,420.66,412.25,15764288
GLD,2026-03-26,400.64,411.37,400.26,15808760
GLD,2026-03-27,414.7,418.4,405.41,16631956
GLD,2026-03-30,414.58,420.1,412.66,13233556
GLD,2026-03-31,430.29,430.57,419.59,14588966
GLD,2026-04-01,437.82,440.19,433.76,14185708
GLD,2026-04-02,429.41,431.67,421.17,10887935
GLD,2026-04-06,427.65,431.49,426.71,5477934
GLD,2026-04-07,431.81,433.43,423.1,7312021
GLD,2026-04-08,434.53,440.44,431.31,9739512
GLD,2026-04-09,437.91,440.905,435.87,6793893
GLD,2026-04-10,437.13,440.35,436,6240548
GLD,2026-04-13,435.36,436.22,431.63,5605182
GLD,2026-04-14,445.09,445.18,439.02,8780146
GLD,2026-04-15,440.46,443.74,439.6,6505165
GLD,2026-04-16,440.08,442.98,438.18,5396144
GLD,2026-04-17,445.93,448.7,445.32,9760295
GLD,2026-04-20,442.09,443.42,440.05,8488374
GLD,2026-04-21,429.57,440.245,428.71,9533072
GLD,2026-04-22,435.26,437.17,433.78,5224877
GLD,2026-04-23,431.04,435.2913,428.22,5022912
GLD,2026-04-24,433.25,435.28,430.6501,5971265
GLD,2026-04-27,429.89,431.8,428.52,6131726
GLD,2026-04-28,421.91,422.52,418.4,7773238
GLD,2026-04-29,417.41,419.1705,414.16,6504492
GLD,2026-04-30,423.66,425.46,422.7394,6779596
GLD,2026-05-01,423.18,427.93,421.08,5958808
GLD,2026-05-04,414.71,420.86,413.2801,7342717
GLD,2026-05-05,418.27,421.16,417.905,4327515
GLD,2026-05-06,430.96,433.19,429.6,7061206
GLD,2026-05-07,431.68,437.42,430.25,6862070
GLD,2026-05-08,433.77,436.2,431.7,5427075
GLD,2026-05-11,434.65,436.04,432.21,5624090
GLD,2026-05-12,432.93,432.98,425.85,6707280
GLD,2026-05-13,430.5,432.49,428.75,4225085
GLD,2026-05-14,427.21,431.54,427.1,4065860
GLD,2026-05-15,417.29,419.2484,414.12,9409809
GLD,2026-05-18,418.43,420.9299,416.06,5681196
GLD,2026-05-19,411.5,414.47,409.8808,5465907
GLD,2026-05-20,417.4,417.99,410.08,6048478
GLD,2026-05-21,416.99,418.42,411.95,4723223
GLD,2026-05-22,413.82,415.68,412,5573381
GLD,2026-05-26,414,415.98,411.5,5153777
GLD,2026-05-27,408.49,409.25,404.3,6671467
GLD,2026-05-28,412.77,414.51,405.4108,7228154
GLD,2026-05-29,417.12,421.82,415.08,7749394
GLD,2026-06-01,411.26,412.61,408.24,6225430
GLD,2026-06-02,411.95,414.3999,411.1,3882771
GLD,2026-06-03,407.87,409.38,406.225,5082615
GLD,2026-06-04,411.27,414.37,409.01,4689220
GLD,2026-06-05,396.24,404.719,395.92,11524722
GLD,2026-06-08,397.27,398.98,396.03,8109694
GLD,2026-06-09,390.78,400.48,388.75,9606141
GLD,2026-06-10,374.58,384.21,374.55,14005302
GLD,2026-06-11,386.32,387.21,371.88,12665396
GLD,2026-06-12,386.54,388.77,383.35,7575544
GLD,2026-06-15,396.55,401,396.15,10527433
GLD,2026-06-16,397.63,398.96,395.82,6044541
GLD,2026-06-17,388.6,402.04,387.08,13383936
GLD,2026-06-18,387.12,392.5,385.6,7667615
GLD,2026-06-22,384.59,386.41,382.64,7886764
GLD,2026-06-23,377.32,380.35,377.17,7431037
GLD,2026-06-24,365.92,370.9,363.32,12785760
GLD,2026-06-25,369.46,371.0398,366.8,9203972
GLD,2026-06-26,373.63,375.85,371.18,5641692
GLD,2026-06-29,368.58,371.19,366.97,5187066
GLD,2026-06-30,368.38,372.83,368.255,5343828
GLD,2026-07-01,370.6,377.78,370.21,9102539
GLD,2026-07-02,378.13,380.27,376.2862,7646697
GLD,2026-07-06,382.13,382.43,378.83,3957987
GLD,2026-07-07,377.49,383.5999,375.52,4853447
GLD,2026-07-08,374.45,375.47,368.95,7766589
GLD,2026-07-09,378.18,379.65,377.41,4790379
GLD,2026-07-10,377.01,377.55,373.7,5492565
GLD,2026-07-13,367.13,372.8912,365.77,7206498
GLD,2026-07-14,372.15,376.28,370.92,6339186
GLD,2026-07-15,372.35,374.49,369.5,7719473
GLD,2026-07-16,364.96,368.43,364.05,9084950
GLD,2026-07-17,368.41,369.21,363.6,6491988
GLD,2026-07-20,367.6,368.7893,366.8,3962687
GLD,2026-07-21,374.81,375.01,371.07,6105318
GLD,2026-07-22,379.12,382.22,378.83,7149178
GLD,2026-07-23,371.52,373.0852,370.53,9854750
GLD,2026-07-24,371.9,374.49,371.03,3878937
GLD,2026-07-27,374.63,375.53,372.91,3746163
GLD,2026-07-28,369.37,371.23,367.98,4849629
GLD,2026-07-29,371.08,377.62,366.526,11872320
GLD,2026-07-30,377.16,377.86,373.755,5991495
GLD,2026-07-31,371.54,372.01,368.815,6854309
GLD,2026-08-03,371.71,372.035,368.6428,5003787
GLD,2026-08-04,374.16,376.69,373.71,5751683
GLD,2026-08-05,389.64,391.51,384.32,14782420
GLD,2026-08-06,389.67,392.12,387.27,10985876
GLD,2026-08-07,398.47,400.66,396.95,13346683
GLD,2026-08-10,402.54,403.24,395.93,11075719
GLD,2026-08-11,400.96,404.03,399.89,7462498
GLD,2026-08-12,404.92,407.36,403.22,10411701
GLD,2026-08-13,398.96,402.58,398.28,8729781
GLD,2026-08-14,401.48,403.33,400.935,6781249
GLD,2026-08-17,405.49,406.23,402.18,9624032
GLD,2026-08-18,398.55,404.32,397.87,10680093
GLD,2026-08-19,413.84,414,407.47,17483116
GLD,2026-08-20,415.26,416.45,409.82,13931086
GLD,2026-08-21,423.36,424.89,419.42,14558539
GLD,2026-08-24,426.69,429.42,424.2,18980523
GLD,2026-08-25,428.07,428.1399,422.33,13260311
GLD,2026-08-26,421.32,424.95,420.31,9840776
GLD,2026-08-27,422.6,423.35,418.43,7120024
GLD,2026-08-28,408.89,424.79,407.62,25057404
GLD,2026-08-31,408.42,408.8,404.9,9531922
GLD,2026-09-01,396.75,401.25,396.45,13168026
GLD,2026-09-02,402.78,403.33,399.58,13736516
GLD,2026-09-03,410.22,413.54,408.54,12508070
GLD,2026-09-04,406.77,408,403.96,9821666
GLD,2026-09-08,399.72,404.28,399.48,9017487
GLD,2026-09-09,403.35,406.56,401.1815,8197096
GLD,2026-09-10,396.36,401.15,395.451,10225430
GLD,2026-09-11,398.77,403.65,398.14,10986534
GLD,2026-09-14,392.84,395.9,390.96,7472190
GLD,2026-09-15,394.15,395.31,391.81,6886372
GLD,2026-09-16,391.74,400.6,388.39,15794446
GLD,2026-09-17,398.36,401.44,398.04,7765995
GLD,2026-09-18,401.17,403.15,398.13,9548749
GLD,2026-09-21,398.38,400.24,396.34,6432372
GLD,2026-09-22,400.07,400.78,395.58,6546927
GLD,2026-09-23,392.88,395.5,391.8701,7575528
GLD,2026-09-24,391.69,393.07,389.049,6736578
GLD,2026-09-25,393.41,394.2199,390.05,7720997
GLD,2026-09-28,377.91,381.52,376.88,14880963
GLD,2026-09-29,382.89,383,379.715,8156224
GLD,2026-09-30,380.84,384.59,380.18,7053822
GLD,2026-10-01,382.76,383.7,380.36,6129302
GLD,2026-10-02,380.14,385.22,378.11,9360837
JPM,2024-10-01,198.69,200.66,197.88,8540064
JPM,2024-10-02,198.93,200.53,197.4,5810931
JPM,2024-10-03,196.96,198.17,196.1,7251325
JPM,2024-10-04,203.95,204.38,199.79,10213415
JPM,2024-10-07,203.67,205.99,202.47,6718898
JPM,2024-10-08,203.49,204.05,201.21,6021772
JPM,2024-10-09,206.07,206.86,202.17,7023998
JPM,2024-10-10,205.51,207.41,204.19,7927051
JPM,2024-10-11,214.64,216.9,207.75,18320650
JPM,2024-10-14,213.86,216,211.34,9048925
JPM,2024-10-15,214.73,217.69,214.18,9235825
JPM,2024-10-16,215.94,215.98,213.43,6382515
JPM,2024-10-17,216.69,218.07,215.62,6470186
JPM,2024-10-18,217.61,218.14,215.42,7000543
JPM,2024-10-21,215.32,217.93,215.23,5869959
JPM,2024-10-22,216.4,217.52,213.49,9586793
JPM,2024-10-23,215.72,217.06,214.87,6180528
JPM,2024-10-24,217.23,217.31,214.03,6002202
JPM,2024-10-25,214.66,217.85,213.27,6369720
JPM,2024-10-28,217.74,217.87,215.27,6842956
JPM,2024-10-29,215.23,218.94,215.14,6580004
JPM,2024-10-30,216.68,218.52,213.95,7110941
JPM,2024-10-31,214.28,217.92,214.18,7829932
JPM,2024-11-01,215.26,218.36,215.03,6923452
JPM,2024-11-04,212.21,216.06,211.62,8229588
JPM,2024-11-05,213.86,214.32,212.43,5600686
JPM,2024-11-06,238.55,239.46,226.69,23987753
JPM,2024-11-07,228.24,236.15,227.12,16451071
JPM,2024-11-08,228.82,231.1,227.66,9502100
JPM,2024-11-11,231.05,233.77,230.77,9017079
JPM,2024-11-12,231.31,233.15,230.54,6860956
JPM,2024-11-13,232.86,235.69,232.04,11472557
JPM,2024-11-14,233.54,235.88,232.75,10172202
JPM,2024-11-15,236.86,237.94,233.15,11518836
JPM,2024-11-18,236.59,239.39,234.33,9052575
JPM,2024-11-19,234.72,236.71,233.23,6792660
JPM,2024-11-20,232.49,236.19,230.42,9013603
JPM,2024-11-21,236.33,237.04,233.77,8783516
JPM,2024-11-22,239.99,240.57,234.67,7997307
JPM,2024-11-25,241.67,245.55,240.49,10295350
JPM,2024-11-26,241.36,242.36,239.79,6212142
JPM,2024-11-27,241.19,242.54,240.21,5472265
JPM,2024-11-29,241.12,243.1,240.86,5494825
JPM,2024-12-02,237.77,241.63,236.59,8899741
JPM,2024-12-03,236.39,240.47,236.21,6657694
JPM,2024-12-04,235.02,236.9,233.89,7346265
JPM,2024-12-05,237.03,238.67,236.2,6572536
JPM,2024-12-06,238.84,239.21,236.41,5519738
JPM,2024-12-09,235.42,239.34,235.37,7076466
JPM,2024-12-10,234.5,239.42,233.88,9108339
JPM,2024-12-11,235.15,235.86,233.84,7884442
JPM,2024-12-12,233.21,235.7,232.74,6113771
JPM,2024-12-13,231.68,234.36,230.91,10392749
JPM,2024-12-16,231.33,232.38,229.34,9032044
JPM,2024-12-17,230.15,230.79,228.48,8083635
JPM,2024-12-18,222.44,230.84,221.63,11322358
JPM,2024-12-19,224.94,228.22,224.27,11790773
JPM,2024-12-20,229.42,230.97,223.61,32348414
JPM,2024-12-23,230.18,230.41,226.79,8611528
JPM,2024-12-24,233.97,234.14,230.84,3729092
JPM,2024-12-26,234.77,234.89,232.5,4452168
JPM,2024-12-27,232.87,235.01,231.78,5730607
JPM,2024-12-30,231.08,232.55,228.95,5723765
JPM,2024-12-31,231.46,233.13,230.8,4870971
JPM,2025-01-02,231.74,234.9,231.21,9220914
JPM,2025-01-03,234.9,236.45,231.99,9491053
JPM,2025-01-06,233.76,238.46,233.5,9917836
JPM,2025-01-07,236.01,238.04,233.81,8753357
JPM,2025-01-08,235.97,237.06,233.42,8675284
JPM,2025-01-10,232.81,236.63,231.71,10256829
JPM,2025-01-13,237.02,237.34,231.96,10005315
JPM,2025-01-14,240.18,240.43,235.06,12407386
JPM,2025-01-15,244.92,246.2,236.51,18448520
JPM,2025-01-16,246.78,249.47,244.9,15292348
JPM,2025-01-17,251.53,252.95,244.72,17678101
JPM,2025-01-21,255.29,256.47,251.86,13712114
JPM,2025-01-22,255.1,255.63,252.59,9021914
JPM,2025-01-23,258.12,259,256.04,10749681
JPM,2025-01-24,257.04,259.24,255.27,7666261
JPM,2025-01-27,258.02,258.14,254.54,7522258
JPM,2025-01-28,259.28,259.46,257.03,7375391
JPM,2025-01-29,258.73,262.71,257.79,7684870
JPM,2025-01-30,260.33,261.76,258.77,8753466
JPM,2025-01-31,259.43,262.85,259.1,7196268
JPM,2025-02-03,258.96,260.27,254,8368062
JPM,2025-02-04,260.05,261.9,258.97,5588856
JPM,2025-02-05,262.47,262.67,260.43,5704431
JPM,2025-02-06,268.75,268.83,263.21,7264371
JPM,2025-02-07,267.68,270.35,266.63,6820097
JPM,2025-02-10,263.06,268.05,261.65,8620451
JPM,2025-02-11,266.89,268.09,261.72,7196376
JPM,2025-02-12,267.34,268.31,265.21,6683894
JPM,2025-02-13,268.19,268.82,265.75,8398667
JPM,2025-02-14,268.45,271.01,268.31,5688627
JPM,2025-02-18,271.71,271.73,267.89,7919798
JPM,2025-02-19,271.03,272,269.06,7005204
JPM,2025-02-20,258.95,270.53,257.91,13846671
JPM,2025-02-21,256.46,261.27,255.1,12835566
JPM,2025-02-24,253.65,259.14,251,10372751
JPM,2025-02-25,249.82,255.26,245.89,9608439
JPM,2025-02-26,251.17,253.23,249.37,5943585
JPM,2025-02-27,251.42,255.88,250.27,8204447
JPM,2025-02-28,256.86,257.01,250.3,10467126
JPM,2025-03-03,252.95,258.48,250.23,9058307
JPM,2025-03-04,242.88,249.66,238.71,13465630
JPM,2025-03-05,244.12,245.6,240.53,7861424
JPM,2025-03-06,239.28,242.02,236.67,9983235
JPM,2025-03-07,235.15,239.46,232.37,20498734
JPM,2025-03-10,225.38,230.52,221.96,18887186
JPM,2025-03-11,222.39,226.45,220.02,18142995
JPM,2025-03-12,221.19,227.42,220.57,16054015
JPM,2025-03-13,218.56,222.74,217.63,16467851
JPM,2025-03-14,225.6,226.28,220.88,11962108
JPM,2025-03-17,227.04,228.73,223.67,9586025
JPM,2025-03-18,228.05,229.22,226.65,10344866
JPM,2025-03-19,232.07,235.2,227.97,10120588
JPM,2025-03-20,231.97,234.64,229.25,8328513
JPM,2025-03-21,234.52,235.17,229.54,19326865
JPM,2025-03-24,240.76,241.37,237.21,9422650
JPM,2025-03-25,243.74,244.41,240.33,9287694
JPM,2025-03-26,243.64,247.17,242.43,12785225
JPM,2025-03-27,240.82,243.26,239.9,8022517
JPM,2025-03-28,235.7,242.16,234.01,11978417
JPM,2025-03-31,238.08,238.62,230.38,13602975
JPM,2025-04-01,236.49,238.46,233.79,8054683
JPM,2025-04-02,238.58,239.97,234.35,7758750
JPM,2025-04-03,221.96,228.22,220.61,17188469
JPM,2025-04-04,205.35,212.59,204.03,27170689
JPM,2025-04-07,209.41,216.84,197.42,22914370
JPM,2025-04-08,211.78,222.49,208.25,19483480
JPM,2025-04-09,228.84,231.91,206.05,24020222
JPM,2025-04-10,221.78,224.95,214.94,18896440
JPM,2025-04-11,230.66,232.98,219.72,20284450
JPM,2025-04-14,229.21,234.15,228.15,13017824
JPM,2025-04-15,227.66,233.05,227.36,10912883
JPM,2025-04-16,224.22,228.1,222.58,9322325
JPM,2025-04-17,226.52,228.84,225.14,9557946
JPM,2025-04-21,223.62,226.37,221.03,8716177
JPM,2025-04-22,230.06,230.45,225.94,10701374
JPM,2025-04-23,235.23,241,234.37,14126766
JPM,2025-04-24,238.9,239.71,232.01,9055197
JPM,2025-04-25,237.84,239.86,236.08,8588564
JPM,2025-04-28,237.51,241.05,235.19,7394297
JPM,2025-04-29,238.88,239.5,236.02,7216788
JPM,2025-04-30,238.88,239.47,232.84,12991699
JPM,2025-05-01,241.1,242.62,236.49,8689579
JPM,2025-05-02,246.59,247.67,243.61,7165044
JPM,2025-05-05,246.63,249.17,244.71,5450744
JPM,2025-05-06,243.4,246.72,243.16,6369934
JPM,2025-05-07,243.54,246.53,242.99,8724267
JPM,2025-05-08,247.52,249.88,245.65,8320118
JPM,2025-05-09,247.14,249.52,246.42,5087639
JPM,2025-05-12,253.95,257.42,252.63,9603892
JPM,2025-05-13,256.84,257.48,254.28,8588961
JPM,2025-05-14,259.41,260.38,256.14,8643060
JPM,2025-05-15,261.21,263.2,258.55,9214641
JPM,2025-05-16,261.28,262.16,258.5,8932912
JPM,2025-05-19,258.67,262.02,255.78,12145045
JPM,2025-05-20,259.45,260.4,256.15,8436337
JPM,2025-05-21,254.92,259.42,254.61,7464045
JPM,2025-05-22,254.55,256.15,252.8,6514113
JPM,2025-05-23,254.59,255.84,249.99,6671841
JPM,2025-05-27,259.07,259.08,255.84,7506555
JPM,2025-05-28,257.31,260.46,256.73,5535408
JPM,2025-05-29,258.17,259.18,256.37,5081992
JPM,2025-05-30,257.81,259.1,256.56,10977662
JPM,2025-06-02,258.45,258.81,255.76,6011165
JPM,2025-06-03,260.02,260.33,256.71,6998383
JPM,2025-06-04,258.02,260.85,257.98,5915710
JPM,2025-06-05,255.8,258.53,254.2,8179258
JPM,2025-06-06,259.5,260.39,258.06,7738134
JPM,2025-06-09,260.48,261.61,257.17,8285364
JPM,2025-06-10,262.3,262.59,259.61,7538135
JPM,2025-06-11,261.86,263.29,259.55,7434064
JPM,2025-06-12,261.95,262,258.92,6618026
JPM,2025-06-13,258.73,260.76,256.55,7098251
JPM,2025-06-16,264.02,265.35,260.59,8566019
JPM,2025-06-17,263.2,264.24,261.52,6739262
JPM,2025-06-18,267.53,271.2,263.39,9586440
JPM,2025-06-20,268.55,270.79,267.39,13969674
JPM,2025-06-23,271.74,272.01,265.73,8094559
JPM,2025-06-24,274.66,276.08,272.95,9267941
JPM,2025-06-25,277.4,277.61,274.32,6826901
JPM,2025-06-26,281.98,282.62,277.8,8942062
JPM,2025-06-27,280.37,281.92,278.35,17868633
JPM,2025-06-30,283.11,285.78,282.14,12689156
JPM,2025-07-01,283.6,284.3,279.87,9338260
JPM,2025-07-02,285.15,285.95,282.9,8158692
JPM,2025-07-03,290.45,290.84,285.75,6539713
JPM,2025-07-07,286.49,290.49,284.64,8825732
JPM,2025-07-08,277.48,284.27,275.05,15440856
JPM,2025-07-09,277.85,281.81,277.18,11273801
JPM,2025-07-10,282.78,282.9,277.69,8413847
JPM,2025-07-11,281.48,281.99,278.33,7384674
JPM,2025-07-14,283.28,283.87,279.91,9079941
JPM,2025-07-15,281.18,286.47,280.13,12526110
JPM,2025-07-16,280.46,285.28,277.7,9979326
JPM,2025-07-17,284.46,284.85,278.12,8509504
JPM,2025-07-18,285.81,287.01,282.82,12216783
JPM,2025-07-21,285.51,288.66,285.13,7898141
JPM,2025-07-22,285.96,288.12,283.76,6717461
JPM,2025-07-23,291.19,291.42,287.06,7083510
JPM,2025-07-24,290.99,293.97,290.64,7001242
JPM,2025-07-25,293.02,293.29,290.4,5918875
JPM,2025-07-28,292.69,293.81,291.25,5840417
JPM,2025-07-29,291.47,295.64,290.64,7635719
JPM,2025-07-30,294.01,294.97,291.8,8061741
JPM,2025-07-31,290.68,295.33,289.96,14749652
JPM,2025-08-01,283.94,286.32,278.91,12007111
JPM,2025-08-04,288.74,288.8,284.82,6649542
JPM,2025-08-05,285.9,290.24,281.85,7182333
JPM,2025-08-06,285.89,287.79,284.72,6330155
JPM,2025-08-07,281.56,287.96,281.04,8057109
JPM,2025-08-08,283.34,285.77,279.37,6634506
JPM,2025-08-11,284.13,285.86,283.36,5510113
JPM,2025-08-12,287.36,289.22,284.89,8572034
JPM,2025-08-13,285.08,289.03,281.77,8420407
JPM,2025-08-14,288.64,288.68,284.21,6322381
JPM,2025-08-15,285.04,289.96,284.38,7340518
JPM,2025-08-18,286.06,286.42,283,5386856
JPM,2025-08-19,285.21,286.99,284.1,6031520
JPM,2025-08-20,286.76,287.83,281.88,7374244
JPM,2025-08-21,286,287.27,284.04,6624161
JPM,2025-08-22,290.68,291.59,284.69,8552847
JPM,2025-08-25,289.37,291.77,288.62,5856258
JPM,2025-08-26,292.97,293.14,287.99,6714749
JPM,2025-08-27,293.67,295.42,291.47,6056513
JPM,2025-08-28,295.42,295.59,293.1,6410535
JPM,2025-08-29,295.77,297.27,294.11,6793936
JPM,2025-09-02,294.08,294.82,288.98,7221855
JPM,2025-09-03,293.89,294.93,290.82,6316911
JPM,2025-09-04,298.12,298.72,292.69,6605797
JPM,2025-09-05,288.86,299.43,288.79,9833025
JPM,2025-09-08,287.42,290.9,285.97,8188506
JPM,2025-09-09,292.26,293.39,286.83,7848196
JPM,2025-09-10,294.9,295.88,289.86,7787303
JPM,2025-09-11,299.83,300,295.15,7940167
JPM,2025-09-12,301.15,301.78,298,6846674
JPM,2025-09-15,303.11,304.14,301.41,7122015
JPM,2025-09-16,303.39,305.07,301.37,10525594
JPM,2025-09-17,305.9,307.04,302.98,8657765
JPM,2025-09-18,307.35,307.56,303.8,8050671
JPM,2025-09-19,308.88,309.88,303.32,23568551
JPM,2025-09-22,306.58,307.82,303.75,7520190
JPM,2025-09-23,306.87,310.38,304.75,8584420
JPM,2025-09-24,307.54,310.64,305.82,7310513
JPM,2025-09-25,307.57,309.73,305.95,7083198
JPM,2025-09-26,310.13,311.85,307.82,7258136
JPM,2025-09-29,309.77,312.05,307.78,6462442
JPM,2025-09-30,309.51,311.46,304.29,11823315
JPM,2025-10-01,304.88,308.69,301.64,9235211
JPM,2025-10-02,301.78,304.73,300.4,7599973
JPM,2025-10-03,304.21,305.81,302.43,6029854
JPM,2025-10-06,304.86,307.39,300.86,7214502
JPM,2025-10-07,303.39,305.67,300.44,8454217
JPM,2025-10-08,299.78,304.46,299.3,6489883
JPM,2025-10-09,301.26,303.73,299.15,7060332
JPM,2025-10-10,296.68,306.13,296.6,8597384
JPM,2025-10-13,303.66,305.13,301.18,10788680
JPM,2025-10-14,297.85,302.71,290.1,16178755
JPM,2025-10-15,301.41,307.75,301.17,11354778
JPM,2025-10-16,294.36,304.36,292.92,10549447
JPM,2025-10-17,293.4,295.36,290.09,10153454
JPM,2025-10-20,298.13,299.44,293.99,6894943
JPM,2025-10-21,292.93,299.8,292.85,7372334
JPM,2025-10-22,290,293.89,286.48,8054115
JPM,2025-10-23,290.42,292.22,288.42,5438810
JPM,2025-10-24,296.24,298.37,291.32,7228330
JPM,2025-10-27,299.9,300.27,296.8,5642222
JPM,2025-10-28,301.09,303.66,298.92,6335993
JPM,2025-10-29,301.24,303.93,298.77,7520324
JPM,2025-10-30,305.11,308.24,300.83,7514556
JPM,2025-10-31,306.77,308.49,302.95,7721297
JPM,2025-11-03,305.02,307.95,301.93,7770040
JPM,2025-11-04,304.92,307.85,300.83,7085164
JPM,2025-11-05,307.32,308.72,301.36,6865198
JPM,2025-11-06,309.04,310.44,305.92,7206111
JPM,2025-11-07,309.82,310.03,303.34,7302347
JPM,2025-11-10,312.46,315.09,309.82,5794505
JPM,2025-11-11,311.21,314.59,310.87,5030216
JPM,2025-11-12,315.93,317.74,311.79,10578266
JPM,2025-11-13,305.15,316.15,304.78,8973258
JPM,2025-11-14,299.36,303.34,297.02,10326983
JPM,2025-11-17,296.17,301.32,293.51,8344046
JPM,2025-11-18,295.22,298.71,292.87,8077315
JPM,2025-11-19,299.03,300.19,295.08,5546555
JPM,2025-11-20,294.21,305.59,293.99,7501582
JPM,2025-11-21,293.85,297.46,288.71,11766810
JPM,2025-11-24,293.83,295.63,290.39,10940186
JPM,2025-11-25,298.76,300.24,291.43,8877188
JPM,2025-11-26,303.34,304.21,298.96,7910851
JPM,2025-11-28,308.7,309.33,303.93,4322448
JPM,2025-12-01,304.6,309.65,304.22,7727324
JPM,2025-12-02,303.57,306.14,302.79,7249043
JPM,2025-12-03,307.76,307.99,302.51,8535260
JPM,2025-12-04,311.68,314.04,308.62,9627834
JPM,2025-12-05,310.63,314.03,310.28,6518908
JPM,2025-12-08,310.8,312.04,308.97,7417191
JPM,2025-12-09,296.31,314.34,295.82,18049223
JPM,2025-12-10,305.77,306.84,294.29,18874092
JPM,2025-12-11,312.94,313.55,304.91,9721859
JPM,2025-12-12,314.06,315.79,312.17,8982911
JPM,2025-12-15,315.54,318.36,313.94,10864122
JPM,2025-12-16,311.14,315.05,310,8331336
JPM,2025-12-17,310.57,314.9,310.26,8718653
JPM,2025-12-18,308.62,313.26,307.85,11444909
JPM,2025-12-19,312.77,314.1,308.81,24494412
JPM,2025-12-22,318.57,318.71,313.07,8354588
JPM,2025-12-23,321.37,323.2,318.57,6668305
JPM,2025-12-24,324.57,325.37,320.95,4289306
JPM,2025-12-26,323.32,326.23,321.97,4158293
JPM,2025-12-29,319.22,323.19,319,8635338
JPM,2025-12-30,318.9,320.4,317.98,7904263
JPM,2025-12-31,317.71,320.33,317.54,5048531
JPM,2026-01-02,320.93,321.17,316.25,8054040
JPM,2026-01-05,329.37,332.53,320.64,10747974
JPM,2026-01-06,331.42,332.67,327.5,7660787
JPM,2026-01-07,323.87,328.98,321.5,9815240
JPM,2026-01-08,326.64,328.24,322.54,11737068
JPM,2026-01-09,326.05,328.73,325.04,6738143
JPM,2026-01-12,321.39,322.91,318.17,12805062
JPM,2026-01-13,307.93,323.74,307.61,19371171
JPM,2026-01-14,304.93,308.79,303.2,25951464
JPM,2026-01-15,306.31,309.95,304.81,14751447
JPM,2026-01-16,309.49,314.18,307.04,14652508
JPM,2026-01-20,299.85,308.18,298.98,12900620
JPM,2026-01-21,299.16,302.49,298.28,10270144
JPM,2026-01-22,300.73,305.26,300.01,10535822
JPM,2026-01-23,294.88,299.49,293.68,11107925
JPM,2026-01-26,298.17,298.9,294.61,11752666
JPM,2026-01-27,297.45,299.09,295.31,11527448
JPM,2026-01-28,297.9,299.04,295.21,9556743
JPM,2026-01-29,303.5,303.9,299.33,11579987
JPM,2026-01-30,302.97,304.99,299.67,11953180
JPM,2026-02-02,305.2,306.35,298.5,9839360
JPM,2026-02-03,311.85,313.23,306.15,12687963
JPM,2026-02-04,314.24,316.26,311.41,9848802
JPM,2026-02-05,307.2,313,302.63,9387999
JPM,2026-02-06,319.32,321.15,311.71,17797443
JPM,2026-02-09,319.03,323.29,317.06,11477473
JPM,2026-02-10,315.24,323.01,312.11,9902224
JPM,2026-02-11,307.86,322.18,305.79,8703519
JPM,2026-02-12,299.75,310.62,297.16,13443363
JPM,2026-02-13,299.66,301.39,293.69,9114526
JPM,2026-02-17,304.2,305.3,299.61,8896753
JPM,2026-02-18,305.83,309.3,304.29,7209556
JPM,2026-02-19,305.11,306.23,302.21,6737705
JPM,2026-02-20,307.83,308.03,302.76,7792735
JPM,2026-02-23,294.83,308.03,292.29,12972318
JPM,2026-02-24,294.46,296.89,288.6,13566418
JPM,2026-02-25,300.41,300.76,294.18,8106192
JPM,2026-02-26,303.21,306.06,300.74,7017401
JPM,2026-02-27,297.44,300.06,291.64,18635485
JPM,2026-03-02,294.72,297.12,290.41,8523107
JPM,2026-03-03,297.4,299.51,286.74,10290127
JPM,2026-03-04,296.53,298.13,293,8067296
JPM,2026-03-05,290.75,298.37,289.64,12744296
JPM,2026-03-06,286.72,287.22,281,13509882
JPM,2026-03-09,287.15,288.32,277.77,12256752
JPM,2026-03-10,285.98,289.96,284.44,8357886
JPM,2026-03-11,284.78,287.71,282.14,10216992
JPM,2026-03-12,280.19,281.17,276.44,13775156
JPM,2026-03-13,280.74,284.45,280.25,9102820
JPM,2026-03-16,283.43,286.51,281.9,8160066
JPM,2026-03-17,284.15,288.98,283.22,8969814
JPM,2026-03-18,285,286.64,282.4,10066281
JPM,2026-03-19,285.22,286.75,281.91,9856383
JPM,2026-03-20,283.83,287.94,282.55,22448563
JPM,2026-03-23,287.14,292.93,285.22,11483275
JPM,2026-03-24,289.61,292.66,282.65,11101217
JPM,2026-03-25,292.6,294.8,289.65,12196572
JPM,2026-03-26,288.88,292.18,287.96,8677997
JPM,2026-03-27,280.14,287.34,279.06,9884669
JPM,2026-03-30,281.06,284.51,279.64,11744183
JPM,2026-03-31,291.35,292.26,282.23,12965835
JPM,2026-04-01,292.56,295.87,290.12,11277611
JPM,2026-04-02,291.79,292.8,285.97,6677567
JPM,2026-04-06,294.12,295.5,291.88,7153916
JPM,2026-04-07,296.07,296.84,291.39,7856697
JPM,2026-04-08,306.59,309.86,303.96,10600179
JPM,2026-04-09,308.94,309.86,304.74,6593763
JPM,2026-04-10,308.48,308.96,305.34,6078019
JPM,2026-04-13,312.27,312.33,304.09,8327952
JPM,2026-04-14,309.72,312.91,307.48,11468755
JPM,2026-04-15,304.56,312.83,302.9,9896917
JPM,2026-04-16,308.56,308.56,303.83,8216453
JPM,2026-04-17,308.9,313.49,308.7,11090797
JPM,2026-04-20,315.57,315.71,308.98,10780053
JPM,2026-04-21,311.6,318.8,311.35,7092512
JPM,2026-04-22,311.62,313.74,310.54,5553019
JPM,2026-04-23,310.29,313.58,307.5,6976622
JPM,2026-04-24,306.9,309.75,306.51,5223533
JPM,2026-04-27,310.23,311.18,305.5,7932377
JPM,2026-04-28,310.05,314.04,309.77,7405432
JPM,2026-04-29,307.86,310.65,305.91,8039794
JPM,2026-04-30,311.83,312.69,305.2,8873314
JPM,2026-05-01,311.07,314.66,310.43,6144684
JPM,2026-05-04,306.27,309.26,305.14,7344958
JPM,2026-05-05,308.01,309.58,305.42,6326095
JPM,2026-05-06,313.49,314.84,309.95,8638277
JPM,2026-05-07,304.9,314.88,304.77,8369245
JPM,2026-05-08,300.75,307.6,299.15,9475030
JPM,2026-05-11,298.65,301.83,297.54,9522951
JPM,2026-05-12,303.51,304.69,294.22,9506728
JPM,2026-05-13,298.9,301.64,298.73,7718053
JPM,2026-05-14,298.56,302.39,297.47,7371465
JPM,2026-05-15,296.47,299.44,295.12,8707734
JPM,2026-05-18,299.38,299.91,295.89,7554058
JPM,2026-05-19,294.37,300.44,293.94,8074330
JPM,2026-05-20,300.63,301.57,292.35,9333832
JPM,2026-05-21,301.64,302.61,298.86,7883438
JPM,2026-05-22,305.01,306.07,302.48,5987869
JPM,2026-05-26,305.36,308.54,304.07,7742384
JPM,2026-05-27,297.94,304.53,294.42,11797457
JPM,2026-05-28,295.4,299.72,294.42,9777878
JPM,2026-05-29,297.97,298.54,293.87,13985021
JPM,2026-06-01,295.25,298.21,293.95,7943063
JPM,2026-06-02,299.61,300.72,293.95,8303881
JPM,2026-06-03,299.5,300.61,295.23,7012726
JPM,2026-06-04,309.5,311.51,303.07,10354033
JPM,2026-06-05,310.97,313.59,308.21,9127954
JPM,2026-06-08,309.71,314.88,309.39,6835709
JPM,2026-06-09,311.3,315,307.62,11597245
JPM,2026-06-10,307.75,313.34,307.64,7453278
JPM,2026-06-11,312.08,313.31,307.49,9122677
JPM,2026-06-12,319.28,319.86,314.13,7434998
JPM,2026-06-15,317.97,324.46,317.41,7998067
JPM,2026-06-16,329.65,330.26,322.57,11104605
JPM,2026-06-17,331.96,336.26,330.01,12254447
JPM,2026-06-18,323.76,336.57,322.71,20144117
JPM,2026-06-22,329.99,331.28,325.28,10192244
JPM,2026-06-23,332.64,333.87,325.74,7589394
JPM,2026-06-24,331.95,333.03,328.29,7915758
JPM,2026-06-25,333.62,341.91,333.26,10057014
JPM,2026-06-26,327.57,334.89,326.03,17650174
JPM,2026-06-29,327.91,330.9,325.73,8066371
JPM,2026-06-30,325.86,328.96,325.21,8087932
JPM,2026-07-01,332.57,334.13,323.55,15224753
JPM,2026-07-02,332.97,338.48,330.28,8425701
JPM,2026-07-06,337.72,339.715,334.11,8686612
JPM,2026-07-07,339.22,341.4,337.09,7123976
JPM,2026-07-08,330.62,336.53,330.13,18514002
JPM,2026-07-09,335.47,337,330.8053,15578085
JPM,2026-07-10,336.47,338.5859,335.77,6306341
JPM,2026-07-13,334.53,338.35,332.5001,7131004
JPM,2026-07-14,342.89,344.73,325.75,14547008
JPM,2026-07-15,346.91,351.24,344.05,10758941
JPM,2026-07-16,343.15,349.34,341.11,12440500
JPM,2026-07-17,341.1,346.125,335.05,9259000
JPM,2026-07-20,338.87,344.26,337.37,7732722
JPM,2026-07-21,345.23,345.735,337.3,6022824
JPM,2026-07-22,348.21,349.07,344.2501,8047472
JPM,2026-07-23,349.9,349.92,345.42,10919935
JPM,2026-07-24,353.21,353.37,347.5,7525192
JPM,2026-07-27,356.2,359.05,352.58,7894158
JPM,2026-07-28,357.31,359.3,354.15,6544158
JPM,2026-07-29,344.71,357.37,343.78,8276554
JPM,2026-07-30,350.85,352.28,345.37,7613340
JPM,2026-07-31,351.79,354.47,349.7,6611979
JPM,2026-08-03,352.64,355.62,350.84,6447328
JPM,2026-08-04,357.52,363,353.873,8482476
JPM,2026-08-05,359.24,362.17,358.2,5276650
JPM,2026-08-06,356.3,362.81,354.945,5827259
JPM,2026-08-07,357.52,358.8543,353.33,4574050
JPM,2026-08-10,359.79,359.99,356.5,5336734
JPM,2026-08-11,362.04,363.12,358.6,4583649
JPM,2026-08-12,365.18,366.09,361.3,4374924
JPM,2026-08-13,363.11,366.5,361.52,5110992
JPM,2026-08-14,362.84,365.9,361.45,5065522
JPM,2026-08-17,360.96,365.75,360.96,5291682
JPM,2026-08-18,363.25,363.57,359.27,5528680
JPM,2026-08-19,357.26,363.05,355.645,6703656
JPM,2026-08-20,351.55,357.95,351.55,6808910
JPM,2026-08-21,351.58,356.86,350.3666,8121102
JPM,2026-08-24,356.39,358.28,352.815,4406161
JPM,2026-08-25,356.69,357.37,353.0737,4305860
JPM,2026-08-26,356.5,358.35,354.6001,5809349
JPM,2026-08-27,354.22,357.57,352.225,5221577
JPM,2026-08-28,357.62,358.73,354.22,3922319
JPM,2026-08-31,356.02,357.77,354.7701,7978171
JPM,2026-09-01,354.95,359.93,354.12,5089752
JPM,2026-09-02,356.22,361.47,353.79,5350295
JPM,2026-09-03,362.06,362.85,356.39,5422800
JPM,2026-09-04,358.64,362.86,355.2,4882569
JPM,2026-09-08,353.51,358.55,353.23,5647517
JPM,2026-09-09,354.71,356.33,348.69,6325201
JPM,2026-09-10,353.56,354.22,351.12,4191474
JPM,2026-09-11,356.23,360.05,354.79,5358602
JPM,2026-09-14,350.13,355.28,347.545,9620957
JPM,2026-09-15,352.49,354.7,343.0717,14042413
JPM,2026-09-16,348.92,355.6,344.685,8311854
JPM,2026-09-17,349.31,353.49,345.27,6491729
JPM,2026-09-18,349.67,349.67,345.01,18318712
JPM,2026-09-21,352.04,354.5,350.08,6423709
JPM,2026-09-22,340,352.1025,337.3,11496369
JPM,2026-09-23,337.53,341.44,336.981,7084126
JPM,2026-09-24,338.56,339.37,335.28,6947622
JPM,2026-09-25,343.06,343.31,338.64,11468271
JPM,2026-09-28,336.59,342,336.3,10489217
JPM,2026-09-29,334.98,338.75,333.33,7266182
JPM,2026-09-30,330.83,336.34,330.83,9130048
JPM,2026-10-01,333.18,333.58,325.87,8174751
JPM,2026-10-02,332.38,334.845,330,6682280
MSFT,2024-10-01,414.15,421.82,412.3,19092945
MSFT,2024-10-02,410.64,416.24,410.23,16582257
MSFT,2024-10-03,410.06,413.03,407.85,13686421
MSFT,2024-10-04,409.59,413.22,408.52,19190913
MSFT,2024-10-07,403.17,410.62,402.64,20919761
MSFT,2024-10-08,408.26,409.2,401.82,19229261
MSFT,2024-10-09,410.97,413.84,407.86,14974257
MSFT,2024-10-10,409.37,410.86,406.72,13848376
MSFT,2024-10-11,409.85,410.64,406.82,14144944
MSFT,2024-10-14,412.62,417.45,411.03,16653086
MSFT,2024-10-15,412.23,415.91,408.8,18900201
MSFT,2024-10-16,409.65,409.89,404.1,15508932
MSFT,2024-10-17,410.24,415.93,409.13,14820004
MSFT,2024-10-18,411.66,413.12,409.79,17145317
MSFT,2024-10-21,412.27,412.44,407.32,14206115
MSFT,2024-10-22,420.86,423.88,411.54,25482197
MSFT,2024-10-23,418,424.38,415.96,19654379
MSFT,2024-10-24,418.12,419.35,415.83,13581631
MSFT,2024-10-25,421.49,425.79,419.93,16899064
MSFT,2024-10-28,419.96,425.22,419.67,14882444
MSFT,2024-10-29,425.23,426.43,419.18,17644080
MSFT,2024-10-30,425.8,431.68,425.38,29749149
MSFT,2024-10-31,400.03,409.69,399.98,53970981
MSFT,2024-11-01,403.99,409.04,401.16,24230442
MSFT,2024-11-04,402.11,404.03,399.26,19672286
MSFT,2024-11-05,405.06,408.45,401.73,17626011
MSFT,2024-11-06,413.65,413.91,404.14,26681842
MSFT,2024-11-07,418.81,420.21,413.35,19901782
MSFT,2024-11-08,415.97,419.87,415.22,16891414
MSFT,2024-11-11,411.51,418.2,409.53,24503321
MSFT,2024-11-12,416.45,417.84,410.71,19401204
MSFT,2024-11-13,418.59,422.65,411.71,21502185
MSFT,2024-11-14,420.25,421.51,413.47,30246881
MSFT,2024-11-15,408.55,416.22,407.21,28247644
MSFT,2024-11-18,409.29,411.9,405.69,24745055
MSFT,2024-11-19,411.29,411.44,405.15,18133529
MSFT,2024-11-20,409.03,410.8,404.19,19325534
MSFT,2024-11-21,407.26,414.08,404.72,20780162
MSFT,2024-11-22,411.34,411.73,405.48,24814626
MSFT,2024-11-25,413.1,415.36,409.22,27691090
MSFT,2024-11-26,422.18,423.21,413.16,23458889
MSFT,2024-11-27,417.25,421.43,416.29,18332444
MSFT,2024-11-29,417.71,419.11,412.13,16271921
MSFT,2024-12-02,425.13,427.12,415.59,20207223
MSFT,2024-12-03,425.34,426.6,421.93,18301987
MSFT,2024-12-04,431.48,433.7,426.75,26009429
MSFT,2024-12-05,436.61,438.62,430.25,21697775
MSFT,2024-12-06,437.55,440.04,435.77,18821002
MSFT,2024-12-09,439.96,442.24,434.52,19144388
MSFT,2024-12-10,437.31,443.51,435.6,18469459
MSFT,2024-12-11,442.89,444.23,438.02,19200208
MSFT,2024-12-12,443.45,449.97,443.01,20834779
MSFT,2024-12-13,441.2,445.3,439.53,20177833
MSFT,2024-12-16,445.46,446.04,439.23,23598834
MSFT,2024-12-17,448.29,449.11,443.46,22733494
MSFT,2024-12-18,431.45,446.5,431.08,24444545
MSFT,2024-12-19,431.09,437.16,430.39,22963681
MSFT,2024-12-20,430.67,437.71,422.81,64263694
MSFT,2024-12-23,429.34,431.71,426.95,19152519
MSFT,2024-12-24,433.36,433.63,428.29,7164543
MSFT,2024-12-26,432.16,434.95,430.7,8199927
MSFT,2024-12-27,424.68,429.31,420.56,18117713
MSFT,2024-12-30,419.06,421.74,416.17,13158703
MSFT,2024-12-31,415.78,420.93,414.95,13246509
MSFT,2025-01-02,412.9,420.28,409.22,16896469
MSFT,2025-01-03,417.6,418.27,413.84,16662943
MSFT,2025-01-06,422.04,428.42,419.7,20573648
MSFT,2025-01-07,416.63,424.8,415.09,18139065
MSFT,2025-01-08,418.79,421.17,415.82,15054575
MSFT,2025-01-10,413.26,418.94,409.38,20201132
MSFT,2025-01-13,411.52,412.82,406.69,17604780
MSFT,2025-01-14,410.02,414.04,405.14,16935857
MSFT,2025-01-15,420.52,422.34,412.58,19637838
MSFT,2025-01-16,418.81,423.66,418.63,15300023
MSFT,2025-01-17,423.2,428.58,422.36,26197507
MSFT,2025-01-21,422.68,425.05,419.82,26085703
MSFT,2025-01-22,440.14,441.2,430.08,27803811
MSFT,2025-01-23,440.64,440.68,435.51,18389270
MSFT,2025-01-24,438.03,440.58,435.41,15549453
MSFT,2025-01-27,428.66,429.29,417.75,35647805
MSFT,2025-01-28,441.13,442.29,425.52,23491703
MSFT,2025-01-29,436.32,440.81,434.42,23581370
MSFT,2025-01-30,409.35,417.12,407.55,54586260
MSFT,2025-01-31,409.42,414.98,409.28,34223388
MSFT,2025-02-03,405.34,409.77,403.11,25649334
MSFT,2025-02-04,406.77,408.3,404.18,20384293
MSFT,2025-02-05,407.68,408.21,404.83,16336188
MSFT,2025-02-06,410.17,412.52,408.38,16309755
MSFT,2025-02-07,404.19,412.96,402.56,22761117
MSFT,2025-02-10,406.62,409.82,405.34,20806118
MSFT,2025-02-11,405.85,406.89,403.74,18140592
MSFT,2025-02-12,403.48,405.17,398.88,19121734
MSFT,2025-02-13,404.96,405.42,400.84,23891731
MSFT,2025-02-14,402.88,403.36,400.37,22758464
MSFT,2025-02-18,404.08,405.02,400.98,21423051
MSFT,2025-02-19,409.14,409.85,402.11,24099715
MSFT,2025-02-20,411.3,414.44,407.75,23508728
MSFT,2025-02-21,403.47,413.2,403.16,27524799
MSFT,2025-02-24,399.31,404.62,394.69,26443656
MSFT,2025-02-25,393.28,397.25,392.1,29387402
MSFT,2025-02-26,395.09,398.92,389.67,19618954
MSFT,2025-02-27,387.98,401.03,387.62,21127406
MSFT,2025-02-28,392.38,393.02,382.08,32845658
MSFT,2025-03-03,383.98,394.19,381.67,23007726
MSFT,2025-03-04,384.1,388.02,376.58,29342923
MSFT,2025-03-05,396.37,397.01,384.3,23433132
MSFT,2025-03-06,392.28,397.48,388.12,23304625
MSFT,2025-03-07,388.75,390.22,381.07,22034087
MSFT,2025-03-10,375.75,381.92,372.84,32840134
MSFT,2025-03-11,376.04,381.52,372.54,30380177
MSFT,2025-03-12,378.82,380.75,374.55,24253567
MSFT,2025-03-13,374.38,380.85,373.07,20473017
MSFT,2025-03-14,384.05,385.7,375.11,19952846
MSFT,2025-03-17,384.19,388.15,381.1,22474272
MSFT,2025-03-18,379.07,382.88,376.68,19486850
MSFT,2025-03-19,383.32,385.16,379.54,19185532
MSFT,2025-03-20,382.35,387.24,378.83,18470542
MSFT,2025-03-21,386.72,387.19,378.36,39675928
MSFT,2025-03-24,388.52,390.81,385.29,21004548
MSFT,2025-03-25,390.57,391.76,388.08,15774968
MSFT,2025-03-26,385.45,390.72,384.06,16132906
MSFT,2025-03-27,386.05,387.69,382.9,13766761
MSFT,2025-03-28,374.4,384.61,372.56,21632016
MSFT,2025-03-31,371.03,372.69,362.98,35184173
MSFT,2025-04-01,377.76,378.41,368.9,19689503
MSFT,2025-04-02,377.71,380.61,372.25,16092555
MSFT,2025-04-03,368.78,373.1,365.06,30197957
MSFT,2025-04-04,355.66,370.24,355.31,49209110
MSFT,2025-04-07,353.71,366.7,340.79,50424998
MSFT,2025-04-08,350.45,369.31,346.19,35866421
MSFT,2025-04-09,385.96,388.66,349,50194732
MSFT,2025-04-10,376.93,379.45,363.53,38024368
MSFT,2025-04-11,383.94,385.52,374.49,23839220
MSFT,2025-04-14,383.31,390.07,379.75,19251172
MSFT,2025-04-15,381.25,387.34,379.7,17199890
MSFT,2025-04-16,367.3,377.18,363.73,21967826
MSFT,2025-04-17,363.51,369.98,362.63,21120167
MSFT,2025-04-21,354.95,360.25,351.54,20807279
MSFT,2025-04-22,362.56,363.5,355.68,19484845
MSFT,2025-04-23,370.05,375.98,368.69,20545526
MSFT,2025-04-24,382.81,383.94,370.84,22232289
MSFT,2025-04-25,387.3,387.61,380.14,18973165
MSFT,2025-04-28,386.62,388.18,382.15,16579430
MSFT,2025-04-29,389.47,390.52,385.85,14973976
MSFT,2025-04-30,390.67,392.06,379.98,36461075
MSFT,2025-05-01,420.46,431.92,419.97,58938100
MSFT,2025-05-02,430.23,434.34,425,30757434
MSFT,2025-05-05,431.11,434.4,427.1,20136053
MSFT,2025-05-06,428.28,432.65,426.17,15104204
MSFT,2025-05-07,428.32,433.04,426.11,23307241
MSFT,2025-05-08,433.09,438.52,430.61,23491330
MSFT,2025-05-09,433.64,435.63,430.82,15324233
MSFT,2025-05-12,444.05,444.16,434.68,22821935
MSFT,2025-05-13,443.93,445.44,440.19,23618819
MSFT,2025-05-14,447.68,448.63,442.94,19902796
MSFT,2025-05-15,448.69,451.72,446.02,21992323
MSFT,2025-05-16,449.82,449.91,444.34,23849781
MSFT,2025-05-19,454.38,455.09,446.39,21336509
MSFT,2025-05-20,453.69,453.85,449.87,15441808
MSFT,2025-05-21,448.14,453.3,447.39,19216906
MSFT,2025-05-22,450.41,455.74,449.46,18025612
MSFT,2025-05-23,445.77,449.25,444.52,16883509
MSFT,2025-05-27,456.18,456.44,451.65,20974293
MSFT,2025-05-28,452.88,457.99,452.46,17086261
MSFT,2025-05-29,454.19,457.2,450.85,13982211
MSFT,2025-05-30,455.85,457.16,451.08,34770475
MSFT,2025-06-02,457.45,457.59,452.42,16626495
MSFT,2025-06-03,458.44,459.6,456.35,15743760
MSFT,2025-06-04,459.33,461.13,458.49,14162688
MSFT,2025-06-05,463.1,465.05,459.49,20154460
MSFT,2025-06-06,465.78,468.7,464.19,15285624
MSFT,2025-06-09,468.12,468.8,464.03,16469932
MSFT,2025-06-10,466.31,468.17,462.39,15375944
MSFT,2025-06-11,467.99,470.82,465.06,16399176
MSFT,2025-06-12,474.18,475.71,468.89,18950582
MSFT,2025-06-13,470.31,474.49,468.13,16814456
MSFT,2025-06-16,474.45,475.99,470.35,15626104
MSFT,2025-06-17,473.36,474.05,469.44,15414128
MSFT,2025-06-18,475.54,476.29,469.82,17526452
MSFT,2025-06-20,472.73,478.73,472.2,37576206
MSFT,2025-06-23,481.24,482.98,467.88,24863952
MSFT,2025-06-24,485.31,487.03,482.03,22305642
MSFT,2025-06-25,487.45,489.71,484.6,17495099
MSFT,2025-06-26,492.58,493.16,487.99,21578853
MSFT,2025-06-27,491.09,494.41,488.2,34539236
MSFT,2025-06-30,492.54,495.86,490.48,28368991
MSFT,2025-07-01,487.23,493.17,486.17,19945375
MSFT,2025-07-02,486.28,488.67,483.92,16319641
MSFT,2025-07-03,493.96,495.23,488.61,13984829
MSFT,2025-07-07,492.85,493.87,490.38,13981605
MSFT,2025-07-08,491.76,493.32,489.27,11846586
MSFT,2025-07-09,498.58,501.82,494.85,18659538
MSFT,2025-07-10,496.57,499.5,492.88,16498740
MSFT,2025-07-11,498.39,500.09,492.92,16459512
MSFT,2025-07-14,498.1,499.04,496.13,12058848
MSFT,2025-07-15,500.87,503.32,497.87,14927202
MSFT,2025-07-16,500.67,501.76,496.98,15150860
MSFT,2025-07-17,506.69,508.34,500.67,17503129
MSFT,2025-07-18,505.06,509.6,502.46,21209353
MSFT,2025-07-21,505.07,507.08,500.6,14066805
MSFT,2025-07-22,500.32,506.2,500.32,13868644
MSFT,2025-07-23,500.92,501.83,495.8,16404085
MSFT,2025-07-24,505.88,508.64,502.33,16107000
MSFT,2025-07-25,508.68,513.22,505.36,19125699
MSFT,2025-07-28,507.48,509.96,505.13,14308027
MSFT,2025-07-29,507.55,512.55,506.55,16469235
MSFT,2025-07-30,508.22,510.9,504.45,26379810
MSFT,2025-07-31,528.28,550.01,526.69,51617326
MSFT,2025-08-01,518.98,530.56,515.76,28977628
MSFT,2025-08-04,530.4,532.98,522.96,25349004
MSFT,2025-08-05,522.58,532.04,522.08,19171569
MSFT,2025-08-06,519.8,526.5,518.9,21355702
MSFT,2025-08-07,515.74,522.92,512.49,16079144
MSFT,2025-08-08,516.93,519.52,514.33,15531009
MSFT,2025-08-11,516.66,522.43,514.63,20194372
MSFT,2025-08-12,524.06,525.78,517.58,18688921
MSFT,2025-08-13,515.48,527.49,514.29,19619160
MSFT,2025-08-14,517.37,520.8,515.05,20269074
MSFT,2025-08-15,515.08,520.95,514,25213272
MSFT,2025-08-18,512.04,517.7,508.99,23760583
MSFT,2025-08-19,504.78,510.12,503.57,21481016
MSFT,2025-08-20,500.77,506,499.5,27723025
MSFT,2025-08-21,500.13,503.49,498.62,18443254
MSFT,2025-08-22,503.09,506.56,498.31,24324161
MSFT,2025-08-25,500.14,504.04,500.01,21638579
MSFT,2025-08-26,497.94,500.86,494.44,30835709
MSFT,2025-08-27,502.6,503.15,495.82,17277893
MSFT,2025-08-28,505.48,506.92,501.37,18015593
MSFT,2025-08-29,502.56,505.44,500.37,20951430
MSFT,2025-09-02,501,501.87,492.76,18127995
MSFT,2025-09-03,501.23,503.65,498.22,16345078
MSFT,2025-09-04,503.82,504,499.04,15509486
MSFT,2025-09-05,490.96,507.79,488.35,31971146
MSFT,2025-09-08,494.13,497.1,490.99,16771015
MSFT,2025-09-09,494.34,498.15,493.64,14410542
MSFT,2025-09-10,496.29,499.12,492.67,21611816
MSFT,2025-09-11,496.92,499.06,493.82,18875521
MSFT,2025-09-12,505.74,508.37,499.74,23624884
MSFT,2025-09-15,511.15,511.26,502.86,17143786
MSFT,2025-09-16,504.89,513.01,504.45,19711922
MSFT,2025-09-17,505.86,507.12,501.8,15816585
MSFT,2025-09-18,504.3,508.88,503.52,18913695
MSFT,2025-09-19,513.7,515.06,506.15,52474093
MSFT,2025-09-22,510.25,513.51,508.36,20009314
MSFT,2025-09-23,505.07,510.39,503.17,19799580
MSFT,2025-09-24,505.99,508.3,502.78,13533711
MSFT,2025-09-25,502.89,505.85,500.92,15786468
MSFT,2025-09-26,507.29,509.75,502.49,16213129
MSFT,2025-09-29,510.4,512.63,504.73,17617775
MSFT,2025-09-30,513.72,513.93,505.5,19728229
MSFT,2025-10-01,515.47,516.26,507.51,22632336
MSFT,2025-10-02,511.53,517.34,506.51,21222886
MSFT,2025-10-03,513.13,516.24,510.8,15112321
MSFT,2025-10-06,524.26,526.7,513.97,21388581
MSFT,2025-10-07,519.7,525.48,517.18,14615208
MSFT,2025-10-08,520.57,522.65,518.82,13363447
MSFT,2025-10-09,518.14,520.05,513.18,18343602
MSFT,2025-10-10,506.79,519.31,505.47,24133840
MSFT,2025-10-13,509.86,512.2,507.5,14284238
MSFT,2025-10-14,509.38,511.08,501.87,14684300
MSFT,2025-10-15,509.24,512.97,505.84,14694654
MSFT,2025-10-16,507.43,512.63,503.98,15559565
MSFT,2025-10-17,509.39,511.27,503.17,19867765
MSFT,2025-10-20,512.57,514.47,509.24,14665620
MSFT,2025-10-21,513.44,514.46,508.85,15585986
MSFT,2025-10-22,516.29,520.94,513.49,18962694
MSFT,2025-10-23,516.31,519.67,514.38,14023532
MSFT,2025-10-24,519.34,521.06,516.46,15532260
MSFT,2025-10-27,527.18,530.22,524.69,18734716
MSFT,2025-10-28,537.65,549.2,536.36,29986683
MSFT,2025-10-29,537.13,541.81,532.35,36023004
MSFT,2025-10-30,521.47,530.6,517.86,41023088
MSFT,2025-10-31,513.58,525,510.9,34006324
MSFT,2025-11-03,512.81,520.68,510.39,22374742
MSFT,2025-11-04,510.13,511.34,503.7,20958663
MSFT,2025-11-05,503.02,510.63,502.44,23024342
MSFT,2025-11-06,493.04,501.57,491.76,27406496
MSFT,2025-11-07,492.77,495.3,489.22,24019764
MSFT,2025-11-10,501.87,502.71,494.73,26101480
MSFT,2025-11-11,504.53,505.44,498.25,17980020
MSFT,2025-11-12,506.97,507.49,495.05,26574851
MSFT,2025-11-13,499.18,509.31,497.2,25273114
MSFT,2025-11-14,506.02,507.43,493.38,28505746
MSFT,2025-11-17,503.35,507.94,500.79,19092752
MSFT,2025-11-18,489.76,498.88,482.81,33815114
MSFT,2025-11-19,483.14,491.15,478.89,23245314
MSFT,2025-11-20,475.41,490.46,472.5,26802542
MSFT,2025-11-21,469.14,475.9,465.32,31769248
MSFT,2025-11-24,471.01,473.89,465.07,34421046
MSFT,2025-11-25,473.98,476.13,461.96,28019793
MSFT,2025-11-26,482.44,485.23,478.17,25709079
MSFT,2025-11-28,488.91,489.52,483.58,14386730
MSFT,2025-12-01,483.67,486.77,481.59,23963993
MSFT,2025-12-02,486.91,490.39,483.25,19562722
MSFT,2025-12-03,474.72,481.19,472.2,34615102
MSFT,2025-12-04,477.81,478.29,473.49,22318155
MSFT,2025-12-05,480.11,480.35,475.86,22608710
MSFT,2025-12-08,487.92,489.2,481.33,21965900
MSFT,2025-12-09,488.92,489.02,485.42,14696078
MSFT,2025-12-10,475.54,481.2,472.09,35756229
MSFT,2025-12-11,480.42,482.97,472.86,24669180
MSFT,2025-12-12,475.51,479.41,473.34,21248102
MSFT,2025-12-15,471.83,477.69,469.54,23727694
MSFT,2025-12-16,473.39,474.88,467.91,20705560
MSFT,2025-12-17,473.12,476.97,472.01,24527176
MSFT,2025-12-18,480.93,486.51,474.88,28573545
MSFT,2025-12-19,482.86,484.77,479.45,70836105
MSFT,2025-12-22,481.86,485.65,479.65,16963019
MSFT,2025-12-23,483.78,484.75,481.68,14683582
MSFT,2025-12-24,484.94,486.08,481.77,5855880
MSFT,2025-12-26,484.64,485.04,482.9,8842175
MSFT,2025-12-29,484.03,485.27,481.13,10893408
MSFT,2025-12-30,484.41,486.59,482.44,13944512
MSFT,2025-12-31,480.57,485.06,480.25,15601554
MSFT,2026-01-02,469.96,481.6,467.2,25571567
MSFT,2026-01-05,469.87,473.07,466.54,25214240
MSFT,2026-01-06,475.49,475.72,466.79,23037665
MSFT,2026-01-07,480.42,486.61,474.94,25564196
MSFT,2026-01-08,475.1,479.62,472.86,18162616
MSFT,2026-01-09,476.26,476.8,469.22,18491036
MSFT,2026-01-12,474.17,477.96,472.68,23519895
MSFT,2026-01-13,467.7,472.78,463.01,28545800
MSFT,2026-01-14,456.48,465.25,454.29,28184302
MSFT,2026-01-15,453.78,461.32,453.03,23225839
MSFT,2026-01-16,456.96,460.27,453.6,34246650
MSFT,2026-01-20,451.65,453.92,446.45,26129992
MSFT,2026-01-21,441.31,449.84,435.91,37980510
MSFT,2026-01-22,448.3,449.99,441.9,25349378
MSFT,2026-01-23,463.01,468.13,447.69,38000159
MSFT,2026-01-26,467.32,471.26,459.09,29291235
MSFT,2026-01-27,477.55,479.83,470.18,29213923
MSFT,2026-01-28,478.59,480.69,474.99,36875403
MSFT,2026-01-29,430.77,439.71,418.37,128855323
MSFT,2026-01-30,427.58,436.83,423.76,58566819
MSFT,2026-02-02,420.7,428.02,419.59,42219858
MSFT,2026-02-03,408.62,419.39,405.98,61424123
MSFT,2026-02-04,411.58,417.15,406.66,45012374
MSFT,2026-02-05,391.19,405.73,389.85,66289247
MSFT,2026-02-06,398.61,399.26,390.44,53515311
MSFT,2026-02-09,410.99,412.27,398.34,45480526
MSFT,2026-02-10,410.66,421.01,410.1,44857850
MSFT,2026-02-11,401.82,413.83,398.48,42491012
MSFT,2026-02-12,399.31,403.64,395.5,40802362
MSFT,2026-02-13,398.79,402.98,395.54,34091553
MSFT,2026-02-17,394.36,398,392.04,32078794
MSFT,2026-02-18,397.08,400.02,393.82,23223417
MSFT,2026-02-19,396.85,402.8,395.07,28234001
MSFT,2026-02-20,395.63,398.5,393.57,34015249
MSFT,2026-02-23,382.92,393.76,381.55,43419609
MSFT,2026-02-24,387.43,387.79,380.17,34006171
MSFT,2026-02-25,398.98,399.85,388.59,43754824
MSFT,2026-02-26,400.1,405.85,397.13,34521456
MSFT,2026-02-27,391.15,395.22,388.31,51502569
MSFT,2026-03-02,396.94,399.57,389.05,35620360
MSFT,2026-03-03,402.3,405.06,391.09,38300961
MSFT,2026-03-04,403.56,409.37,398.69,35924129
MSFT,2026-03-05,409.02,409.95,402.77,39116910
MSFT,2026-03-06,407.31,411.38,406.86,31238046
MSFT,2026-03-09,407.76,408.55,401.87,30265033
MSFT,2026-03-10,404.12,408.54,401.3,31826533
MSFT,2026-03-11,403.25,407.36,399.97,25624924
MSFT,2026-03-12,400.24,404.48,400.09,27375170
MSFT,2026-03-13,393.95,403.17,392.66,26979085
MSFT,2026-03-16,398.34,399.01,393.2,27867798
MSFT,2026-03-17,397.8,402.77,396.14,26340625
MSFT,2026-03-18,390.21,396.39,389.42,26030520
MSFT,2026-03-19,387.45,390.91,385.5,25258666
MSFT,2026-03-20,380.33,385.44,378.59,50988543
MSFT,2026-03-23,381.45,385.65,380.14,29814227
MSFT,2026-03-24,371.24,380.93,370.35,42877107
MSFT,2026-03-25,369.54,375.54,368.14,31314722
MSFT,2026-03-26,364.49,373.21,363.72,36964300
MSFT,2026-03-27,355.33,360.99,355.07,38024534
MSFT,2026-03-30,357.51,363.89,354.84,44936293
MSFT,2026-03-31,368.68,371.39,361.6,45361220
MSFT,2026-04-01,367.88,372.48,366.71,29540726
MSFT,2026-04-02,371.95,372.13,362.68,24211277
MSFT,2026-04-06,371.38,372.22,368.01,16285404
MSFT,2026-04-07,370.79,370.95,365.08,21559778
MSFT,2026-04-08,372.82,383.45,369.91,33190263
MSFT,2026-04-09,371.56,371.99,365.57,30561509
MSFT,2026-04-10,369.37,374.12,368.54,28234853
MSFT,2026-04-13,382.82,382.99,369.52,35881417
MSFT,2026-04-14,391.52,393.1,384.96,37631062
MSFT,2026-04-15,409.56,412.7,395.13,45199612
MSFT,2026-04-16,418.56,419.12,410.48,41773163
MSFT,2026-04-17,421.08,429.84,418.99,48698767
MSFT,2026-04-20,416.38,421.62,414.62,27651242
MSFT,2026-04-21,422.45,425.46,415.52,32160855
MSFT,2026-04-22,431.17,431.95,421.96,29487791
MSFT,2026-04-23,414.07,421.95,409.75,38443570
MSFT,2026-04-24,422.91,423.23,414.12,27574234
MSFT,2026-04-27,423.11,425.39,415.39,30944981
MSFT,2026-04-28,427.52,428.18,420.2,30547671
MSFT,2026-04-29,422.75,425.1,418.59,38417503
MSFT,2026-04-30,406.13,412.75,396.4,71100440
MSFT,2026-05-01,412.77,415.43,408.78,31496953
MSFT,2026-05-04,411.95,419.08,409.14,28201330
MSFT,2026-05-05,409.72,415.1,407.15,25827827
MSFT,2026-05-06,412.29,416.73,403.47,30410195
MSFT,2026-05-07,419.07,426.25,417.07,35053881
MSFT,2026-05-08,413.44,416.94,412.33,33514909
MSFT,2026-05-11,410.99,411.02,403.86,35810585
MSFT,2026-05-12,406.12,413.82,405,38712358
MSFT,2026-05-13,403.57,404.67,399.41,29791176
MSFT,2026-05-14,407.78,410.18,399.26,27191935
MSFT,2026-05-15,420.22,426.44,411.24,50894890
MSFT,2026-05-18,421.83,423.4,413.93,32694580
MSFT,2026-05-19,415.74,430.95,414.81,33127104
MSFT,2026-05-20,419.36,420.4,409.64,27967811
MSFT,2026-05-21,418.3,425.54,414.93,31497393
MSFT,2026-05-22,417.78,423.6,415.55,22497409
MSFT,2026-05-26,415.25,418.98,412.24,30543249
MSFT,2026-05-27,411.89,415.16,408.81,29016316
MSFT,2026-05-28,426.19,428.68,411.89,47365016
MSFT,2026-05-29,449.39,449.48,431.55,79785342
MSFT,2026-06-01,459.65,465.44,457.41,53791738
MSFT,2026-06-02,440.48,452.65,439.6,37176494
MSFT,2026-06-03,426.54,439.56,423.45,39169217
MSFT,2026-06-04,427.25,435.33,425.61,27008402
MSFT,2026-06-05,415.89,428.66,413.62,34909062
MSFT,2026-06-08,410.97,416.38,407.79,32232845
MSFT,2026-06-09,402.65,411.21,397.73,35429744
MSFT,2026-06-10,396.61,404.28,396.41,32688655
MSFT,2026-06-11,389.61,396.1,383.28,47373780
MSFT,2026-06-12,390.01,391,381.55,35064444
MSFT,2026-06-15,399.01,401,392.11,32408727
MSFT,2026-06-16,393.09,396.09,389.96,31640088
MSFT,2026-06-17,378.2,389.64,376.61,42134703
MSFT,2026-06-18,378.69,380.65,372.58,60011463
MSFT,2026-06-22,366.65,380.91,366.38,45355849
MSFT,2026-06-23,373.24,376.51,369.97,40761158
MSFT,2026-06-24,364.77,378.17,364.09,44626753
MSFT,2026-06-25,352.17,363.55,348.54,66524891
MSFT,2026-06-26,372.27,375.9,354.76,186323287
MSFT,2026-06-29,367.88,379.79,359.22,51373129
MSFT,2026-06-30,372.32,373.45,366.76,45057805
MSFT,2026-07-01,383.56,388.1,374.19,48193078
MSFT,2026-07-02,389.76,391.46,382.98,42309393
MSFT,2026-07-06,386.01,388.42,380.5,34371607
MSFT,2026-07-07,388.11,394.83,387.49,29400251
MSFT,2026-07-08,382.62,384.59,380.61,26011078
MSFT,2026-07-09,383.64,383.93,372.65,31189523
MSFT,2026-07-10,384.38,391.17,380.78,24751747
MSFT,2026-07-13,390.26,392.91,383.43,29033377
MSFT,2026-07-14,384.21,387.46,377.94,27965647
MSFT,2026-07-15,394.89,398.21,385.67,36353771
MSFT,2026-07-16,400.35,405.23,391.31,37146799
MSFT,2026-07-17,393.08,397.64,388.66,33154447
MSFT,2026-07-20,401.53,402.42,388.92,28026099
MSFT,2026-07-21,397,400.72,395.58,24220658
MSFT,2026-07-22,389.61,400.25,386.23,28247761
MSFT,2026-07-23,380.86,391.04,376.68,30457664
MSFT,2026-07-24,380.98,388.3,379.93,27749051
MSFT,2026-07-27,388.37,393.46,387.26,27959501
MSFT,2026-07-28,392.61,399.57,390.56,32449722
MSFT,2026-07-29,389.81,400.5,388.01,47293555
MSFT,2026-07-30,450.25,457.83,431.63,110309993
MSFT,2026-07-31,463.85,465.96,448.49,60947798
MSFT,2026-08-03,486.73,490.73,474.11,66914743
MSFT,2026-08-04,491.88,498.5,478.27,50562740
MSFT,2026-08-05,486.54,497.3,484.77,33482309
MSFT,2026-08-06,498.92,500.61,487.6,36533382
MSFT,2026-08-07,499.05,504.23,497.79,28941691
MSFT,2026-08-10,505.11,512.76,501.33,31321187
MSFT,2026-08-11,502.86,504.38,498.61,23135866
MSFT,2026-08-12,491.5,500.56,490.6,29098570
MSFT,2026-08-13,495.95,500.4,492.08,23122829
MSFT,2026-08-14,494.47,499.07,492.99,16302317
MSFT,2026-08-17,479.45,491.73,477.51,29759152
MSFT,2026-08-18,480.73,483.36,476.25,24169282
MSFT,2026-08-19,483.4,488.38,478.46,20040487
MSFT,2026-08-20,481.15,484.16,479.5,20075763
MSFT,2026-08-21,483.24,486.36,478.53,22593352
MSFT,2026-08-24,487.31,490.605,481.86,17394268
MSFT,2026-08-25,491.71,492.435,484.3,19598590
MSFT,2026-08-26,496.37,497.4,487.31,20840294
MSFT,2026-08-27,505.06,506.48,490.08,28762554
MSFT,2026-08-28,513.53,517.78,504.8675,29287780
MSFT,2026-08-31,507.29,512.19,506.39,27310267
MSFT,2026-09-01,501.02,505.97,496.78,21139733
MSFT,2026-09-02,496.82,500.27,493.81,15420408
MSFT,2026-09-03,510.12,515.65,500.8,24208243
MSFT,2026-09-04,499.7,511,499.36,18183094
MSFT,2026-09-08,493.95,495.19,490.15,19006557
MSFT,2026-09-09,491.65,494.39,489.8,12966134
MSFT,2026-09-10,492.44,494.52,486,16115535
MSFT,2026-09-11,495.63,498.97,492.58,14596999
MSFT,2026-09-14,505.41,509.95,495.3416,23181876
MSFT,2026-09-15,497.12,505.9,495.54,17886302
MSFT,2026-09-16,490.3,495.97,487.23,16743488
MSFT,2026-09-17,497.75,501.47,493.17,17919627
MSFT,2026-09-18,493.78,498.65,491.1,39703813
MSFT,2026-09-21,501.61,501.87,491.33,28056874
MSFT,2026-09-22,498,508.5,493.65,21729713
MSFT,2026-09-23,500.59,509.44,495.88,19510641
MSFT,2026-09-24,497.93,498.9,491.22,16733213
MSFT,2026-09-25,516.17,519.4,497.25,38249633
MSFT,2026-09-28,509.22,513.33,502.22,19718729
MSFT,2026-09-29,508.96,513.64,502.4,21422026
MSFT,2026-09-30,512.9,519.83,510.31,27310846
MSFT,2026-10-01,512.8,522.85,512.17,19820713
MSFT,2026-10-02,517.53,522.5,513.66,17915718
PSQ,2024-10-01,36.63,36.91,36.13,6456651
PSQ,2024-10-02,36.59,36.89,36.44,3210661
PSQ,2024-10-03,36.62,36.81,36.39,3775344
PSQ,2024-10-04,36.2,36.58,36.17,4810577
PSQ,2024-10-07,36.61,36.69,36.28,3708726
PSQ,2024-10-08,36.06,36.47,36,3609288
PSQ,2024-10-09,35.78,36.16,35.74,3422062
PSQ,2024-10-10,35.84,36.06,35.7,3339127
PSQ,2024-10-11,35.82,36.04,35.74,2373042
PSQ,2024-10-14,35.51,35.68,35.42,4818013
PSQ,2024-10-15,36,36.14,35.46,3800291
PSQ,2024-10-16,36,36.23,35.93,2115145
PSQ,2024-10-17,35.97,35.98,35.59,2524805
PSQ,2024-10-18,35.77,35.85,35.68,1921621
PSQ,2024-10-21,35.7,36,35.65,2895162
PSQ,2024-10-22,35.68,35.96,35.57,3181170
PSQ,2024-10-23,36.23,36.47,35.81,3791649
PSQ,2024-10-24,35.95,36.15,35.9,2301790
PSQ,2024-10-25,35.76,35.81,35.4,3271643
PSQ,2024-10-28,35.76,35.78,35.53,3188253
PSQ,2024-10-29,35.42,35.87,35.34,3184314
PSQ,2024-10-30,35.69,35.73,35.42,3496254
PSQ,2024-10-31,36.6,36.6,35.99,5084589
PSQ,2024-11-01,36.37,36.53,36.11,4509628
PSQ,2024-11-04,36.48,36.61,36.23,3326255
PSQ,2024-11-05,36.02,36.37,35.97,3052571
PSQ,2024-11-06,35.03,35.49,34.99,8072868
PSQ,2024-11-07,34.5,34.87,34.45,5033213
PSQ,2024-11-08,34.49,34.6,34.45,3187466
PSQ,2024-11-11,34.52,34.71,34.4,3749480
PSQ,2024-11-12,34.59,34.79,34.47,4425952
PSQ,2024-11-13,34.63,34.79,34.46,3918812
PSQ,2024-11-14,34.9,34.94,34.61,3883316
PSQ,2024-11-15,35.76,35.88,35.29,6788657
PSQ,2024-11-18,35.5,35.73,35.35,1835048
PSQ,2024-11-19,35.25,35.71,35.23,3272584
PSQ,2024-11-20,35.3,35.75,35.28,5040196
PSQ,2024-11-21,35.17,35.69,35.03,5223862
PSQ,2024-11-22,35.13,35.35,35.1,3748520
PSQ,2024-11-25,35.09,35.24,34.75,3745258
PSQ,2024-11-26,34.91,35.05,34.86,3200718
PSQ,2024-11-27,35.2,35.43,35.01,2286370
PSQ,2024-11-29,34.92,35.23,34.88,1304481
PSQ,2024-12-02,34.54,34.85,34.48,2506853
PSQ,2024-12-03,34.44,34.68,34.43,2220404
PSQ,2024-12-04,34.04,34.27,34.02,2882544
PSQ,2024-12-05,34.13,34.15,33.98,2638844
PSQ,2024-12-06,33.85,34.12,33.83,2058080
PSQ,2024-12-09,34.13,34.2,33.87,2263083
PSQ,2024-12-10,34.26,34.33,33.94,2528185
PSQ,2024-12-11,33.63,33.99,33.6,2908477
PSQ,2024-12-12,33.87,33.89,33.71,1389557
PSQ,2024-12-13,33.63,33.84,33.46,2754968
PSQ,2024-12-16,33.15,33.48,33.09,3003194
PSQ,2024-12-17,33.29,33.4,33.2,2248633
PSQ,2024-12-18,34.5,34.59,33.24,4873927
PSQ,2024-12-19,34.68,34.69,34.16,6093016
PSQ,2024-12-20,34.37,35.02,33.99,5729856
PSQ,2024-12-23,34.07,34.51,34.04,2649277
PSQ,2024-12-24,33.63,33.99,33.63,1854068
PSQ,2024-12-26,33.66,33.87,33.55,2687047
PSQ,2024-12-27,34.13,34.43,33.88,4897384
PSQ,2024-12-30,34.6,34.83,34.34,4876429
PSQ,2024-12-31,34.9,34.95,34.47,6049292
PSQ,2025-01-02,34.98,35.28,34.54,5906447
PSQ,2025-01-03,34.43,34.83,34.35,4650877
PSQ,2025-01-06,34.03,34.2,33.81,6344644
PSQ,2025-01-07,34.65,34.77,33.95,6924768
PSQ,2025-01-08,34.64,34.97,34.54,4759421
PSQ,2025-01-10,35.21,35.44,34.92,4996237
PSQ,2025-01-13,35.34,35.75,35.31,3883982
PSQ,2025-01-14,35.38,35.62,35.03,3872689
PSQ,2025-01-15,34.59,34.93,34.5,3500290
PSQ,2025-01-16,34.82,34.83,34.43,3108652
PSQ,2025-01-17,34.26,34.45,34.15,2589301
PSQ,2025-01-21,34.07,34.39,33.99,1962917
PSQ,2025-01-22,33.64,33.79,33.5,2018788
PSQ,2025-01-23,33.57,33.84,33.57,2251047
PSQ,2025-01-24,33.8,33.88,33.53,1582231
PSQ,2025-01-27,34.79,35.05,34.36,6104645
PSQ,2025-01-28,34.27,34.95,34.19,3117315
PSQ,2025-01-29,34.34,34.61,34.23,3829350
PSQ,2025-01-30,34.2,34.52,34.01,3491201
PSQ,2025-01-31,34.28,34.34,33.67,4984272
PSQ,2025-02-03,34.55,35.02,34.37,7072573
PSQ,2025-02-04,34.13,34.55,34.1,4054487
PSQ,2025-02-05,34,34.39,33.98,2551739
PSQ,2025-02-06,33.81,34.07,33.81,2875295
PSQ,2025-02-07,34.27,34.32,33.69,4748530
PSQ,2025-02-10,33.87,34.02,33.8,3506175
PSQ,2025-02-11,33.95,34.09,33.83,2062841
PSQ,2025-02-12,33.94,34.35,33.88,2830750
PSQ,2025-02-13,33.45,33.88,33.43,4299755
PSQ,2025-02-14,33.35,33.49,33.3,3268277
PSQ,2025-02-18,33.27,33.48,33.24,3353976
PSQ,2025-02-19,33.28,33.46,33.19,3490347
PSQ,2025-02-20,33.42,33.71,33.31,3055608
PSQ,2025-02-21,34.14,34.16,33.37,5350520
PSQ,2025-02-24,34.55,34.56,33.95,5507333
PSQ,2025-02-25,34.99,35.24,34.6,6628263
PSQ,2025-02-26,34.92,35.12,34.56,4858539
PSQ,2025-02-27,35.89,35.9,34.61,7850276
PSQ,2025-02-28,35.34,36.16,35.3,8082388
PSQ,2025-03-03,36.1,36.36,35.01,8894108
PSQ,2025-03-04,36.25,36.81,35.65,8702772
PSQ,2025-03-05,35.77,36.56,35.66,12688621
PSQ,2025-03-06,36.76,36.91,36.03,7080869
PSQ,2025-03-07,36.52,37.36,36.42,9135460
PSQ,2025-03-10,37.91,38.25,37.11,7278262
PSQ,2025-03-11,38.04,38.41,37.47,8944889
PSQ,2025-03-12,37.61,38.03,37.29,8362124
PSQ,2025-03-13,38.3,38.47,37.68,6771563
PSQ,2025-03-14,37.41,37.94,37.34,4953784
PSQ,2025-03-17,37.16,37.56,36.93,4161834
PSQ,2025-03-18,37.81,37.98,37.43,4798771
PSQ,2025-03-19,37.33,37.8,36.97,4084920
PSQ,2025-03-20,37.45,37.69,37.04,3780591
PSQ,2025-03-21,37.32,37.97,37.29,3907317
PSQ,2025-03-24,36.56,36.82,36.47,5062258
PSQ,2025-03-25,36.35,36.57,36.33,2716338
PSQ,2025-03-26,37.01,37.13,36.38,4658942
PSQ,2025-03-27,37.24,37.34,36.87,5278116
PSQ,2025-03-28,38.24,38.31,37.35,5761917
PSQ,2025-03-31,38.25,39.2,38.18,6286069
PSQ,2025-04-01,37.95,38.63,37.88,7457218
PSQ,2025-04-02,37.67,38.51,37.41,6118522
PSQ,2025-04-03,39.7,39.74,38.97,8335960
PSQ,2025-04-04,42.15,42.16,40.64,14763221
PSQ,2025-04-07,42.1,44.22,40.2,16306018
PSQ,2025-04-08,42.88,43.49,40.2,15294402
PSQ,2025-04-09,37.82,42.95,37.56,20492178
PSQ,2025-04-10,39.35,40.44,38.6,12216663
PSQ,2025-04-11,38.67,39.8,38.55,9506840
PSQ,2025-04-14,38.41,38.81,37.77,7148198
PSQ,2025-04-15,38.37,38.51,38,5204744
PSQ,2025-04-16,39.53,40.07,38.83,6489726
PSQ,2025-04-17,39.57,39.81,39.25,6084361
PSQ,2025-04-21,40.54,41.02,40.03,5642418
PSQ,2025-04-22,39.51,40.15,39.22,5338504
PSQ,2025-04-23,38.64,38.76,37.84,7469357
PSQ,2025-04-24,37.55,38.51,37.52,6052666
PSQ,2025-04-25,37.15,37.72,37.1,4860146
PSQ,2025-04-28,37.15,37.66,36.98,4145787
PSQ,2025-04-29,36.93,37.39,36.85,3247238
PSQ,2025-04-30,36.94,37.94,36.81,6240775
PSQ,2025-05-01,36.49,36.53,36.03,5750714
PSQ,2025-05-02,35.95,36.24,35.79,5758575
PSQ,2025-05-05,36.17,36.29,35.94,2235180
PSQ,2025-05-06,36.5,36.76,36.25,4253571
PSQ,2025-05-07,36.36,36.87,36.19,4884620
PSQ,2025-05-08,36.01,36.31,35.68,4610697
PSQ,2025-05-09,36.04,36.18,35.8,3643287
PSQ,2025-05-12,34.6,35.05,34.59,6704094
PSQ,2025-05-13,34.07,34.56,33.95,5053151
PSQ,2025-05-14,33.88,34.07,33.84,4296165
PSQ,2025-05-15,33.85,34.11,33.67,3859322
PSQ,2025-05-16,33.72,34,33.71,2230633
PSQ,2025-05-19,33.7,34.19,33.66,3103824
PSQ,2025-05-20,33.82,34.05,33.77,2291454
PSQ,2025-05-21,34.29,34.4,33.65,5343650
PSQ,2025-05-22,34.23,34.34,33.99,4785795
PSQ,2025-05-23,34.57,34.82,34.41,5980111
PSQ,2025-05-27,33.78,34.23,33.74,4292659
PSQ,2025-05-28,33.92,33.96,33.62,3993614
PSQ,2025-05-29,33.88,34.04,33.44,4893687
PSQ,2025-05-30,33.94,34.41,33.85,7487601
PSQ,2025-06-02,33.68,34.15,33.68,4084803
PSQ,2025-06-03,33.42,33.72,33.34,3683938
PSQ,2025-06-04,33.34,33.52,33.28,2187738
PSQ,2025-06-05,33.61,33.73,33.08,6717670
PSQ,2025-06-06,33.29,33.41,33.17,4177486
PSQ,2025-06-09,33.25,33.35,33.15,2386157
PSQ,2025-06-10,33.03,33.37,32.99,2882154
PSQ,2025-06-11,33.16,33.29,32.89,4289302
PSQ,2025-06-12,33.1,33.26,33.03,4171806
PSQ,2025-06-13,33.53,33.6,33.22,8723517
PSQ,2025-06-16,33.06,33.31,32.99,5692267
PSQ,2025-06-17,33.41,33.46,33.13,4893892
PSQ,2025-06-18,33.42,33.51,33.19,3316618
PSQ,2025-06-20,33.59,33.7,33.15,5303784
PSQ,2025-06-23,33.23,33.74,33.2,7162755
PSQ,2025-06-24,32.73,32.95,32.68,4390011
PSQ,2025-06-25,32.65,32.76,32.52,3100034
PSQ,2025-06-26,32.35,32.64,32.32,3799120
PSQ,2025-06-27,32.25,32.47,32.16,4038295
PSQ,2025-06-30,32.05,32.22,31.99,3192470
PSQ,2025-07-01,32.34,32.47,32.12,3678537
PSQ,2025-07-02,32.1,32.4,32.1,4516466
PSQ,2025-07-03,31.82,32,31.76,3176772
PSQ,2025-07-07,32.07,32.22,31.94,4113340
PSQ,2025-07-08,32.07,32.14,31.97,3850582
PSQ,2025-07-09,31.84,32.03,31.76,4253374
PSQ,2025-07-10,31.88,32.05,31.8,4396932
PSQ,2025-07-11,31.99,32.11,31.89,5410598
PSQ,2025-07-14,31.87,32.14,31.84,3724297
PSQ,2025-07-15,31.85,31.86,31.63,4818822
PSQ,2025-07-16,31.82,32.16,31.79,6426932
PSQ,2025-07-17,31.56,31.84,31.55,3531525
PSQ,2025-07-18,31.63,31.7,31.52,5111143
PSQ,2025-07-21,31.47,31.6,31.37,3319917
PSQ,2025-07-22,31.64,31.79,31.47,3812253
PSQ,2025-07-23,31.51,31.75,31.5,5357086
PSQ,2025-07-24,31.44,31.54,31.37,3053529
PSQ,2025-07-25,31.39,31.5,31.31,5312088
PSQ,2025-07-28,31.3,31.37,31.25,4670651
PSQ,2025-07-29,31.36,31.39,31.08,7074177
PSQ,2025-07-30,31.31,31.48,31.17,5512319
PSQ,2025-07-31,31.49,31.55,30.96,6510127
PSQ,2025-08-01,32.13,32.27,31.85,9884442
PSQ,2025-08-04,31.55,31.84,31.53,4870438
PSQ,2025-08-05,31.77,31.8,31.42,5930997
PSQ,2025-08-06,31.38,31.75,31.35,3820357
PSQ,2025-08-07,31.28,31.5,31.05,3674495
PSQ,2025-08-08,31.02,31.24,31,3466537
PSQ,2025-08-11,31.11,31.17,30.89,3538008
PSQ,2025-08-12,30.71,31.13,30.7,4313692
PSQ,2025-08-13,30.7,30.78,30.55,3699588
PSQ,2025-08-14,30.75,30.84,30.64,3038171
PSQ,2025-08-15,30.9,30.99,30.76,4434634
PSQ,2025-08-18,30.91,31.02,30.88,2458392
PSQ,2025-08-19,31.34,31.4,30.95,4086525
PSQ,2025-08-20,31.53,31.92,31.4,5218960
PSQ,2025-08-21,31.68,31.82,31.5,4119063
PSQ,2025-08-22,31.21,31.7,31.1,5339717
PSQ,2025-08-25,31.3,31.37,31.15,3844967
PSQ,2025-08-26,31.19,31.4,31.18,3055682
PSQ,2025-08-27,31.15,31.32,31.1,3317978
PSQ,2025-08-28,30.96,31.22,30.91,5182186
PSQ,2025-08-29,31.35,31.44,31.1,4836179
PSQ,2025-09-02,31.62,31.95,31.6,5551033
PSQ,2025-09-03,31.39,31.57,31.28,4257535
PSQ,2025-09-04,31.09,31.44,31.08,3998414
PSQ,2025-09-05,31.08,31.32,30.81,5340090
PSQ,2025-09-08,30.93,30.99,30.83,3394721
PSQ,2025-09-09,30.85,31.04,30.83,3079069
PSQ,2025-09-10,30.85,30.96,30.68,4644716
PSQ,2025-09-11,30.67,30.81,30.63,3367586
PSQ,2025-09-12,30.55,30.69,30.5,2865568
PSQ,2025-09-15,30.31,30.48,30.3,3052552
PSQ,2025-09-16,30.34,30.37,30.25,2809838
PSQ,2025-09-17,30.42,30.69,30.31,5670089
PSQ,2025-09-18,30.14,30.25,29.99,4867498
PSQ,2025-09-19,29.94,30.12,29.91,4879795
PSQ,2025-09-22,29.78,30,29.75,4216151
PSQ,2025-09-23,29.99,30.04,29.76,6141954
PSQ,2025-09-24,30.08,30.23,29.9,5719013
PSQ,2025-09-25,30.22,30.48,30.15,7511819
PSQ,2025-09-26,30.11,30.36,30.1,5328697
PSQ,2025-09-29,29.98,30.05,29.81,6229175
PSQ,2025-09-30,29.9,30.13,29.89,7581761
PSQ,2025-10-01,29.77,30.11,29.75,5891051
PSQ,2025-10-02,29.65,29.79,29.58,6726016
PSQ,2025-10-03,29.8,29.89,29.6,7415899
PSQ,2025-10-06,29.58,29.66,29.5,7287123
PSQ,2025-10-07,29.74,29.81,29.49,6644199
PSQ,2025-10-08,29.4,29.71,29.39,4931575
PSQ,2025-10-09,29.45,29.6,29.41,7396537
PSQ,2025-10-10,30.5,30.51,29.35,18972757
PSQ,2025-10-13,29.84,30.08,29.79,11144922
PSQ,2025-10-14,30.05,30.44,29.82,10788016
PSQ,2025-10-15,29.84,30.15,29.62,9792706
PSQ,2025-10-16,29.95,30.18,29.54,12351188
PSQ,2025-10-17,29.78,30.16,29.7,11010156
PSQ,2025-10-20,29.4,29.63,29.34,6735664
PSQ,2025-10-21,29.42,29.52,29.35,6736505
PSQ,2025-10-22,29.72,30,29.43,11786367
PSQ,2025-10-23,29.46,29.75,29.43,6726551
PSQ,2025-10-24,29.17,29.26,29.1,7901241
PSQ,2025-10-27,28.65,28.85,28.63,5853153
PSQ,2025-10-28,28.44,28.61,28.36,7115123
PSQ,2025-10-29,28.31,28.56,28.26,8280518
PSQ,2025-10-30,28.76,28.76,28.43,7729398
PSQ,2025-10-31,28.63,28.75,28.4,8821756
PSQ,2025-11-03,28.5,28.61,28.33,8772225
PSQ,2025-11-04,29.09,29.13,28.74,12273959
PSQ,2025-11-05,28.9,29.19,28.75,7375863
PSQ,2025-11-06,29.45,29.51,28.97,10598065
PSQ,2025-11-07,29.55,30.09,29.55,16486248
PSQ,2025-11-10,28.93,29.22,28.86,10473126
PSQ,2025-11-11,29,29.18,28.95,8670158
PSQ,2025-11-12,29.01,29.17,28.84,8956750
PSQ,2025-11-13,29.62,29.73,29.17,8248862
PSQ,2025-11-14,29.62,30.19,29.4,13860248
PSQ,2025-11-17,29.88,30.06,29.44,10174443
PSQ,2025-11-18,30.24,30.49,29.95,13469591
PSQ,2025-11-19,30.07,30.33,29.75,11382046
PSQ,2025-11-20,30.79,30.84,29.36,14104991
PSQ,2025-11-21,30.58,31.06,30.21,13320487
PSQ,2025-11-24,29.79,30.31,29.72,8978228
PSQ,2025-11-25,29.61,30.18,29.55,14874653
PSQ,2025-11-26,29.36,29.55,29.27,9875237
PSQ,2025-11-28,29.15,29.33,29.14,3992368
PSQ,2025-12-01,29.26,29.47,29.14,6568077
PSQ,2025-12-02,29.02,29.24,28.94,8818156
PSQ,2025-12-03,28.97,29.22,28.93,6081165
PSQ,2025-12-04,29,29.15,28.9,7004326
PSQ,2025-12-05,28.89,28.97,28.73,7899631
PSQ,2025-12-08,28.96,29.07,28.74,6654801
PSQ,2025-12-09,28.92,29.08,28.88,9555147
PSQ,2025-12-10,28.81,29.12,28.74,14513869
PSQ,2025-12-11,28.92,29.26,28.9,13705694
PSQ,2025-12-12,29.49,29.58,29.02,13545597
PSQ,2025-12-15,29.65,29.7,29.26,11266760
PSQ,2025-12-16,29.58,29.81,29.5,12660731
PSQ,2025-12-17,30.13,30.14,29.5,12090041
PSQ,2025-12-18,29.7,29.81,29.52,13009249
PSQ,2025-12-19,29.32,29.58,29.3,10608632
PSQ,2025-12-22,29.21,29.26,29.08,10560302
PSQ,2025-12-23,29.06,29.27,29.05,5864513
PSQ,2025-12-24,29,29.1,28.98,3562518
PSQ,2025-12-26,29.01,29.04,28.93,4344393
PSQ,2025-12-29,29.15,29.25,29.07,8268059
PSQ,2025-12-30,29.23,29.23,29.1,6334980
PSQ,2025-12-31,29.48,29.49,29.22,9239505
PSQ,2026-01-02,29.55,29.7,29.09,10491528
PSQ,2026-01-05,29.33,29.38,29.19,10676776
PSQ,2026-01-06,29.06,29.3,29.04,12611694
PSQ,2026-01-07,29.04,29.12,28.87,12183414
PSQ,2026-01-08,29.23,29.35,29.09,16846113
PSQ,2026-01-09,28.94,29.3,28.89,12617661
PSQ,2026-01-12,28.93,29.15,28.85,10628172
PSQ,2026-01-13,28.97,29.09,28.83,14115383
PSQ,2026-01-14,29.29,29.51,29.11,15939247
PSQ,2026-01-15,29.19,29.23,28.93,13392100
PSQ,2026-01-16,29.25,29.35,29.01,10783323
PSQ,2026-01-20,29.86,29.91,29.53,15060101
PSQ,2026-01-21,29.46,29.87,29.26,19146378
PSQ,2026-01-22,29.24,29.39,29.17,15424387
PSQ,2026-01-23,29.17,29.37,29.04,14389704
PSQ,2026-01-26,29.05,29.2,28.95,12209052
PSQ,2026-01-27,28.8,28.97,28.75,8754077
PSQ,2026-01-28,28.71,28.77,28.55,14488934
PSQ,2026-01-29,28.89,29.38,28.69,17459992
PSQ,2026-01-30,29.24,29.36,28.95,16401809
PSQ,2026-02-02,29.04,29.4,28.94,12424521
PSQ,2026-02-03,29.5,29.76,28.94,20236209
PSQ,2026-02-04,30.03,30.26,29.57,19045969
PSQ,2026-02-05,30.45,30.57,30.07,23072970
PSQ,2026-02-06,29.82,30.37,29.74,12359088
PSQ,2026-02-09,29.6,30.05,29.5,9575070
PSQ,2026-02-10,29.75,29.77,29.47,8214137
PSQ,2026-02-11,29.67,29.94,29.46,9650137
PSQ,2026-02-12,30.28,30.33,29.55,16496489
PSQ,2026-02-13,30.23,30.51,30.01,11893109
PSQ,2026-02-17,30.28,30.67,30.15,10470357
PSQ,2026-02-18,30.05,30.31,29.85,9981367
PSQ,2026-02-19,30.18,30.31,30.06,8300282
PSQ,2026-02-20,29.93,30.4,29.84,10624796
PSQ,2026-02-23,30.29,30.4,29.97,9052057
PSQ,2026-02-24,29.96,30.37,29.91,7912742
PSQ,2026-02-25,29.54,29.81,29.53,7543227
PSQ,2026-02-26,29.9,30.15,29.59,10515950
PSQ,2026-02-27,30.02,30.26,29.97,12511047
PSQ,2026-03-02,29.98,30.47,29.89,11228892
PSQ,2026-03-03,30.3,30.78,30.19,14649358
PSQ,2026-03-04,29.85,30.21,29.74,16702389
PSQ,2026-03-05,29.95,30.26,29.76,13682762
PSQ,2026-03-06,30.4,30.48,30.11,13850036
PSQ,2026-03-09,30.01,30.84,29.93,17124672
PSQ,2026-03-10,30.02,30.13,29.74,13532760
PSQ,2026-03-11,30.02,30.15,29.79,11067652
PSQ,2026-03-12,30.55,30.56,30.21,11778143
PSQ,2026-03-13,30.74,30.8,30.24,12731619
PSQ,2026-03-16,30.41,30.47,30.22,9422828
PSQ,2026-03-17,30.24,30.33,30.13,6737295
PSQ,2026-03-18,30.69,30.7,30.27,9708327
PSQ,2026-03-19,30.78,31.09,30.64,16939533
PSQ,2026-03-20,31.38,31.55,30.91,17878969
PSQ,2026-03-23,31.01,31.12,30.64,16516863
PSQ,2026-03-24,31.24,31.34,31.03,11800378
PSQ,2026-03-25,31.04,31.15,30.85,10847412
PSQ,2026-03-26,31.78,31.8,31.21,11642992
PSQ,2026-03-27,32.41,32.48,31.96,11536315
PSQ,2026-03-30,32.68,32.83,32.11,10829956
PSQ,2026-03-31,31.58,32.33,31.49,24452221
PSQ,2026-04-01,31.18,31.4,31,12538242
PSQ,2026-04-02,31.18,31.87,31.13,11639052
PSQ,2026-04-06,30.99,31.19,30.88,5867506
PSQ,2026-04-07,30.99,31.54,30.98,14485737
PSQ,2026-04-08,30.09,30.29,29.87,11096108
PSQ,2026-04-09,29.88,30.24,29.86,10041953
PSQ,2026-04-10,29.86,29.93,29.73,5987335
PSQ,2026-04-13,29.55,30.01,29.54,8640028
PSQ,2026-04-14,29.03,29.41,29.02,8754095
PSQ,2026-04-15,28.62,29.04,28.6,7396818
PSQ,2026-04-16,28.49,28.72,28.41,8378880
PSQ,2026-04-17,28.12,28.34,28.07,13665454
PSQ,2026-04-20,28.23,28.41,28.14,10885927
PSQ,2026-04-21,28.33,28.43,28.08,11133960
PSQ,2026-04-22,27.88,28.15,27.86,5587254
PSQ,2026-04-23,28.04,28.27,27.79,14131045
PSQ,2026-04-24,27.5,27.81,27.48,9196584
PSQ,2026-04-27,27.5,27.64,27.49,6368036
PSQ,2026-04-28,27.78,27.93,27.68,7356077
PSQ,2026-04-29,27.61,27.81,27.6,6687078
PSQ,2026-04-30,27.36,27.78,27.31,7198685
PSQ,2026-05-01,27.11,27.32,27.04,9051691
PSQ,2026-05-04,27.17,27.32,27.01,6934913
PSQ,2026-05-05,26.83,26.98,26.77,6089601
PSQ,2026-05-06,26.27,26.63,26.26,8712106
PSQ,2026-05-07,26.3,26.42,26.06,10177066
PSQ,2026-05-08,25.71,26.14,25.71,6120976
PSQ,2026-05-11,25.63,25.78,25.58,8739364
PSQ,2026-05-12,25.86,26.23,25.75,7504524
PSQ,2026-05-13,25.58,25.95,25.5,5995427
PSQ,2026-05-14,25.41,25.6,25.33,6848193
PSQ,2026-05-15,25.8,25.92,25.58,8875402
PSQ,2026-05-18,25.92,26.17,25.69,11855322
PSQ,2026-05-19,26.08,26.31,25.9,8413830
PSQ,2026-05-20,25.66,26,25.66,7759443
PSQ,2026-05-21,25.6,25.89,25.51,6586142
PSQ,2026-05-22,25.51,25.56,25.35,11335898
PSQ,2026-05-26,25.07,25.29,25.03,5204681
PSQ,2026-05-27,25.1,25.24,24.97,6037297
PSQ,2026-05-28,24.91,25.2,24.86,5686194
PSQ,2026-05-29,24.81,24.92,24.71,6014119
PSQ,2026-06-01,24.68,24.9,24.57,8991101
PSQ,2026-06-02,24.56,24.78,24.55,3291439
PSQ,2026-06-03,24.63,24.73,24.48,4446931
PSQ,2026-06-04,24.75,25.01,24.65,9153805
PSQ,2026-06-05,25.95,25.97,25.07,11202066
PSQ,2026-06-08,25.55,25.66,25.3,10076487
PSQ,2026-06-09,25.85,26.62,25.21,20127696
PSQ,2026-06-10,26.37,26.4,25.73,15090142
PSQ,2026-06-11,25.51,26.31,25.44,17287389
PSQ,2026-06-12,25.35,25.71,25.25,13258029
PSQ,2026-06-15,24.57,24.79,24.53,7516533
PSQ,2026-06-16,25.02,25.03,24.55,5599678
PSQ,2026-06-17,25.29,25.35,24.84,9352074
PSQ,2026-06-18,24.7,24.95,24.63,7962254
PSQ,2026-06-22,24.74,24.86,24.49,6589814
PSQ,2026-06-23,25.55,25.61,25.22,7473828
PSQ,2026-06-24,25.68,25.89,25.34,7841855
PSQ,2026-06-25,25.47,25.86,25.09,13469307
PSQ,2026-06-26,25.86,25.96,25.51,9543559
PSQ,2026-06-29,25.21,25.88,25.18,4970463
PSQ,2026-06-30,24.8,25.21,24.73,4846076
PSQ,2026-07-01,25.15,25.18,24.93,4219395
PSQ,2026-07-02,25.62,25.79,24.98,8002147
PSQ,2026-07-06,25.26,25.4,25.14,4491226
PSQ,2026-07-07,25.73,25.88,25.48,6441114
PSQ,2026-07-08,25.66,26.04,25.63,6380978
PSQ,2026-07-09,25.25,25.52,25.2,4849985
PSQ,2026-07-10,25.18,25.47,25.14,6075745
PSQ,2026-07-13,25.66,25.71,25.41,7097166
PSQ,2026-07-14,25.36,25.57,25.28,7705235
PSQ,2026-07-15,25.44,25.71,25.22,7579040
PSQ,2026-07-16,25.87,25.99,25.6,5123479
PSQ,2026-07-17,26.27,26.59,26.03,8580204
PSQ,2026-07-20,26.25,26.27,25.88,8365256
PSQ,2026-07-21,25.76,26,25.73,9316879
PSQ,2026-07-22,25.91,25.97,25.75,9116399
PSQ,2026-07-23,26.38,26.55,26.15,10780254
PSQ,2026-07-24,26.71,26.77,26.38,12611596
PSQ,2026-07-27,26.8,27.03,26.4,6624937
PSQ,2026-07-28,27.05,27.35,26.9,8959402
PSQ,2026-07-29,27.62,27.64,26.89,10483416
PSQ,2026-07-30,26.71,27.14,26.65,11555869
PSQ,2026-07-31,26.55,26.87,26.25,13237715
PSQ,2026-08-03,26.09,26.64,26.03,11656462
PSQ,2026-08-04,25.21,25.81,25.14,12478216
PSQ,2026-08-05,25.44,25.46,25.06,9244577
PSQ,2026-08-06,25.53,25.76,25.37,5257845
PSQ,2026-08-07,25.27,25.49,25.24,5693788
PSQ,2026-08-10,25.34,25.35,25.2,11127460
PSQ,2026-08-11,25.42,25.51,25.25,5876154
PSQ,2026-08-12,25.24,25.28,25.12,7852015
PSQ,2026-08-13,24.97,25.23,24.89,6790950
PSQ,2026-08-14,25,25.1,24.89,7736375
PSQ,2026-08-17,25.06,25.07,24.89,5596942
PSQ,2026-08-18,25.48,25.53,25.32,7902355
PSQ,2026-08-19,25.53,25.65,25.34,8691982
PSQ,2026-08-20,25.73,25.81,25.58,7411049
PSQ,2026-08-21,25.64,25.8,25.56,7612982
PSQ,2026-08-24,25.91,26.04,25.78,6955853
PSQ,2026-08-25,25.75,25.87,25.63,7346739
PSQ,2026-08-26,25.73,25.85,25.68,6543342
PSQ,2026-08-27,25.38,25.61,25.37,6943324
PSQ,2026-08-28,25.55,25.61,25.29,8860387
PSQ,2026-08-31,25.54,25.68,25.53,6186245
PSQ,2026-09-01,25.89,25.99,25.72,9282376
PSQ,2026-09-02,25.84,25.98,25.81,7946350
PSQ,2026-09-03,25.52,25.81,25.48,8676363
PSQ,2026-09-04,25.5,25.59,25.39,8512185
PSQ,2026-09-08,25.51,25.62,25.41,6745488
PSQ,2026-09-09,25.6,25.68,25.48,11386734
PSQ,2026-09-10,25.89,25.94,25.76,16993833
PSQ,2026-09-11,25.66,25.71,25.57,9286811
PSQ,2026-09-14,25.87,26.11,25.74,13501458
PSQ,2026-09-15,26.05,26.08,25.87,10350197
PSQ,2026-09-16,26.05,26.22,25.78,16992939
PSQ,2026-09-17,25.59,25.73,25.55,12437915
PSQ,2026-09-18,25.45,25.68,25.44,10318592
PSQ,2026-09-21,24.72,25.21,24.66,14538372
PSQ,2026-09-22,24.52,24.75,24.49,17725688
PSQ,2026-09-23,24.73,24.835,24.55,16684172
PSQ,2026-09-24,24.74,24.9589,24.6999,22810887
PSQ,2026-09-25,24.64,24.8051,24.5999,19275400
PSQ,2026-09-28,24.91,25.0789,24.76,20066616
PSQ,2026-09-29,24.86,24.96,24.79,19133818
PSQ,2026-09-30,24.82,24.82,24.635,18613480
PSQ,2026-10-01,24.74,24.935,24.66,25985309
PSQ,2026-10-02,24.52,24.575,24.345,23282411
IWM,2024-10-01,213.38,215.78,211.82,30015969
IWM,2024-10-02,213.09,214.22,211.74,14455444
IWM,2024-10-03,211.66,212.74,210.63,21353021
IWM,2024-10-04,214.62,215.43,212.79,27914834
IWM,2024-10-07,212.93,214.14,211.4,14891795
IWM,2024-10-08,213.08,213.85,212.22,18118575
IWM,2024-10-09,213.55,215.07,212.43,18230673
IWM,2024-10-10,212.36,212.39,210.16,24571442
IWM,2024-10-11,216.68,217.02,212.23,19950923
IWM,2024-10-14,218.28,218.49,215.87,19263303
IWM,2024-10-15,218.45,220.83,217.39,25998753
IWM,2024-10-16,222.05,222.47,219.75,27656695
IWM,2024-10-17,221.44,222.26,220.26,18003629
IWM,2024-10-18,220.98,222.33,220.73,20047352
IWM,2024-10-21,217.5,221.02,216.95,24243818
IWM,2024-10-22,216.68,217.24,215.74,15813923
IWM,2024-10-23,214.7,216.23,212.87,23263488
IWM,2024-10-24,215.17,216.47,214,18381921
IWM,2024-10-25,214.36,217.38,214,23807849
IWM,2024-10-28,217.86,218.36,215.92,19877718
IWM,2024-10-29,217.15,217.31,215.42,20282204
IWM,2024-10-30,216.86,219.84,216.33,19754849
IWM,2024-10-31,213.25,217.18,213.13,24078432
IWM,2024-11-01,214.45,216.4,213.82,21222177
IWM,2024-11-04,215.54,217.15,213.33,20463671
IWM,2024-11-05,219.59,219.65,214.53,26404596
IWM,2024-11-06,232.31,232.66,227.93,75554567
IWM,2024-11-07,231.49,233.56,230.53,34970273
IWM,2024-11-08,233.19,233.53,230.77,26597830
IWM,2024-11-11,236.7,237.37,234.89,29207686
IWM,2024-11-12,232.55,236.79,231.67,35314348
IWM,2024-11-13,230.25,234.92,229.97,25947674
IWM,2024-11-14,227.14,231.54,226.43,29272066
IWM,2024-11-15,223.75,227.48,223.1,37930047
IWM,2024-11-18,224.19,225.83,223.41,29398814
IWM,2024-11-19,225.86,226.04,221.72,26039367
IWM,2024-11-20,226.15,226.15,223.32,24226688
IWM,2024-11-21,229.59,230.7,226.33,28679385
IWM,2024-11-22,233.83,234.28,230.46,22693129
IWM,2024-11-25,237.38,239.91,236.4,33533998
IWM,2024-11-26,235.64,236.61,234.47,22581359
IWM,2024-11-27,235.96,238.65,235.46,19472811
IWM,2024-11-29,236.87,238.44,236.54,16782715
IWM,2024-12-02,236.75,237.64,235.04,25274751
IWM,2024-12-03,235.06,237.13,234.42,21376746
IWM,2024-12-04,235.91,236.67,234.26,19903043
IWM,2024-12-05,233.15,235.88,232.82,20227006
IWM,2024-12-06,233.99,234.93,233.45,20760908
IWM,2024-12-09,232.81,236.39,232.73,16684336
IWM,2024-12-10,231.8,233.87,231.04,19946465
IWM,2024-12-11,232.85,234.33,231.93,23156933
IWM,2024-12-12,229.82,232.73,229.5,21454510
IWM,2024-12-13,228.25,230,227.08,23972916
IWM,2024-12-16,229.59,230.75,227.54,32293518
IWM,2024-12-17,226.96,229.29,226.45,33064333
IWM,2024-12-18,216.91,228.93,215.03,52267523
IWM,2024-12-19,215.95,220.44,215.43,51871702
IWM,2024-12-20,217.97,220.66,214.19,53882241
IWM,2024-12-23,217.47,218.44,215.48,29606797
IWM,2024-12-24,219.42,219.65,216.56,13399595
IWM,2024-12-26,221.67,222.12,217.53,20085707
IWM,2024-12-27,218.43,221.43,216.28,26956047
IWM,2024-12-30,216.76,217.87,213.98,25706127
IWM,2024-12-31,217.03,219.31,216.23,26208298
IWM,2025-01-02,217.21,220.38,215.69,29362959
IWM,2025-01-03,220.44,220.82,217.44,24525330
IWM,2025-01-06,220.53,223.13,220.15,23541877
IWM,2025-01-07,218.76,222.49,217.44,28835228
IWM,2025-01-08,217.77,218.36,215.12,26795947
IWM,2025-01-10,212.97,214.82,211.48,37379430
IWM,2025-01-13,213.39,213.65,210.16,28603831
IWM,2025-01-14,215.81,216.31,213.36,25447518
IWM,2025-01-15,220.06,221.56,219.03,30124684
IWM,2025-01-16,220.5,221.22,218.75,21029804
IWM,2025-01-17,221.45,222.93,220.67,26754914
IWM,2025-01-21,225.7,225.8,222.95,26086309
IWM,2025-01-22,224.23,225.76,223.78,21307329
IWM,2025-01-23,225.25,225.27,222.52,20850721
IWM,2025-01-24,224.62,226.14,223.98,19074526
IWM,2025-01-27,222.47,225.54,221.2,27461720
IWM,2025-01-28,222.72,223.51,221.18,16847369
IWM,2025-01-29,222.21,224.16,220.59,20280453
IWM,2025-01-30,224.47,225.96,222.88,25575054
IWM,2025-01-31,222.45,226.22,221.52,35348792
IWM,2025-02-03,219.85,221.54,216.75,33976651
IWM,2025-02-04,222.89,223.09,219.24,17749340
IWM,2025-02-05,225.32,225.42,222.85,15197293
IWM,2025-02-06,224.58,226.6,223.26,18809380
IWM,2025-02-07,221.98,225.17,221.57,28686448
IWM,2025-02-10,222.98,223.47,221.84,14558256
IWM,2025-02-11,221.69,222.39,220.81,18215717
IWM,2025-02-12,219.64,220.49,217.85,25572759
IWM,2025-02-13,222.12,222.31,219.77,21419398
IWM,2025-02-14,221.95,223.93,221.6,13574522
IWM,2025-02-18,223.17,223.62,221.5,15166519
IWM,2025-02-19,222.4,223.11,221.08,16103307
IWM,2025-02-20,220.27,222.17,219.04,18507741
IWM,2025-02-21,213.93,222.33,213.59,45036913
IWM,2025-02-24,212.38,214.9,211.32,30246231
IWM,2025-02-25,211.58,213.41,209.69,33665070
IWM,2025-02-26,211.84,214.53,211.02,25464168
IWM,2025-02-27,208.61,212.64,208.45,29378527
IWM,2025-02-28,210.83,210.84,207.2,32015381
IWM,2025-03-03,205.07,212.12,203.73,36330030
IWM,2025-03-04,202.75,206.04,199.58,56427050
IWM,2025-03-05,204.76,205.13,201.18,35778458
IWM,2025-03-06,201.63,204.42,200.27,39206266
IWM,2025-03-07,202.29,203.43,198.14,43513963
IWM,2025-03-10,197.2,201.1,195.22,39442839
IWM,2025-03-11,197.18,199.61,195,51509686
IWM,2025-03-12,197.52,200.13,196,36881730
IWM,2025-03-13,194.58,198.43,193.5,31336882
IWM,2025-03-14,199.28,199.46,195.79,34089406
IWM,2025-03-17,201.8,202.36,199,26947562
IWM,2025-03-18,200.04,200.74,199.19,22887966
IWM,2025-03-19,203.15,204.44,199.74,31595576
IWM,2025-03-20,201.86,204.07,201.01,25665925
IWM,2025-03-21,200.61,201.23,198.62,39470240
IWM,2025-03-24,205.61,205.97,203.47,25774694
IWM,2025-03-25,204.46,206.01,203.86,17836895
IWM,2025-03-26,202.39,205.57,201.49,19422394
IWM,2025-03-27,201.42,203.13,200.59,23960035
IWM,2025-03-28,197.33,201.39,196.27,26656150
IWM,2025-03-31,196.38,197.51,192.44,32250749
IWM,2025-04-01,196.4,198.09,193.6,26054120
IWM,2025-04-02,199.5,200.16,193.48,36603040
IWM,2025-04-03,186.7,192.02,186.25,60551102
IWM,2025-04-04,178.37,181.18,173.92,92611952
IWM,2025-04-07,176.75,187.29,169.05,96706222
IWM,2025-04-08,172.1,183.02,169.65,61078097
IWM,2025-04-09,186.72,189.12,169.06,123003292
IWM,2025-04-10,178.88,182.59,174.22,67503008
IWM,2025-04-11,181.49,181.97,175.8,44954386
IWM,2025-04-14,183.62,185.04,180.2,35214609
IWM,2025-04-15,183.85,186.1,182.94,30715458
IWM,2025-04-16,182.09,183.82,179.72,35063316
IWM,2025-04-17,183.57,184.51,181.59,42358994
IWM,2025-04-21,179.89,182.4,177.95,26018999
IWM,2025-04-22,184.55,185.17,181.67,34476891
IWM,2025-04-23,187.29,192.46,186.88,44866133
IWM,2025-04-24,191.04,191.34,186.93,29820132
IWM,2025-04-25,191.1,191.23,188.57,25028968
IWM,2025-04-28,191.9,193.09,189.53,22482254
IWM,2025-04-29,193.03,193.79,190,20118155
IWM,2025-04-30,191.82,192.43,187.75,29046138
IWM,2025-05-01,193.02,194.59,190.72,33169717
IWM,2025-05-02,197.36,198.07,195.09,30201787
IWM,2025-05-05,195.84,197.38,194.99,20834208
IWM,2025-05-06,193.7,195.5,192.59,24642149
IWM,2025-05-07,194.34,195.47,192.99,24027152
IWM,2025-05-08,198.05,199.58,195.17,32646309
IWM,2025-05-09,197.68,199.13,196.84,17203045
IWM,2025-05-12,204.63,206.46,202.61,38207233
IWM,2025-05-13,205.38,206.34,204.72,28295839
IWM,2025-05-14,203.56,205.29,203.31,26316119
IWM,2025-05-15,204.89,204.95,202.19,21563654
IWM,2025-05-16,206.58,206.86,204.54,28906392
IWM,2025-05-19,205.71,205.83,203.05,25859569
IWM,2025-05-20,205.82,206.49,204.72,22053136
IWM,2025-05-21,200.04,204.38,199.68,36704354
IWM,2025-05-22,200.03,201.19,198.39,31831347
IWM,2025-05-23,199.4,200.09,196.54,29114602
IWM,2025-05-27,204.46,204.51,200.98,31655884
IWM,2025-05-28,202.31,204.79,202,26046664
IWM,2025-05-29,202.91,203.83,201.28,32797660
IWM,2025-05-30,201.87,203.03,200.37,37768909
IWM,2025-06-02,202.5,202.63,199.51,30334304
IWM,2025-06-03,205.77,206.34,202.35,37702195
IWM,2025-06-04,205.19,206.74,204.9,27225338
IWM,2025-06-05,205.28,206.56,203.77,35778310
IWM,2025-06-06,208.6,208.82,207.32,32144457
IWM,2025-06-09,210.04,210.94,209.24,33984448
IWM,2025-06-10,211.17,212.07,210.48,30182222
IWM,2025-06-11,210.3,212.57,209.98,31113379
IWM,2025-06-12,209.46,209.94,208.33,25366979
IWM,2025-06-13,205.64,208.15,204.98,60579985
IWM,2025-06-16,208.06,209.22,206.94,28974028
IWM,2025-06-17,205.87,207.74,205.69,32843165
IWM,2025-06-18,206.95,208.67,205.11,42850532
IWM,2025-06-20,206.52,208.53,205.78,36978134
IWM,2025-06-23,209.05,209.06,204.15,35516436
IWM,2025-06-24,211.71,212.17,209.63,31772547
IWM,2025-06-25,209.24,211.97,209.16,27725576
IWM,2025-06-26,212.64,212.77,209.96,26261197
IWM,2025-06-27,212.71,214.61,211.37,47717340
IWM,2025-06-30,213.01,213.92,212.62,25558000
IWM,2025-07-01,215.21,217.69,211.4,43864836
IWM,2025-07-02,218.19,218.25,214.56,35735202
IWM,2025-07-03,220.21,220.46,218.92,23514043
IWM,2025-07-07,216.9,219.95,215.6,41551196
IWM,2025-07-08,218.4,219.43,217.5,36339315
IWM,2025-07-09,220.77,220.81,218.27,32425152
IWM,2025-07-10,221.91,223.14,219.99,33865385
IWM,2025-07-11,218.85,220.67,218.72,31579641
IWM,2025-07-14,220.32,220.46,218.22,24632248
IWM,2025-07-15,216.01,221.35,215.98,44215375
IWM,2025-07-16,218.18,218.52,214.12,48193694
IWM,2025-07-17,221.04,221.32,217.87,43547016
IWM,2025-07-18,219.47,222.46,219.13,49009530
IWM,2025-07-21,218.58,221.52,218.4,28191417
IWM,2025-07-22,220.4,220.93,217.82,30953878
IWM,2025-07-23,223.76,223.79,221.18,39082561
IWM,2025-07-24,220.67,222.95,220.61,29446650
IWM,2025-07-25,221.49,221.71,219.68,24555538
IWM,2025-07-28,221.24,222.54,220.56,24934940
IWM,2025-07-29,219.83,222.79,219.2,28685904
IWM,2025-07-30,218.71,222.04,217.29,48921556
IWM,2025-07-31,216.57,219.16,216.07,42913929
IWM,2025-08-01,212.16,213.77,209.61,63854124
IWM,2025-08-04,216.9,216.91,213.3,34989623
IWM,2025-08-05,218.01,218.41,215.43,31337056
IWM,2025-08-06,217.72,218.15,216.56,23142100
IWM,2025-08-07,217.01,219.97,215.69,37088008
IWM,2025-08-08,217.49,218.72,216.91,28318098
IWM,2025-08-11,217.44,218.83,216.98,25212844
IWM,2025-08-12,223.89,224.06,218.31,43991900
IWM,2025-08-13,228.25,228.48,224.9,41705784
IWM,2025-08-14,225.3,225.86,223.26,55945507
IWM,2025-08-15,224.21,225.84,223.13,33571448
IWM,2025-08-18,225.03,225.52,224.02,20144107
IWM,2025-08-19,223.3,226.04,222.78,25000687
IWM,2025-08-20,222.51,223.46,220.81,29229749
IWM,2025-08-21,223.06,223.41,220.9,24539360
IWM,2025-08-22,231.81,232.39,224.26,58205537
IWM,2025-08-25,229.37,231.29,229.37,28453657
IWM,2025-08-26,231.27,231.85,229.6,25121535
IWM,2025-08-27,232.91,233.08,230.55,25395394
IWM,2025-08-28,233.18,233.92,232.32,25011198
IWM,2025-08-29,232.15,233.97,231.36,29245588
IWM,2025-09-02,230.89,231.39,228.49,33108624
IWM,2025-09-03,230.66,232.23,229.47,33252351
IWM,2025-09-04,233.55,233.62,230.58,30323833
IWM,2025-09-05,234.71,236.6,231.93,47527800
IWM,2025-09-08,235.19,235.49,233.35,31487732
IWM,2025-09-09,233.8,234.9,232.39,35395784
IWM,2025-09-10,233.39,235.21,232.43,33910156
IWM,2025-09-11,237.7,237.83,233.2,43598150
IWM,2025-09-12,235.27,237.23,235.13,46097640
IWM,2025-09-15,236.27,236.95,235.48,33014031
IWM,2025-09-16,235.88,236.53,234.38,37059322
IWM,2025-09-17,236.49,241.82,234.64,79955604
IWM,2025-09-18,242.38,242.68,237.71,49167670
IWM,2025-09-19,240.54,243.1,240.07,56092037
IWM,2025-09-22,241.93,242.32,238.68,53572930
IWM,2025-09-23,241.39,244.69,240.99,41854513
IWM,2025-09-24,239.17,242.15,239.12,36002182
IWM,2025-09-25,236.88,237.58,235.16,37209480
IWM,2025-09-26,238.91,239.25,236.93,28942766
IWM,2025-09-29,239.19,240.49,238.39,26391483
IWM,2025-09-30,239.53,239.69,236.99,33447721
IWM,2025-10-01,240.05,240.59,238.13,28519998
IWM,2025-10-02,241.56,241.63,239.04,28687401
IWM,2025-10-03,243.36,245.59,242.56,34579610
IWM,2025-10-06,244.33,245.97,243.59,31507374
IWM,2025-10-07,241.7,245.15,240.74,31766601
IWM,2025-10-08,244.24,244.47,241.35,25824957
IWM,2025-10-09,242.66,244.76,241.55,26243148
IWM,2025-10-10,235.4,244.4,235.17,70569415
IWM,2025-10-13,241.95,242.17,238.97,36298626
IWM,2025-10-14,245.41,247.09,237.94,45320805
IWM,2025-10-15,247.81,250.23,244.57,45369046
IWM,2025-10-16,242.59,248.73,241.54,52740394
IWM,2025-10-17,240.96,242.69,239.04,55379514
IWM,2025-10-20,245.66,245.83,243.66,32545025
IWM,2025-10-21,244.5,245.87,243.03,26336698
IWM,2025-10-22,240.89,244.38,238.34,46578446
IWM,2025-10-23,243.94,244.63,241.23,28591002
IWM,2025-10-24,246.92,248.58,246.46,26627005
IWM,2025-10-27,247.78,249.67,246.99,31798148
IWM,2025-10-28,246.46,248.38,245.61,28075893
IWM,2025-10-29,244.36,248.61,242.23,55951795
IWM,2025-10-30,242.39,245.64,242.17,44538747
IWM,2025-10-31,243.75,244.31,241.24,37214671
IWM,2025-11-03,242.97,243.78,240.05,28887904
IWM,2025-11-04,238.77,241.6,238.57,34468704
IWM,2025-11-05,242.22,243.26,239.21,38229168
IWM,2025-11-06,237.93,242.32,237.59,40601196
IWM,2025-11-07,239.18,239.23,233.9,54978865
IWM,2025-11-10,241.57,242.77,239.81,31238018
IWM,2025-11-11,241.78,242.28,240.08,27357866
IWM,2025-11-12,241.19,243.9,240.88,34543226
IWM,2025-11-13,234.41,240.24,233.47,65709950
IWM,2025-11-14,235.09,236.32,230.92,58344442
IWM,2025-11-17,230.42,235.45,229.42,55765896
IWM,2025-11-18,231.12,232.71,228.63,63092497
IWM,2025-11-19,231.08,233.99,230.09,57280548
IWM,2025-11-20,226.8,236.69,226.6,95483018
IWM,2025-11-21,233.23,234.72,227.27,99504106
IWM,2025-11-24,237.49,237.97,233.11,36135317
IWM,2025-11-25,242.66,243.08,237.62,46160790
IWM,2025-11-26,244.81,246.32,242.31,34636590
IWM,2025-11-28,246.25,246.31,244.58,18911812
IWM,2025-12-01,243.15,245.19,242.87,36919964
IWM,2025-12-02,242.7,244.88,242.65,31918469
IWM,2025-12-03,247.12,247.32,243.01,32846272
IWM,2025-12-04,249.29,250.12,246.04,40245796
IWM,2025-12-05,248.25,250.12,247.76,36956621
IWM,2025-12-08,248.35,250.23,247.66,29100029
IWM,2025-12-09,248.86,250.4,247.58,30170111
IWM,2025-12-10,252.25,253.98,248.02,51105179
IWM,2025-12-11,255.21,255.41,251.76,41345164
IWM,2025-12-12,251.3,255.6,250.89,57657743
IWM,2025-12-15,249.4,253.11,249.21,43120086
IWM,2025-12-16,248.22,250.46,246.8,43115263
IWM,2025-12-17,245.57,250.46,245.03,38132440
IWM,2025-12-18,247.03,249.66,246.54,39067968
IWM,2025-12-19,249.1,249.71,247.38,43610403
IWM,2025-12-22,251.87,253.4,250.5,40497273
IWM,2025-12-23,250.38,251.51,249.77,24973497
IWM,2025-12-24,251.01,251.16,249.43,12102974
IWM,2025-12-26,249.73,251.05,248.71,17429945
IWM,2025-12-29,248.2,249.8,247.67,25218779
IWM,2025-12-30,246.36,248.46,246.28,22123639
IWM,2025-12-31,244.5,246.61,244.35,35351972
IWM,2026-01-02,247.1,247.41,244.2,40007650
IWM,2026-01-05,251.03,251.84,247.89,37368798
IWM,2026-01-06,254.35,254.52,249.82,40677781
IWM,2026-01-07,253.76,255.06,252.26,33052026
IWM,2026-01-08,256.53,257.18,252.65,37957029
IWM,2026-01-09,258.48,259.8,256.35,36301546
IWM,2026-01-12,259.74,259.9,256.5,28423355
IWM,2026-01-13,259.59,261.11,258.7,33882364
IWM,2026-01-14,261.42,261.68,258.44,37164298
IWM,2026-01-15,263.72,265.25,261.95,33465208
IWM,2026-01-16,263.97,265.41,262.93,33844875
IWM,2026-01-20,260.81,263.29,259.3,47911489
IWM,2026-01-21,265.99,266.78,261.15,59952798
IWM,2026-01-22,267.97,269.76,267.6,35110779
IWM,2026-01-23,263.03,267.24,262.68,42636691
IWM,2026-01-26,262.2,264.89,261.71,32119332
IWM,2026-01-27,262.95,263.07,260.89,26975518
IWM,2026-01-28,261.53,264.88,260.79,37139119
IWM,2026-01-29,261.59,263.27,257.66,43922928
IWM,2026-01-30,257.9,261.21,256.2,59164154
IWM,2026-02-02,260.41,261.99,256.61,42896193
IWM,2026-02-03,261.01,263.27,256.81,54588013
IWM,2026-02-04,258.76,262.87,255.41,48826545
IWM,2026-02-05,254.11,259.86,253.33,48279639
IWM,2026-02-06,263.23,263.93,257.83,43354860
IWM,2026-02-09,265.08,265.87,261.57,29064849
IWM,2026-02-10,264.37,266.71,264.09,24661655
IWM,2026-02-11,263.16,267.15,260.33,41829428
IWM,2026-02-12,257.79,265.66,256.65,47628169
IWM,2026-02-13,261.19,263.38,256.77,45360322
IWM,2026-02-17,261.27,262.58,257.31,33734782
IWM,2026-02-18,262.21,265.11,260.09,36034689
IWM,2026-02-19,262.82,262.86,259.32,31005952
IWM,2026-02-20,262.83,265.53,260.37,47126576
IWM,2026-02-23,258.73,262.59,256.36,44003416
IWM,2026-02-24,261.56,262.36,258.11,34885958
IWM,2026-02-25,262.8,263.49,260.66,26014462
IWM,2026-02-26,264.2,264.44,260.35,41208066
IWM,2026-02-27,259.65,260.99,258.02,40633592
IWM,2026-03-02,262.03,262.5,256.05,53497901
IWM,2026-03-03,257.49,259.36,251.6,59539341
IWM,2026-03-04,260,261.19,257.08,37981334
IWM,2026-03-05,255.03,259,252.45,60417179
IWM,2026-03-06,249.2,251.59,248.26,64191140
IWM,2026-03-09,251.91,252.93,242.74,65372057
IWM,2026-03-10,251.65,255.91,250.7,55880949
IWM,2026-03-11,251.15,252.67,248.89,50419775
IWM,2026-03-12,245.74,248.12,244.91,61804844
IWM,2026-03-13,244.93,248.92,243.88,53935251
IWM,2026-03-16,247.24,249.77,246.64,48757916
IWM,2026-03-17,248.81,250.46,247.72,40644360
IWM,2026-03-18,244.8,247.99,244.66,43194548
IWM,2026-03-19,246.4,248.84,241.31,59221389
IWM,2026-03-20,241.02,246.27,239.13,76752374
IWM,2026-03-23,246.22,250.11,244.89,78748856
IWM,2026-03-24,247.54,248.92,243.38,45213561
IWM,2026-03-25,250.57,251.81,248.28,45673590
IWM,2026-03-26,246.21,250.61,245.93,46831996
IWM,2026-03-27,241.89,245.51,241.2,48116582
IWM,2026-03-30,238.42,244.15,237.5,51292657
IWM,2026-03-31,246.77,247.68,241.04,58662755
IWM,2026-04-01,248.32,251.18,247.87,51297483
IWM,2026-04-02,250.04,251.11,243.65,30370722
IWM,2026-04-06,251.1,251.79,249.01,22153566
IWM,2026-04-07,251.65,252.22,248.28,34883377
IWM,2026-04-08,259.17,260.97,257.12,46682061
IWM,2026-04-09,260.66,261.59,257.49,26759941
IWM,2026-04-10,260,261.44,259.05,22367391
IWM,2026-04-13,263.75,264.04,258.73,23821775
IWM,2026-04-14,267.38,268.08,264.96,24272124
IWM,2026-04-15,268.05,268.24,266.26,21672236
IWM,2026-04-16,268.61,269.01,266.72,30849471
IWM,2026-04-17,274.41,276.25,271.76,46464981
IWM,2026-04-20,275.97,276.28,273.16,22995767
IWM,2026-04-21,273.14,278.4,272.4,32236971
IWM,2026-04-22,275.11,276.63,273.53,20275760
IWM,2026-04-23,274.15,276.49,270.6,32888204
IWM,2026-04-24,275.27,276.75,272.87,21570386
IWM,2026-04-27,275.76,276.86,274.88,23400973
IWM,2026-04-28,272.55,275.59,271.56,24141013
IWM,2026-04-29,270.73,273.02,269.02,29430539
IWM,2026-04-30,276.59,276.84,271.09,29222320
IWM,2026-05-01,277.89,278.42,275.19,28938373
IWM,2026-05-04,276.5,279.39,274.73,28613542
IWM,2026-05-05,281.15,281.54,278.61,24864865
IWM,2026-05-06,285.37,285.62,281.95,23332207
IWM,2026-05-07,280.86,286.15,279.75,28352281
IWM,2026-05-08,282.76,283.55,281.2,22475965
IWM,2026-05-11,283.91,285.62,283.17,20152461
IWM,2026-05-12,281.16,282.65,276.9,27406676
IWM,2026-05-13,281.26,282.15,278.54,20743782
IWM,2026-05-14,283.04,284.23,280.56,17430190
IWM,2026-05-15,276.22,278.94,275.86,35410070
IWM,2026-05-18,274.6,277.69,272.58,27245545
IWM,2026-05-19,271.64,273.71,269.28,30278681
IWM,2026-05-20,278.48,278.7,272.05,31563682
IWM,2026-05-21,281.09,282.27,275.77,31682002
IWM,2026-05-22,283.7,285.18,282.26,23851144
IWM,2026-05-26,289.07,289.11,286.31,24508794
IWM,2026-05-27,288.93,290.27,287.87,24521479
IWM,2026-05-28,290.58,291.28,286.55,23712206
IWM,2026-05-29,288.99,289.96,286.9,26962895
IWM,2026-06-01,287.54,289.16,284.85,23828283
IWM,2026-06-02,290.21,290.41,286.97,18380430
IWM,2026-06-03,286.24,288.57,285.35,29168947
IWM,2026-06-04,290.56,291.42,285.23,24309568
IWM,2026-06-05,280.25,287.96,278.76,35815116
IWM,2026-06-08,282.7,285.41,282.16,27279360
IWM,2026-06-09,283.6,289.42,276.24,41718298
IWM,2026-06-10,280.65,287.56,280.36,39286867
IWM,2026-06-11,288.97,289.61,282.66,41470458
IWM,2026-06-12,291.49,294.25,288.87,34604061
IWM,2026-06-15,293.87,297.13,293.15,23891272
IWM,2026-06-16,291.32,296.03,290.82,23809419
IWM,2026-06-17,289.12,295.05,288.18,39921977
IWM,2026-06-18,294.82,295.2,290.66,33056826
IWM,2026-06-22,297.4,298.71,295.39,22798880
IWM,2026-06-23,294.55,296.97,291.64,26823711
IWM,2026-06-24,295.92,298.91,293.92,28666809
IWM,2026-06-25,298.13,300.71,295.96,27668061
IWM,2026-06-26,299.05,299.25,294.96,39834574
IWM,2026-06-29,298.19,298.38,293.91,24836468
IWM,2026-06-30,299.67,300.2,296.66,23232170
IWM,2026-07-01,298.54,301.93,298.14,20609858
IWM,2026-07-02,296.8,301.44,294.21,21238508
IWM,2026-07-06,298.12,299.63,296.84,18583638
IWM,2026-07-07,295.42,299.19,294.41,18058989
IWM,2026-07-08,292.72,294.33,289.92,24080230
IWM,2026-07-09,296.47,297.1,294.13,16468328
IWM,2026-07-10,295.22,297.43,292.85,15890336
IWM,2026-07-13,292.72,295.01,291.84,19377429
IWM,2026-07-14,293.74,295.29,292.98,18328346
IWM,2026-07-15,295,296.37,293.38,18834234
IWM,2026-07-16,294.82,297.03,293.58,24082906
IWM,2026-07-17,293.27,295.36,290.88,28740244
IWM,2026-07-20,291.55,295.22,291.42,20547926
IWM,2026-07-21,295.77,295.98,291.92,18191697
IWM,2026-07-22,293.02,295.67,292.65,19117475
IWM,2026-07-23,291.33,292.25,289.41,27796692
IWM,2026-07-24,290.41,293.2,289.72,19769342
IWM,2026-07-27,292.15,294.75,290.35,19447207
IWM,2026-07-28,292.61,293,289.62,20521395
IWM,2026-07-29,287.82,292.9,287.51,33281964
IWM,2026-07-30,291.83,292.08,288.21,22199325
IWM,2026-07-31,290.44,293.18,287.08,28340078
IWM,2026-08-03,295.45,295.89,291.64,23177862
IWM,2026-08-04,300.92,301.6,296.45,20747274
IWM,2026-08-05,298.99,302.27,298.97,17778293
IWM,2026-08-06,297.47,300.59,297.17,16292306
IWM,2026-08-07,300.77,301.24,299.01,18417894
IWM,2026-08-10,299.2,300.6,298.3,16228989
IWM,2026-08-11,300.21,301.2,299.82,14944625
IWM,2026-08-12,301.92,302.62,300.22,15481913
IWM,2026-08-13,302.71,304.25,301.93,14713075
IWM,2026-08-14,304.29,304.38,301.95,13164871
IWM,2026-08-17,303.27,303.54,302.44,14548947
IWM,2026-08-18,299.45,302.36,299.33,18261949
IWM,2026-08-19,300.93,302.62,300.44,14993214
IWM,2026-08-20,296.89,299.26,296.27,21193675
IWM,2026-08-21,299.18,299.55,297.39,22945492
IWM,2026-08-24,297.19,298.96,296.62,12869292
IWM,2026-08-25,298.45,299,297.19,14613178
IWM,2026-08-26,298.15,299.17,297.35,10552493
IWM,2026-08-27,299.03,299.53,297.36,13668696
IWM,2026-08-28,294.98,299.61,294.9,19052248
IWM,2026-08-31,293.16,294.58,291.94,21006775
IWM,2026-09-01,289.81,292.18,289.21,22797012
IWM,2026-09-02,293.24,293.58,290.43,22383898
IWM,2026-09-03,294.42,295.41,292.67,16645965
IWM,2026-09-04,295.24,295.41,292.79,13956608
IWM,2026-09-08,293.9,295.33,293.49,17327775
IWM,2026-09-09,289.88,293.39,289.55,19138428
IWM,2026-09-10,286.95,289.07,286.43,27024955
IWM,2026-09-11,288.14,290.68,288.02,26347640
IWM,2026-09-14,287.16,289.08,286.31,26047830
IWM,2026-09-15,285.14,286.93,284.08,25353812
IWM,2026-09-16,283.92,287.04,281.03,27567801
IWM,2026-09-17,285.43,288.29,285.21,22154202
IWM,2026-09-18,284.1,285.27,282.54,31101458
IWM,2026-09-21,285.58,286.45,284.9,18957833
IWM,2026-09-22,287.21,288.94,286.05,25671505
IWM,2026-09-23,281.92,286.18,281.84,24331479
IWM,2026-09-24,281.66,282.24,279.045,27284752
IWM,2026-09-25,281.97,283.52,280.455,22586005
IWM,2026-09-28,280.02,281.93,278.8,24868232
IWM,2026-09-29,279.01,281.05,277.41,21502356
IWM,2026-09-30,277.89,280.475,277.86,21125343
IWM,2026-10-01,279.02,280.61,275.45,34056233
IWM,2026-10-02,281.52,283.565,280.89,29784019
NVDA,2024-10-01,116.69,122.11,115.48,302094485
NVDA,2024-10-02,118.53,119.06,114.83,221845887
NVDA,2024-10-03,122.52,124.03,120.02,277117973
NVDA,2024-10-04,124.59,124.71,121.5,244465552
NVDA,2024-10-07,127.38,130.29,124.62,346250233
NVDA,2024-10-08,132.53,133.12,129.07,285722485
NVDA,2024-10-09,132.3,134.16,131.03,246191612
NVDA,2024-10-10,134.45,134.64,130.65,242311337
NVDA,2024-10-11,134.44,135.42,133.3,170209474
NVDA,2024-10-14,137.7,139.23,135.94,232347668
NVDA,2024-10-15,131.25,138.2,128.4,377831021
NVDA,2024-10-16,135.36,136.25,131.23,264879720
NVDA,2024-10-17,136.56,140.51,136.5,306435921
NVDA,2024-10-18,137.63,138.53,136.91,176090184
NVDA,2024-10-21,143.33,143.33,137.63,264554514
NVDA,2024-10-22,143.21,144.03,141.4,226311589
NVDA,2024-10-23,139.19,142.05,137.09,285930038
NVDA,2024-10-24,140.03,140.97,138.09,172354888
NVDA,2024-10-25,141.16,143.74,140.42,205122109
NVDA,2024-10-28,140.14,142.76,139.68,173586745
NVDA,2024-10-29,140.87,141.88,138.53,157593634
NVDA,2024-10-30,138.96,139.95,136.44,179418082
NVDA,2024-10-31,132.4,137.24,131.76,270039641
NVDA,2024-11-01,135.04,136.94,134.21,207127838
NVDA,2024-11-04,135.69,138.59,135.21,187528173
NVDA,2024-11-05,139.54,139.99,136.96,160537373
NVDA,2024-11-06,145.22,146.1,141.58,242043945
NVDA,2024-11-07,148.48,148.53,145.78,207323303
NVDA,2024-11-08,147.23,149.37,145.87,175665830
NVDA,2024-11-11,144.87,148.45,143.19,182325620
NVDA,2024-11-12,147.89,149.25,145.62,198634738
NVDA,2024-11-13,145.88,148.93,145.51,191903267
NVDA,2024-11-14,146.37,148.6,145.16,194463301
NVDA,2024-11-15,141.6,144.85,139.71,250132869
NVDA,2024-11-18,139.77,141.17,136.78,221930607
NVDA,2024-11-19,146.62,146.74,140.61,227850812
NVDA,2024-11-20,145.5,147.17,142.35,306419482
NVDA,2024-11-21,146.28,152.48,140.32,400946570
NVDA,2024-11-22,141.57,146.77,140.72,236406154
NVDA,2024-11-25,135.66,141.67,135.46,344941875
NVDA,2024-11-26,136.55,138.93,135.31,190287654
NVDA,2024-11-27,134.98,136.85,131.45,226370912
NVDA,2024-11-29,137.88,138.98,135.69,141863156
NVDA,2024-12-02,138.26,140.07,137.46,171682777
NVDA,2024-12-03,139.88,140.16,137.58,164413965
NVDA,2024-12-04,144.75,145.4,139.91,231224295
NVDA,2024-12-05,144.68,146.16,143.57,172621180
NVDA,2024-12-06,142.07,145.32,140.94,188505573
NVDA,2024-12-09,138.45,139.59,136.77,189308625
NVDA,2024-12-10,134.72,141.45,133.44,210020888
NVDA,2024-12-11,138.95,139.8,134.86,184905192
NVDA,2024-12-12,136.98,138.08,135.45,159211393
NVDA,2024-12-13,133.9,139.24,132.19,231514881
NVDA,2024-12-16,131.66,134.05,130.08,237951130
NVDA,2024-12-17,130.05,131.25,126.53,259410263
NVDA,2024-12-18,128.57,136.34,127.95,277444533
NVDA,2024-12-19,130.34,133.68,129.21,209719210
NVDA,2024-12-20,134.35,134.93,127.89,306528553
NVDA,2024-12-23,139.31,139.43,134.77,176053506
NVDA,2024-12-24,139.85,141.53,138.29,105156989
NVDA,2024-12-26,139.57,140.48,137.37,116519090
NVDA,2024-12-27,136.65,138.66,134.36,170582603
NVDA,2024-12-30,137.13,139.9,133.67,167734700
NVDA,2024-12-31,133.94,137.71,133.48,155659211
NVDA,2025-01-02,137.95,138.52,134.28,198247166
NVDA,2025-01-03,144.09,144.52,139.37,229322478
NVDA,2025-01-06,149.04,151.76,147.43,265377359
NVDA,2025-01-07,139.77,152.73,139.64,351782174
NVDA,2025-01-08,139.74,143.57,137.2,227349948
NVDA,2025-01-10,135.56,139.56,133.87,207602514
NVDA,2025-01-13,132.88,133.14,129.17,204808914
NVDA,2025-01-14,131.42,136.02,129.71,195590485
NVDA,2025-01-15,135.88,136.09,130.95,185217338
NVDA,2025-01-16,133.22,138.39,133.14,209235583
NVDA,2025-01-17,137.35,138.14,135.11,201188760
NVDA,2025-01-21,140.46,141.46,136.73,197748985
NVDA,2025-01-22,146.69,147.4,143.3,237651395
NVDA,2025-01-23,146.84,146.85,143.35,155915549
NVDA,2025-01-24,142.25,148.58,141.51,234657635
NVDA,2025-01-27,118.11,128.07,116.4,818830895
NVDA,2025-01-28,128.65,128.66,115.95,579666350
NVDA,2025-01-29,123.38,126.56,119.74,467120640
NVDA,2025-01-30,124.32,124.67,117.79,392925469
NVDA,2025-01-31,119.76,127.52,118.88,390372899
NVDA,2025-02-03,116.36,118.26,112.72,371033128
NVDA,2025-02-04,118.34,120.88,116.4,255877635
NVDA,2025-02-05,124.5,124.67,120.45,263110629
NVDA,2025-02-06,128.34,128.43,124.88,251483574
NVDA,2025-02-07,129.5,130.03,124.67,227481363
NVDA,2025-02-10,133.22,134.65,129.62,216875889
NVDA,2025-02-11,132.45,134.13,130.68,178902379
NVDA,2025-02-12,130.8,131.9,128.74,160278552
NVDA,2025-02-13,134.94,136.14,130.83,197429975
NVDA,2025-02-14,138.49,138.89,135.15,195479557
NVDA,2025-02-18,139.04,143.07,137.57,219176627
NVDA,2025-02-19,138.87,140.99,136.86,167304199
NVDA,2025-02-20,139.74,140.29,136.43,143903583
NVDA,2025-02-21,134.08,141.09,133.68,228217585
NVDA,2025-02-24,129.94,138.23,129.74,251381137
NVDA,2025-02-25,126.3,129.86,124.12,271428711
NVDA,2025-02-26,130.94,133.38,128.15,322611814
NVDA,2025-02-27,119.84,134.66,119.7,443175846
NVDA,2025-02-28,124.59,124.76,116.1,389091145
NVDA,2025-03-03,113.76,123.38,111.99,411381373
NVDA,2025-03-04,115.69,119,109.82,398163305
NVDA,2025-03-05,116.99,117.97,114.21,284337886
NVDA,2025-03-06,110.28,115.05,109.93,321181861
NVDA,2025-03-07,112.4,113.18,107.28,341755468
NVDA,2025-03-10,106.7,111.56,105.19,366487363
NVDA,2025-03-11,108.48,111.94,104.5,354865692
NVDA,2025-03-12,115.45,116.47,112.6,323857454
NVDA,2025-03-13,115.29,117.46,113.5,299033131
NVDA,2025-03-14,121.36,121.57,117.85,277593455
NVDA,2025-03-17,119.23,122.58,117.73,255501481
NVDA,2025-03-18,115.14,118.72,114.25,299686944
NVDA,2025-03-19,117.22,120.14,115.39,273426225
NVDA,2025-03-20,118.23,119.9,116.18,248829749
NVDA,2025-03-21,117.4,117.69,115.13,266498528
NVDA,2025-03-24,121.1,121.91,119.04,228452534
NVDA,2025-03-25,120.39,120.98,118.62,167447198
NVDA,2025-03-26,113.47,118.54,112.43,296431667
NVDA,2025-03-27,111.15,114.16,110.38,236902055
NVDA,2025-03-28,109.39,112.59,108.8,229872549
NVDA,2025-03-31,108.11,110.68,103.39,299212213
NVDA,2025-04-01,109.87,109.92,106.2,222614034
NVDA,2025-04-02,110.14,111.7,106.52,220601243
NVDA,2025-04-03,101.54,105.36,101.34,338768918
NVDA,2025-04-04,94.07,99.88,91.88,532271555
NVDA,2025-04-07,97.39,101.49,86.4,611041347
NVDA,2025-04-08,96.06,105.58,94.22,476220941
NVDA,2025-04-09,114.04,114.81,97.28,612871940
NVDA,2025-04-10,107.3,110.58,98.9,437812353
NVDA,2025-04-11,110.65,111.27,107.21,313417265
NVDA,2025-04-14,110.43,114,108.8,264704916
NVDA,2025-04-15,111.92,113.33,110.22,228966900
NVDA,2025-04-16,104.23,106.52,100.2,397016870
NVDA,2025-04-17,101.23,104.21,99.8,292515502
NVDA,2025-04-21,96.67,99.19,94.8,288501136
NVDA,2025-04-22,98.64,99.56,97.04,241003945
NVDA,2025-04-23,102.45,104.54,101.76,247600971
NVDA,2025-04-24,106.16,106.27,102.85,220815041
NVDA,2025-04-25,110.73,111.64,105.46,251064672
NVDA,2025-04-28,108.46,110.09,105.75,207708479
NVDA,2025-04-29,108.75,109.92,107.17,170444263
NVDA,2025-04-30,108.65,108.65,103.82,235044611
NVDA,2025-05-01,111.33,114.65,111.02,236121507
NVDA,2025-05-02,114.21,115.11,113.08,190194778
NVDA,2025-05-05,113.53,114.38,112.38,133163241
NVDA,2025-05-06,113.25,114.45,110.54,158525621
NVDA,2025-05-07,116.77,117.38,112,207827821
NVDA,2025-05-08,117.07,118.38,115.56,198428122
NVDA,2025-05-09,116.36,117.93,114.92,132972189
NVDA,2025-05-12,122.69,122.69,119.98,225023345
NVDA,2025-05-13,129.6,130.89,124.16,330430105
NVDA,2025-05-14,135,135.09,131.35,281180830
NVDA,2025-05-15,134.49,135.96,132.33,226632563
NVDA,2025-05-16,135.06,136.01,133.12,226542451
NVDA,2025-05-19,135.23,135.53,132.06,193154571
NVDA,2025-05-20,134.04,134.24,132.29,161514247
NVDA,2025-05-21,131.47,137.05,130.26,270608738
NVDA,2025-05-22,132.5,133.91,131.22,187343954
NVDA,2025-05-23,130.96,132.35,128.84,198821324
NVDA,2025-05-27,135.16,135.32,132.97,192953613
NVDA,2025-05-28,134.47,136.9,134.45,304021146
NVDA,2025-05-29,138.84,143.13,137.56,370615167
NVDA,2025-05-30,134.79,139.27,132.59,333170851
NVDA,2025-06-02,137.03,137.77,135.06,197663116
NVDA,2025-06-03,140.86,141.64,137.6,225578783
NVDA,2025-06-04,141.56,142.03,139.19,167120819
NVDA,2025-06-05,139.64,143.64,138.48,232410759
NVDA,2025-06-06,141.36,142.91,141.15,153986153
NVDA,2025-06-09,142.27,144.64,141.58,185114494
NVDA,2025-06-10,143.6,143.93,141.17,155881897
NVDA,2025-06-11,142.48,144.64,141.52,167694044
NVDA,2025-06-12,144.65,144.65,141.5,162364991
NVDA,2025-06-13,141.62,143.23,140.51,180820565
NVDA,2025-06-16,144.34,145.82,142.85,183133666
NVDA,2025-06-17,143.77,144.86,143.43,139108000
NVDA,2025-06-18,145.12,145.29,142.77,161494121
NVDA,2025-06-20,143.5,145.84,142.3,242956157
NVDA,2025-06-23,143.82,144.43,141.68,154308941
NVDA,2025-06-24,147.54,147.6,145.14,187566121
NVDA,2025-06-25,153.93,154.07,148.89,269146471
NVDA,2025-06-26,154.64,156.33,153.62,198145746
NVDA,2025-06-27,157.36,158.32,154.88,263234539
NVDA,2025-06-30,157.6,158.27,155.58,194580316
NVDA,2025-07-01,152.92,156.82,151.12,213143621
NVDA,2025-07-02,156.87,157.21,152.6,171224111
NVDA,2025-07-03,158.95,160.59,157.38,143716055
NVDA,2025-07-07,157.85,158.92,156.96,140138975
NVDA,2025-07-08,159.61,159.83,158,138133025
NVDA,2025-07-09,162.48,164.02,160.77,183656443
NVDA,2025-07-10,163.7,164.1,161.21,167703896
NVDA,2025-07-11,164.52,167.48,163.07,193633263
NVDA,2025-07-14,163.67,165.09,161.62,136975754
NVDA,2025-07-15,170.28,171.98,168.78,230627350
NVDA,2025-07-16,170.95,171.33,168.49,158819429
NVDA,2025-07-17,172.58,173.73,170.41,160840364
NVDA,2025-07-18,171.99,173.82,170.84,146454491
NVDA,2025-07-21,170.96,172.96,170.58,123126136
NVDA,2025-07-22,166.62,170.97,164.18,193232007
NVDA,2025-07-23,170.36,170.84,167.56,154354517
NVDA,2025-07-24,173.31,173.4,170.88,128984628
NVDA,2025-07-25,173.08,174.29,172.54,122316392
NVDA,2025-07-28,176.32,176.57,173.54,140023521
NVDA,2025-07-29,175.08,178.94,174.59,154077512
NVDA,2025-07-30,178.83,179.45,175.61,174309599
NVDA,2025-07-31,177.43,182.85,175.5,221685446
NVDA,2025-08-01,173.3,176.11,170.47,204528985
NVDA,2025-08-04,179.56,179.76,174.09,148174609
NVDA,2025-08-05,177.82,179.82,175.47,156407621
NVDA,2025-08-06,178.98,179.46,175.82,137192265
NVDA,2025-08-07,180.33,183.43,178.36,151878365
NVDA,2025-08-08,182.25,182.85,179.96,123396679
NVDA,2025-08-11,181.61,183.39,179.81,138323191
NVDA,2025-08-12,182.71,184.03,179.02,145729202
NVDA,2025-08-13,181.15,183.52,178.91,179871724
NVDA,2025-08-14,181.57,182.57,179.02,129553959
NVDA,2025-08-15,180.01,181.46,177.61,156602161
NVDA,2025-08-18,181.56,182.49,180.15,132007959
NVDA,2025-08-19,175.21,182.05,175.06,185229219
NVDA,2025-08-20,174.97,175.57,168.39,215142725
NVDA,2025-08-21,174.55,176.47,173.38,140040850
NVDA,2025-08-22,177.55,178.15,170.78,172789427
NVDA,2025-08-25,179.37,181.46,176.14,163012789
NVDA,2025-08-26,181.33,181.94,178.37,168688186
NVDA,2025-08-27,181.16,182.04,178.66,235518949
NVDA,2025-08-28,179.73,184.02,175.98,281787824
NVDA,2025-08-29,173.75,177.71,172.72,243207607
NVDA,2025-09-02,170.36,171.96,166.81,231164853
NVDA,2025-09-03,170.2,171.99,168.46,164424873
NVDA,2025-09-04,171.24,171.44,169,141670144
NVDA,2025-09-05,166.61,168.62,163.67,224398193
NVDA,2025-09-08,167.9,170.54,166.94,163765027
NVDA,2025-09-09,170.34,170.56,166.33,157548392
NVDA,2025-09-10,176.9,178.85,175.04,226852020
NVDA,2025-09-11,176.75,179.85,176.06,151120346
NVDA,2025-09-12,177.39,178.17,176.03,124911026
NVDA,2025-09-15,177.33,178.42,174.09,147061559
NVDA,2025-09-16,174.46,177.08,173.96,140737775
NVDA,2025-09-17,169.88,172.79,168.01,211843817
NVDA,2025-09-18,175.82,176.68,172.55,191763305
NVDA,2025-09-19,176.25,177.65,174.76,237182143
NVDA,2025-09-22,183.17,184.11,174.29,269637001
NVDA,2025-09-23,178,181.98,175.79,192559552
NVDA,2025-09-24,176.55,179.35,174.98,143564116
NVDA,2025-09-25,177.27,179.83,172.71,191586733
NVDA,2025-09-26,177.76,179.34,174.51,148573732
NVDA,2025-09-29,181.42,183.56,179.89,193063455
NVDA,2025-09-30,186.13,186.9,181.05,236981032
NVDA,2025-10-01,186.79,187.69,183.46,173844901
NVDA,2025-10-02,188.44,190.59,187.61,136805821
NVDA,2025-10-03,187.17,189.91,184.94,137596896
NVDA,2025-10-06,185.1,186.78,182.89,157678104
NVDA,2025-10-07,184.6,188.61,183.56,140088008
NVDA,2025-10-08,188.66,189.15,186.09,130168861
NVDA,2025-10-09,192.11,194.83,190.6,182997234
NVDA,2025-10-10,182.72,195.15,181.61,268774359
NVDA,2025-10-13,187.87,189.66,185.52,153482755
NVDA,2025-10-14,179.6,184.36,179.27,205641380
NVDA,2025-10-15,179.4,184.43,176.87,214450482
NVDA,2025-10-16,181.38,182.84,179.34,179723309
NVDA,2025-10-17,182.78,183.66,179.32,173135217
NVDA,2025-10-20,182.2,184.76,181.3,128541265
NVDA,2025-10-21,180.73,182.35,179.37,124238917
NVDA,2025-10-22,179.85,183,176.34,162249552
NVDA,2025-10-23,181.72,182.59,179.36,111357857
NVDA,2025-10-24,185.81,187.02,183.06,131284997
NVDA,2025-10-27,191.03,191.54,187.98,153451565
NVDA,2025-10-28,200.55,202.66,191.45,297970590
NVDA,2025-10-29,206.55,211.68,204.29,308822352
NVDA,2025-10-30,202.41,205.67,200.93,178859778
NVDA,2025-10-31,202.01,207.47,201.59,179798344
NVDA,2025-11-03,206.39,210.83,205.07,180267285
NVDA,2025-11-04,198.22,203.48,197.46,188919320
NVDA,2025-11-05,194.74,202.43,194.18,171350332
NVDA,2025-11-06,187.63,197.15,185.93,223029778
NVDA,2025-11-07,187.7,187.87,178.48,264942255
NVDA,2025-11-10,198.57,199.46,193.33,198897134
NVDA,2025-11-11,192.7,194.95,190.84,176483327
NVDA,2025-11-12,193.34,195.42,190.67,154935263
NVDA,2025-11-13,186.41,190.98,183.41,207423074
NVDA,2025-11-14,189.72,190.55,180.15,186591856
NVDA,2025-11-17,186.15,188.55,183.88,173628858
NVDA,2025-11-18,180.93,184.36,179.22,213598877
NVDA,2025-11-19,186.07,187.41,182.39,247246436
NVDA,2025-11-20,180.21,195.53,179.42,343504849
NVDA,2025-11-21,178.45,184.12,172.52,346926153
NVDA,2025-11-24,182.11,183.06,176.06,256618335
NVDA,2025-11-25,177.39,177.73,169.14,320600271
NVDA,2025-11-26,179.83,182.47,177.81,183852010
NVDA,2025-11-28,176.58,178.86,176.08,121332776
NVDA,2025-12-01,179.49,179.87,173.26,188130955
NVDA,2025-12-02,181.03,185.22,179.57,182632230
NVDA,2025-12-03,179.16,182.01,178.68,165138023
NVDA,2025-12-04,182.95,184.08,179.54,167364857
NVDA,2025-12-05,181.98,184.23,180.49,143971098
NVDA,2025-12-08,185.12,187.56,181.97,204378106
NVDA,2025-12-09,184.54,185.28,182.89,144719705
NVDA,2025-12-10,183.35,185.05,181.61,162785370
NVDA,2025-12-11,180.51,180.9,176.21,182136641
NVDA,2025-12-12,174.61,182.39,174.21,204274918
NVDA,2025-12-15,175.88,178,174.62,164775636
NVDA,2025-12-16,177.31,178.07,174.49,148588098
NVDA,2025-12-17,170.54,175.72,169.91,222775464
NVDA,2025-12-18,173.73,175.74,171.42,176096001
NVDA,2025-12-19,180.57,181.03,175.93,324925927
NVDA,2025-12-22,183.26,183.73,181.92,129064369
NVDA,2025-12-23,188.77,188.89,182.47,174873621
NVDA,2025-12-24,188.17,188.47,186.15,65528545
NVDA,2025-12-26,190.09,192.24,187.56,139740292
NVDA,2025-12-29,187.78,188.31,185.48,120006103
NVDA,2025-12-30,187.1,188.55,186.49,97687274
NVDA,2025-12-31,186.06,190.12,186.05,120100484
NVDA,2026-01-02,188.41,192.48,187.82,148240462
NVDA,2026-01-05,187.68,193.18,185.72,182965768
NVDA,2026-01-06,186.8,191.73,186.38,176862604
NVDA,2026-01-07,188.67,190.92,186.12,153543174
NVDA,2026-01-08,184.61,189.11,183.28,172457048
NVDA,2026-01-09,184.43,185.9,183.24,131327534
NVDA,2026-01-12,184.51,186.68,182.59,137968453
NVDA,2026-01-13,185.38,187.67,182.97,160128939
NVDA,2026-01-14,182.71,184.03,180.38,159586135
NVDA,2026-01-15,186.61,189.26,185.9,206188642
NVDA,2026-01-16,185.8,190,185.65,187967169
NVDA,2026-01-20,177.65,181.95,177.2,223345257
NVDA,2026-01-21,182.89,184.95,177.98,200380959
NVDA,2026-01-22,184.41,185.74,183.5,139636626
NVDA,2026-01-23,187.23,189.16,186.39,142748076
NVDA,2026-01-26,186.03,188.68,185.56,124799649
NVDA,2026-01-27,188.08,189.56,185.27,143711557
NVDA,2026-01-28,191.07,191.9,189.4,148552677
NVDA,2026-01-29,192.06,193.03,185.63,171764375
NVDA,2026-01-30,190.68,194.04,189.03,179489463
NVDA,2026-02-02,185.18,189.86,184.45,165794054
NVDA,2026-02-03,179.92,185.84,175.82,204019589
NVDA,2026-02-04,173.78,179.16,171.51,207014116
NVDA,2026-02-05,171.48,176.4,170.63,206312890
NVDA,2026-02-06,184.98,186.56,174.19,231346241
NVDA,2026-02-09,189.6,193.21,183.52,196387351
NVDA,2026-02-10,188.1,192.03,187.68,136764825
NVDA,2026-02-11,189.61,192.81,188.33,144192685
NVDA,2026-02-12,186.5,193.16,186.07,189932491
NVDA,2026-02-13,182.38,187.06,181.17,161888021
NVDA,2026-02-17,184.54,186.71,178.76,162276860
NVDA,2026-02-18,187.54,189.93,186.32,164749125
NVDA,2026-02-19,187.46,187.99,185.23,126554526
NVDA,2026-02-20,189.38,189.89,185.5,178422337
NVDA,2026-02-23,191.1,193.5,189.13,172308551
NVDA,2026-02-24,192.4,193.32,186.96,175776007
NVDA,2026-02-25,195.1,197.17,193.34,251328425
NVDA,2026-02-26,184.46,193.84,183.88,361536254
NVDA,2026-02-27,176.78,182.16,175.97,312365373
NVDA,2026-03-02,182.05,183.03,174.23,209872886
NVDA,2026-03-03,179.63,180.48,176.51,178570134
NVDA,2026-03-04,182.61,184.27,179.64,178388743
NVDA,2026-03-05,182.91,183.63,177.46,199433495
NVDA,2026-03-06,177.4,182.33,176.41,189621819
NVDA,2026-03-09,182.22,182.48,175.15,177936755
NVDA,2026-03-10,184.34,186,181.59,179773840
NVDA,2026-03-11,185.61,187.19,184.03,145920458
NVDA,2026-03-12,182.72,184.52,181.34,156395429
NVDA,2026-03-13,179.84,185.67,179.53,161633342
NVDA,2026-03-16,182.8,188.45,181,218011485
NVDA,2026-03-17,181.52,184.98,181.27,183132298
NVDA,2026-03-18,179.99,182.96,179.92,157311050
NVDA,2026-03-19,178.15,179.57,175.38,171613211
NVDA,2026-03-20,172.31,177.85,171.33,242000619
NVDA,2026-03-23,175.24,177.96,174.36,183546243
NVDA,2026-03-24,174.8,175.82,173.58,148298385
NVDA,2026-03-25,178.27,180.81,176.45,163231995
NVDA,2026-03-26,170.85,176.11,170.75,186803265
NVDA,2026-03-27,167.14,170.58,166.63,196892898
NVDA,2026-03-30,164.79,169.06,163.9,186355646
NVDA,2026-03-31,174,174.22,166.58,226826976
NVDA,2026-04-01,175.35,176.97,174.35,168769141
NVDA,2026-04-02,176.99,177.09,170.98,143768396
NVDA,2026-04-06,177.23,177.38,175.36,108263465
NVDA,2026-04-07,177.69,177.82,173.26,133148456
NVDA,2026-04-08,181.66,184.84,179.89,148352612
NVDA,2026-04-09,183.49,183.66,180.21,117022270
NVDA,2026-04-10,188.2,189.57,183.88,161088311
NVDA,2026-04-13,188.88,189.23,185.32,134319587
NVDA,2026-04-14,196.06,196.06,190.33,161939126
NVDA,2026-04-15,198.42,199.94,195.29,185982399
NVDA,2026-04-16,197.9,199.39,195.36,134632292
NVDA,2026-04-17,201.22,201.24,198.82,160955524
NVDA,2026-04-20,201.6,201.71,197.39,119491484
NVDA,2026-04-21,199.42,202.29,198.55,108571464
NVDA,2026-04-22,202.04,202.04,198.55,108111583
NVDA,2026-04-23,199.18,203.36,196.77,114177276
NVDA,2026-04-24,207.8,210.47,199.35,214787191
NVDA,2026-04-27,216.12,216.33,206.91,187346974
NVDA,2026-04-28,212.68,214.24,207.73,180924999
NVDA,2026-04-29,208.77,212.23,207.1,124348801
NVDA,2026-04-30,199.11,209.82,198.25,225928428
NVDA,2026-05-01,198,202.54,196.67,129316795
NVDA,2026-05-04,198.03,201.27,194.3,126066117
NVDA,2026-05-05,196.05,199.78,195.58,114057648
NVDA,2026-05-06,207.36,207.79,198.16,189029314
NVDA,2026-05-07,211.02,213.71,206.03,168956090
NVDA,2026-05-08,214.71,217.3,212.4,137087377
NVDA,2026-05-11,218.94,221.79,213.4,161442708
NVDA,2026-05-12,220.28,223.24,214.43,159840579
NVDA,2026-05-13,225.31,227.32,221.06,151084898
NVDA,2026-05-14,235.2,236,228.78,181497303
NVDA,2026-05-15,224.81,230.97,223.73,181702283
NVDA,2026-05-18,221.81,229.48,217.87,147057350
NVDA,2026-05-19,220.11,223.97,217.41,141621293
NVDA,2026-05-20,222.96,225.61,219.99,184889870
NVDA,2026-05-21,219.01,226.88,217.43,204097734
NVDA,2026-05-22,214.84,220.51,214.31,170020360
NVDA,2026-05-26,214.37,217.68,211.52,188045403
NVDA,2026-05-27,212.12,213.66,208.3,168345143
NVDA,2026-05-28,213.76,215.03,210.74,144694536
NVDA,2026-05-29,210.66,217.36,210.65,290125155
NVDA,2026-06-01,223.85,224.36,215.21,213699084
NVDA,2026-06-02,222.31,231.75,220.85,194116286
NVDA,2026-06-03,214.26,222.31,214.02,161673109
NVDA,2026-06-04,218.42,221.35,210.73,169809022
NVDA,2026-06-05,204.87,214.63,204.1,220536313
NVDA,2026-06-08,208.41,210.23,205.77,139281506
NVDA,2026-06-09,207.96,211.16,199.12,181717462
NVDA,2026-06-10,200.2,206.99,199.7,162566161
NVDA,2026-06-11,204.64,205.43,199.32,159425222
NVDA,2026-06-12,204.96,206.84,203.21,114393850
NVDA,2026-06-15,212.21,212.47,208.11,150796881
NVDA,2026-06-16,207.18,211.25,207.06,126473110
NVDA,2026-06-17,204.42,208.98,202.85,129667650
NVDA,2026-06-18,210.45,211.15,206.27,242029704
NVDA,2026-06-22,208.42,213.75,207.49,122929739
NVDA,2026-06-23,199.82,203.54,199.78,154267635
NVDA,2026-06-24,198.78,201.44,196.36,152582793
NVDA,2026-06-25,195.52,200.58,191.92,151005633
NVDA,2026-06-26,192.31,195.33,191.01,180094543
NVDA,2026-06-29,194.75,195.96,189.59,149782083
NVDA,2026-06-30,199.87,200.41,194.89,167251384
NVDA,2026-07-01,197.36,199.63,193.23,146941881
NVDA,2026-07-02,194.61,199.83,192.14,143171951
NVDA,2026-07-06,195.33,197.33,193.77,109955973
NVDA,2026-07-07,196.71,198.19,190.93,124983451
NVDA,2026-07-08,203.89,204.93,194.84,148309115
NVDA,2026-07-09,202.55,204.36,198.74,132918514
NVDA,2026-07-10,210.72,210.76,201.69,149342396
NVDA,2026-07-13,203.3,210.33,202.77,122383267
NVDA,2026-07-14,211.56,212.31,203.57,125275656
NVDA,2026-07-15,212.26,213.57,205.81,125684001
NVDA,2026-07-16,207.17,210.84,205.61,123847986
NVDA,2026-07-17,202.58,206.41,197.75,145165772
NVDA,2026-07-20,203.05,207.51,202.05,89614735
NVDA,2026-07-21,207.06,208.42,203.78,109537221
NVDA,2026-07-22,211.82,214.15,204.72,138507101
NVDA,2026-07-23,208.53,210.63,205.73,111300100
NVDA,2026-07-24,206.61,211.67,204.58,115547219
NVDA,2026-07-27,196.29,208.52,195.22,155372595
NVDA,2026-07-28,196.79,198.48,192.52,134849659
NVDA,2026-07-29,189.8,196.85,189.8,148374432
NVDA,2026-07-30,194.82,197.03,191.31,129750733
NVDA,2026-07-31,200.53,201.77,194.73,140779438
NVDA,2026-08-03,206.41,208.51,196.63,129322281
NVDA,2026-08-04,211.7,212.82,208.82,135747704
NVDA,2026-08-05,218.97,221.97,216.16,159043785
NVDA,2026-08-06,218.75,223.38,216.76,114757254
NVDA,2026-08-07,223.71,224.51,220.41,106394101
NVDA,2026-08-10,217.31,223.89,216.53,116639154
NVDA,2026-08-11,217.26,221.95,215.96,102084307
NVDA,2026-08-12,223.84,224.85,219.95,109554449
NVDA,2026-08-13,225.05,226.98,223.46,99603175
NVDA,2026-08-14,224.91,227.24,224.25,76502320
NVDA,2026-08-17,224.76,227.67,224.61,94548785
NVDA,2026-08-18,219.49,221.39,218.45,103948755
NVDA,2026-08-19,217.32,222.62,216.52,97595606
NVDA,2026-08-20,216.61,219.61,215.42,93235829
NVDA,2026-08-21,214.48,218.5,214.26,99710122
NVDA,2026-08-24,208.25,215.35,207.02,136212253
NVDA,2026-08-25,212.81,214.49,209.88,123073328
NVDA,2026-08-26,209.43,213.36,209,180722096
NVDA,2026-08-27,227.73,230.21,220.65,299641110
NVDA,2026-08-28,217.31,229,216.57,195850526
NVDA,2026-08-31,220.53,221.05,215.97,125620166
NVDA,2026-09-01,217.2,220.16,214.86,110556276
NVDA,2026-09-02,224.16,227.7,218.24,157802919
NVDA,2026-09-03,228.19,230.14,224.5,135429028
NVDA,2026-09-04,230.1,234.5,229.37,136094146
NVDA,2026-09-08,225.48,233.45,224.6,123863958
NVDA,2026-09-09,223.42,225.93,223.21,83765394
NVDA,2026-09-10,218.36,220.99,217.2,106720602
NVDA,2026-09-11,218.29,222,218.15,90036579
NVDA,2026-09-14,210.96,212.77,208.93,133340789
NVDA,2026-09-15,212.17,213.94,211.16,89116786
NVDA,2026-09-16,213.9,216.76,212.5,97487314
NVDA,2026-09-17,219.34,219.905,217.145,95312874
NVDA,2026-09-18,222.27,222.73,218.03,191487694
NVDA,2026-09-21,227.38,228.5,221.56,111548034
NVDA,2026-09-22,228.87,229.98,226.5,97682362
NVDA,2026-09-23,225.51,228.95,224.02,91557343
NVDA,2026-09-24,224.58,224.94,221.09,79577171
NVDA,2026-09-25,225.07,226.94,223.1329,92032652
NVDA,2026-09-28,228.86,233.21,228.04,144450079
NVDA,2026-09-29,227.21,232.82,227.025,103704901
NVDA,2026-09-30,228.38,232.37,228.17,123228599
NVDA,2026-10-01,230.86,232.285,228.16,100061671
NVDA,2026-10-02,233.95,237.88,233.6,136337077
SPY,2024-10-01,555.77,561.09,553.21,72668778
SPY,2024-10-02,556,557.02,552.49,38097798
SPY,2024-10-03,554.99,556.92,552.71,40846466
SPY,2024-10-04,560.03,560.4,555.26,43005186
SPY,2024-10-07,554.97,559.03,553.82,49964690
SPY,2024-10-08,560.22,560.81,556.66,37398693
SPY,2024-10-09,564.1,564.65,559.61,37912244
SPY,2024-10-10,563.11,564.53,561.51,44138060
SPY,2024-10-11,566.48,567.21,562.89,42267994
SPY,2024-10-14,571.11,572.04,567.6,36217215
SPY,2024-10-15,566.68,571.68,565.47,54203636
SPY,2024-10-16,569.14,569.66,565.87,30725436
SPY,2024-10-17,569.19,572.87,569,34393714
SPY,2024-10-18,571.38,572.16,569.41,37416801
SPY,2024-10-21,570.44,571.63,567.48,36439010
SPY,2024-10-22,570.14,571.29,567.26,34183835
SPY,2024-10-23,564.93,568.56,561.43,49314574
SPY,2024-10-24,566.15,566.95,563.54,34979860
SPY,2024-10-25,565.95,571.25,565.01,47268176
SPY,2024-10-28,567.7,569.54,567.4,30174704
SPY,2024-10-29,568.62,569.73,565.36,42899661
SPY,2024-10-30,566.9,570.14,566.2,41435839
SPY,2024-10-31,555.79,562.62,555.59,60182451
SPY,2024-11-01,558.13,562.54,557.72,45667533
SPY,2024-11-04,556.93,559.56,555.05,38216975
SPY,2024-11-05,563.67,563.7,557.63,39478322
SPY,2024-11-06,577.68,578.55,572.16,68181968
SPY,2024-11-07,582.15,583.16,579.6,47233212
SPY,2024-11-08,584.67,586.09,582.69,46444893
SPY,2024-11-11,585.23,586.61,583.51,37586773
SPY,2024-11-12,583.41,585.75,580.94,43006128
SPY,2024-11-13,583.69,585.69,581.51,47388640
SPY,2024-11-14,579.94,584.3,579.26,38904109
SPY,2024-11-15,572.51,576.86,570.66,75988766
SPY,2024-11-18,574.86,576.17,572.11,37084081
SPY,2024-11-19,576.96,577.69,570.83,49422046
SPY,2024-11-20,577.15,577.44,571.42,49893334
SPY,2024-11-21,580.25,581.67,574.17,46750285
SPY,2024-11-22,582.05,582.68,579.75,38226390
SPY,2024-11-25,584.02,587.28,581.75,42441393
SPY,2024-11-26,587.07,587.74,584.55,45621288
SPY,2024-11-27,585.3,587.27,583.78,34000163
SPY,2024-11-29,588.93,589.71,585.83,30177351
SPY,2024-12-02,589.99,590.66,588.85,31745989
SPY,2024-12-03,590.26,590.51,588.73,26906629
SPY,2024-12-04,593.93,594.17,591.28,42787561
SPY,2024-12-05,592.95,594.73,592.6,28762183
SPY,2024-12-06,594.07,595.3,593.3,31241549
SPY,2024-12-09,591.01,594.12,590.43,34742738
SPY,2024-12-10,589.18,592.11,588.52,37234515
SPY,2024-12-11,593.73,594.68,591.81,28677723
SPY,2024-12-12,590.67,593.44,590.67,31543812
SPY,2024-12-13,590.55,593.41,589.19,35904730
SPY,2024-12-16,593.08,594.04,591.53,43695179
SPY,2024-12-17,590.63,591.49,589.26,55773545
SPY,2024-12-18,573.03,592.7,572.65,108248729
SPY,2024-12-19,572.85,579.6,572.61,85919452
SPY,2024-12-20,579.73,584.24,569.69,125716674
SPY,2024-12-23,583.2,583.8,576.31,57635828
SPY,2024-12-24,589.69,589.73,583.97,33160097
SPY,2024-12-26,589.73,590.84,586.53,41338891
SPY,2024-12-27,583.52,586.23,579.36,64969310
SPY,2024-12-30,576.86,580.31,573.12,56578757
SPY,2024-12-31,574.76,579.23,573.13,57052654
SPY,2025-01-02,573.35,579.71,569.29,50203975
SPY,2025-01-03,580.52,581.16,575.1,37888459
SPY,2025-01-06,583.86,588.12,582.14,47679442
SPY,2025-01-07,577.26,586.21,575.45,60393052
SPY,2025-01-08,578.11,579.17,573.89,47304672
SPY,2025-01-10,569.28,574.63,567.38,73105046
SPY,2025-01-13,570.16,570.51,564.24,47910060
SPY,2025-01-14,570.95,573.7,567.18,48420580
SPY,2025-01-15,581.33,582.47,577.82,56900159
SPY,2025-01-16,580.21,582.87,579.52,44319662
SPY,2025-01-17,586.04,587.78,584.11,58070628
SPY,2025-01-21,591.4,591.41,587.11,42532853
SPY,2025-01-22,594.73,596.08,593.67,48195973
SPY,2025-01-23,597.97,597.97,593.83,41152102
SPY,2025-01-24,596.23,598.98,595.08,34604693
SPY,2025-01-27,587.79,588.11,583.16,70361125
SPY,2025-01-28,592.85,593.68,585.72,44433322
SPY,2025-01-29,590.19,592.46,587.65,37177429
SPY,2025-01-30,593.36,594.88,589.11,39281255
SPY,2025-01-31,590.2,598.18,589.44,66671471
SPY,2025-02-03,586.23,588.7,579.09,65713364
SPY,2025-02-04,590.16,590.67,585.74,33024773
SPY,2025-02-05,592.55,592.7,587.02,30653149
SPY,2025-02-06,594.61,594.74,590.99,35771503
SPY,2025-02-07,589.17,596.39,588.46,50188662
SPY,2025-02-10,593.17,593.81,591.1,26023524
SPY,2025-02-11,593.62,594.16,590.8,30056740
SPY,2025-02-12,591.71,592.87,586.95,45076076
SPY,2025-02-13,597.95,598.16,591.55,40921297
SPY,2025-02-14,597.93,599.19,597.31,26910448
SPY,2025-02-18,599.68,599.68,596.63,26749030
SPY,2025-02-19,601.09,601.39,597.79,30898690
SPY,2025-02-20,598.59,599.87,595.3,36554002
SPY,2025-02-21,588.35,598.51,587.89,76519818
SPY,2025-02-24,585.68,591.38,584.97,50737213
SPY,2025-02-25,582.76,586.34,578.17,58266472
SPY,2025-02-26,583.06,588,580.43,43321578
SPY,2025-02-27,573.75,586.47,573.36,74196664
SPY,2025-02-28,582.7,583.23,571.19,88744106
SPY,2025-03-03,572.5,585.8,568.7,74249199
SPY,2025-03-04,565.72,574.08,561.2,109648212
SPY,2025-03-05,571.8,573.58,562.01,71230528
SPY,2025-03-06,561.65,568.97,559.11,80094868
SPY,2025-03-07,564.8,566.24,554.71,81158816
SPY,2025-03-10,549.75,558.54,544.86,99326624
SPY,2025-03-11,545.18,553.13,541.36,88102109
SPY,2025-03-12,548.08,552.23,543,69601767
SPY,2025-03-13,540.77,548.31,539.06,74079414
SPY,2025-03-14,551.94,552.94,540.84,62660321
SPY,2025-03-17,556.2,558.71,551.49,49008709
SPY,2025-03-18,550.19,554.11,548.26,66041422
SPY,2025-03-19,556.18,559.92,550.78,66554250
SPY,2025-03-20,554.57,559.55,551.74,62958195
SPY,2025-03-21,554.75,555.65,548.9,83762964
SPY,2025-03-24,564.69,565.74,560.87,58766795
SPY,2025-03-25,566.04,566.98,564.3,38355735
SPY,2025-03-26,559.29,566.9,557.91,52228898
SPY,2025-03-27,557.8,561.56,555.7,42164248
SPY,2025-03-28,546.57,557,545.99,71662653
SPY,2025-03-31,550.24,551.54,537.92,95328113
SPY,2025-04-01,551.79,553.73,544.62,54609641
SPY,2025-04-02,555.28,558.14,545.73,76014544
SPY,2025-04-03,527.92,539,527.92,125985998
SPY,2025-04-04,497.01,517.26,496.8,217962675
SPY,2025-04-07,496.13,514.61,473.92,256611355
SPY,2025-04-08,488.36,516.39,481.16,165794399
SPY,2025-04-09,539.64,539.64,484.98,241835081
SPY,2025-04-10,516,524.77,500.99,162331225
SPY,2025-04-11,525.2,527.65,511.56,97866334
SPY,2025-04-14,530.3,535.37,525.12,68033993
SPY,2025-04-15,528.81,534.34,528.03,56892874
SPY,2025-04-16,517.06,529.08,511.78,83484814
SPY,2025-04-17,517.8,522.47,515.34,79866673
SPY,2025-04-21,505.47,513.16,500.14,69368129
SPY,2025-04-22,518.62,520.64,510.7,75948017
SPY,2025-04-23,526.66,536.5,525.14,90590658
SPY,2025-04-24,537.74,538.47,526.69,64150418
SPY,2025-04-25,541.63,542.03,534.79,61119590
SPY,2025-04-28,541.84,544.49,536.1,47613755
SPY,2025-04-29,545.25,546.36,539.57,47775121
SPY,2025-04-30,545.47,547.41,532.66,93101463
SPY,2025-05-01,549.33,554.84,548.73,63186146
SPY,2025-05-02,557.49,559.08,553.18,60717270
SPY,2025-05-05,554.29,557.38,552.51,38659222
SPY,2025-05-06,549.66,554.13,547.85,48264708
SPY,2025-05-07,551.97,554.59,546.94,55733229
SPY,2025-05-08,555.81,560.98,552.51,65130787
SPY,2025-05-09,555.11,558.21,553.55,37603427
SPY,2025-05-12,573.45,573.46,567.6,78993570
SPY,2025-05-13,577.24,579.44,573.3,67947225
SPY,2025-05-14,577.98,579.34,575.95,66283531
SPY,2025-05-15,580.8,581.3,575.52,71268145
SPY,2025-05-16,584.48,584.77,579.64,76052101
SPY,2025-05-19,585.12,585.79,578.48,68168509
SPY,2025-05-20,583.15,584.33,579.95,60614492
SPY,2025-05-21,573.32,582.88,572.3,95197657
SPY,2025-05-22,573.55,577.02,571.89,70860417
SPY,2025-05-23,569.63,572.29,566.18,76029046
SPY,2025-05-27,581.48,581.63,568.96,72588475
SPY,2025-05-28,578.11,583.07,577.38,68445512
SPY,2025-05-29,580.39,583.49,576.48,70073758
SPY,2025-05-30,579.75,581.46,573.69,90601242
SPY,2025-06-02,583.01,583.09,575.49,61630502
SPY,2025-06-03,586.34,587.31,582.17,63606204
SPY,2025-06-04,586.18,588.17,585.75,57314199
SPY,2025-06-05,583.35,589.2,581.38,92436397
SPY,2025-06-06,589.34,591,587.09,66588743
SPY,2025-06-09,589.87,591.41,588.7,53016418
SPY,2025-06-10,593.21,593.6,589.29,66246973
SPY,2025-06-11,591.52,595.16,589.46,73658225
SPY,2025-06-12,593.87,593.87,589.71,64129003
SPY,2025-06-13,587.23,592,585.74,89487793
SPY,2025-06-16,592.82,594.56,590.4,79984125
SPY,2025-06-17,587.75,591.9,586.99,82209365
SPY,2025-06-18,587.66,591.38,586.71,76605029
SPY,2025-06-20,586.28,591.39,584.88,94051374
SPY,2025-06-23,592.07,592.46,583.93,87426039
SPY,2025-06-24,598.62,599.67,595.29,67735293
SPY,2025-06-25,598.95,600.42,597.39,62114767
SPY,2025-06-26,603.64,604.07,600.18,78548361
SPY,2025-06-27,606.64,608.1,602.61,86258398
SPY,2025-06-30,609.54,610.89,606.76,92502541
SPY,2025-07-01,609.34,610.5,607.24,70030140
SPY,2025-07-02,612.1,612.14,608.31,66510374
SPY,2025-07-03,616.93,617.85,614.06,51065578
SPY,2025-07-07,612.33,615.63,609.56,74814505
SPY,2025-07-08,611.99,613.74,611.18,59024585
SPY,2025-07-09,615.66,616.31,612.56,66113326
SPY,2025-07-10,617.4,618.44,614.63,57527933
SPY,2025-07-11,615.23,616.45,613.17,63670226
SPY,2025-07-14,616.4,616.75,613.43,51898518
SPY,2025-07-15,613.77,619.41,613.69,74317260
SPY,2025-07-16,615.82,616.32,609.73,88964127
SPY,2025-07-17,619.59,619.95,615.78,68885558
SPY,2025-07-18,619.14,621,618.03,65621496
SPY,2025-07-21,620.31,623.04,619.89,63374984
SPY,2025-07-22,620.4,621.26,617.76,60046288
SPY,2025-07-23,625.68,625.68,621.26,71015836
SPY,2025-07-24,625.88,627.59,625.46,71307134
SPY,2025-07-25,628.53,629,626.3,56865364
SPY,2025-07-28,628.37,629.46,626.99,54917102
SPY,2025-07-29,626.71,630.08,625.8,60556278
SPY,2025-07-30,625.92,629.1,623.04,80413429
SPY,2025-07-31,623.58,631.24,622.28,103385246
SPY,2025-08-01,613.35,617.91,610.96,140103572
SPY,2025-08-04,622.68,622.72,617.16,73218015
SPY,2025-08-05,619.52,624.09,618.6,68051401
SPY,2025-08-06,624.27,624.92,619.68,64357525
SPY,2025-08-07,623.74,628.41,620.65,74205791
SPY,2025-08-08,628.61,629.07,625.21,64051626
SPY,2025-08-11,627.36,630.35,626.12,58742300
SPY,2025-08-12,634.04,634.2,628.22,64821798
SPY,2025-08-13,636.21,637.5,634.03,60092790
SPY,2025-08-14,636.27,636.93,633.7,59327466
SPY,2025-08-15,634.78,637.4,633.87,68592507
SPY,2025-08-18,634.64,635.33,633.54,43804914
SPY,2025-08-19,631.2,635.44,629.89,69750731
SPY,2025-08-20,629.52,631.05,624.43,88890298
SPY,2025-08-21,627,629.39,625.28,54805775
SPY,2025-08-22,636.63,637.8,628.68,84083214
SPY,2025-08-25,633.83,636.61,633.71,51274332
SPY,2025-08-26,636.48,636.82,632.94,51581565
SPY,2025-08-27,637.93,638.66,635.75,48341069
SPY,2025-08-28,640.19,640.74,636.66,61519461
SPY,2025-08-29,636.37,639.12,634.49,74423178
SPY,2025-09-02,631.66,631.87,626.38,81983545
SPY,2025-09-03,635.08,635.54,631.84,70820898
SPY,2025-09-04,640.39,640.42,634.85,65219228
SPY,2025-09-05,638.53,643.43,634.67,84304124
SPY,2025-09-08,640.1,641.1,638.52,63130164
SPY,2025-09-09,641.58,642.1,638.51,66133856
SPY,2025-09-10,643.43,645.74,641.88,78034529
SPY,2025-09-11,648.78,649.47,644.8,69895740
SPY,2025-09-12,648.56,650.24,648.06,72780135
SPY,2025-09-15,652.02,652.15,650.47,63772412
SPY,2025-09-16,651.12,652.88,650.34,61168953
SPY,2025-09-17,650.31,652.82,645.5,101952244
SPY,2025-09-18,653.35,655.94,651.39,90458735
SPY,2025-09-19,656.59,657.43,653.29,97945620
SPY,2025-09-22,659.69,660.14,655.07,69452201
SPY,2025-09-23,656.1,660.19,654.88,81708872
SPY,2025-09-24,654.01,657.49,652.6,68082229
SPY,2025-09-25,651,652.34,647.39,89622067
SPY,2025-09-26,654.73,655.27,650.83,69179209
SPY,2025-09-29,656.57,658.15,654.76,73499015
SPY,2025-09-30,659.04,659.5,654.52,86288028
SPY,2025-10-01,661.28,662.19,655.95,72545369
SPY,2025-10-02,662.05,663.38,659.63,56895993
SPY,2025-10-03,662.04,665.46,661,70494350
SPY,2025-10-06,664.41,665.3,662.28,54623260
SPY,2025-10-07,661.95,665.78,660.51,72020067
SPY,2025-10-08,665.89,665.99,662.24,60702241
SPY,2025-10-09,663.97,666.72,662.04,66501941
SPY,2025-10-10,646.02,666.73,645.84,159422589
SPY,2025-10-13,655.93,658,652.7,79560517
SPY,2025-10-14,655.13,658.69,646.17,88779560
SPY,2025-10-15,658.04,663.05,651.87,81702555
SPY,2025-10-16,653.56,661.54,650.07,110563346
SPY,2025-10-17,657.27,658.62,651.08,96500870
SPY,2025-10-20,664.1,665,660.12,60492650
SPY,2025-10-21,664.09,665.78,662.8,56248835
SPY,2025-10-22,660.64,664.8,656.19,80564006
SPY,2025-10-23,664.56,665.5,660.64,65604461
SPY,2025-10-24,669.99,671.2,668.41,74356527
SPY,2025-10-27,677.89,678.19,674.8,63293828
SPY,2025-10-28,679.69,681.52,677.49,61737972
SPY,2025-10-29,680.02,682.31,675.55,85340645
SPY,2025-10-30,672.54,678.59,672.54,76335751
SPY,2025-10-31,674.75,677.74,671.96,87164122
SPY,2025-11-03,676.01,678.45,672.65,57315025
SPY,2025-11-04,668,672.67,667.35,78426969
SPY,2025-11-05,670.32,673.56,666.94,74402376
SPY,2025-11-06,663.12,670.12,661.55,85035298
SPY,2025-11-07,663.78,663.89,654.12,100592443
SPY,2025-11-10,674.13,674.87,667.79,75842888
SPY,2025-11-11,675.68,676.24,671.45,58953385
SPY,2025-11-12,676.05,677.62,673.65,62312484
SPY,2025-11-13,664.84,673.56,663.33,103457788
SPY,2025-11-14,664.73,668.42,656.15,96846672
SPY,2025-11-17,658.53,666.49,655.07,90456105
SPY,2025-11-18,653,657.99,648.83,114467488
SPY,2025-11-19,655.53,660.19,651.68,94702955
SPY,2025-11-20,645.53,668.32,644.9,165293521
SPY,2025-11-21,651.97,657.43,643.87,123956203
SPY,2025-11-24,661.56,662.88,654.5,80437940
SPY,2025-11-25,667.78,668.96,657.36,81077088
SPY,2025-11-26,672.39,674.39,669.47,71879597
SPY,2025-11-28,676.06,676.34,673.21,49212030
SPY,2025-12-01,672.98,675.67,671.46,61201193
SPY,2025-12-02,674.22,676.49,672.05,62953844
SPY,2025-12-03,676.56,677.57,672.4,57238481
SPY,2025-12-04,677.05,678.02,674.04,61970336
SPY,2025-12-05,678.34,681.01,677.24,79241045
SPY,2025-12-08,676.3,679.28,674.26,55231462
SPY,2025-12-09,675.72,678.04,675.27,58310055
SPY,2025-12-10,680.2,681.58,674.01,85671334
SPY,2025-12-11,681.78,681.86,674.85,86173678
SPY,2025-12-12,674.45,681.5,671.89,113160347
SPY,2025-12-15,673.43,678.41,671.97,90810952
SPY,2025-12-16,671.59,673.78,667.74,122030631
SPY,2025-12-17,664.2,673.14,664,110625198
SPY,2025-12-18,669.22,673.44,667.67,108650128
SPY,2025-12-19,675.28,675.78,671.2,103599543
SPY,2025-12-22,679.49,680.02,675.28,69556733
SPY,2025-12-23,682.6,682.83,678.54,64839951
SPY,2025-12-24,685,685.44,682.44,39445560
SPY,2025-12-26,684.93,686.27,683.9,41613347
SPY,2025-12-29,682.49,683.83,680.72,62559503
SPY,2025-12-30,681.65,683.19,681.23,47160671
SPY,2025-12-31,676.6,682,676.4,74144801
SPY,2026-01-02,677.84,681.52,674.52,89377203
SPY,2026-01-05,682.36,684.06,681.02,71753091
SPY,2026-01-06,686.42,686.92,682.42,69273827
SPY,2026-01-07,684.2,688.55,683.95,75588337
SPY,2026-01-08,684.13,685.23,682.13,64019200
SPY,2026-01-09,688.66,689.89,683.81,80125467
SPY,2026-01-12,689.74,690.66,685.25,63976002
SPY,2026-01-13,688.36,690.66,685.96,78309726
SPY,2026-01-14,684.98,686.33,680.69,94676684
SPY,2026-01-15,686.84,690.03,685.86,77861974
SPY,2026-01-16,686.27,688.84,684.72,79289200
SPY,2026-01-20,672.3,679.43,671.3,111623277
SPY,2026-01-21,680.06,683.37,672.84,127844467
SPY,2026-01-22,683.61,685.74,681.56,77112243
SPY,2026-01-23,683.86,685.57,681.8,63059578
SPY,2026-01-26,687.33,688.72,684.54,60473813
SPY,2026-01-27,690.07,691.1,688.16,55506147
SPY,2026-01-28,690,692.4,688.53,61172165
SPY,2026-01-29,688.63,691.63,679.49,97486198
SPY,2026-01-30,686.58,688.8,681.76,101835131
SPY,2026-02-02,689.99,691.5,68.47,79286521
SPY,2026-02-03,684.15,691.53,678.7,107904611
SPY,2026-02-04,680.84,686.06,676.44,105204600
SPY,2026-02-05,672.34,678.36,670.52,113610812
SPY,2026-02-06,685.24,686.91,675.54,89127566
SPY,2026-02-09,688.54,690.44,682.97,73885192
SPY,2026-02-10,686.72,691.11,686.27,65185725
SPY,2026-02-11,686.57,691.7,683.81,76353872
SPY,2026-02-12,675.96,689.93,675.07,118828963
SPY,2026-02-13,676.43,680.93,672.24,96267487
SPY,2026-02-17,677.53,679.6,670.51,81354660
SPY,2026-02-18,680.94,683.78,677.51,73570341
SPY,2026-02-19,679.14,680.83,676.23,58649363
SPY,2026-02-20,684.06,684.68,676.42,100033986
SPY,2026-02-23,677.07,684.62,675.07,90667777
SPY,2026-02-24,681.99,682.98,674.7,73879636
SPY,2026-02-25,687.75,688.27,684.72,56447240
SPY,2026-02-26,683.93,687.89,679.01,71763014
SPY,2026-02-27,680.64,681.51,676.33,83410162
SPY,2026-03-02,681.03,683.25,672.73,87604490
SPY,2026-03-03,675.03,677.29,664.44,105122181
SPY,2026-03-04,679.79,681.73,674.32,79278994
SPY,2026-03-05,676,680.19,670.34,106716391
SPY,2026-03-06,667.14,670.84,664.54,100796751
SPY,2026-03-09,672.98,674.62,657.23,102774914
SPY,2026-03-10,671.9,678.03,669.5,81585842
SPY,2026-03-11,671.06,674.78,668.09,68519802
SPY,2026-03-12,660.87,666.41,660.68,108960383
SPY,2026-03-13,657.13,667.09,656.2,97287732
SPY,2026-03-16,663.81,666.83,661.92,82112619
SPY,2026-03-17,665.56,669.18,664.48,87193712
SPY,2026-03-18,656.27,664.5,656.04,82139971
SPY,2026-03-19,654.66,657.81,650.06,111355978
SPY,2026-03-20,645.3,653.38,641.47,163708346
SPY,2026-03-23,652.08,659.28,650.64,134908956
SPY,2026-03-24,649.89,653.72,646.6,96536775
SPY,2026-03-25,653.51,657.56,650.94,90728937
SPY,2026-03-26,641.84,651.55,641.57,96572697
SPY,2026-03-27,630.89,639.42,629.91,103743913
SPY,2026-03-30,628.79,637.14,626.11,99377166
SPY,2026-03-31,647.06,648.26,634.76,152604652
SPY,2026-04-01,651.94,655.2,649.71,97921207
SPY,2026-04-02,652.52,654.88,641.86,68431760
SPY,2026-04-06,655.61,656.4,652.22,39197388
SPY,2026-04-07,655.9,656.29,647.78,70057264
SPY,2026-04-08,672.6,673.67,668.08,93677757
SPY,2026-04-09,676.48,677.73,670.37,57197883
SPY,2026-04-10,676.04,678.59,675.03,42320741
SPY,2026-04-13,682.64,682.84,673.17,54263576
SPY,2026-04-14,690.96,691.08,684.19,63547765
SPY,2026-04-15,696.41,696.75,690.7,58310636
SPY,2026-04-16,698.12,699.24,695.01,50037766
SPY,2026-04-17,706.56,708.8,702.2,70739977
SPY,2026-04-20,705.15,706.33,702.58,43593498
SPY,2026-04-21,700.53,707.69,699.1,59014672
SPY,2026-04-22,707.63,707.86,704.65,42583611
SPY,2026-04-23,704.88,708.77,698.74,56244485
SPY,2026-04-24,710.34,710.87,705.44,45278698
SPY,2026-04-27,711.57,712.02,708.71,33179855
SPY,2026-04-28,708.1,709.29,705.68,43186985
SPY,2026-04-29,707.99,708.61,704.8,41928677
SPY,2026-04-30,715.04,716.16,706.86,67313196
SPY,2026-05-01,717.02,721.22,716.84,43135976
SPY,2026-05-04,714.39,718.48,711.39,52017943
SPY,2026-05-05,720.12,721.39,717.85,37011872
SPY,2026-05-06,730.13,730.89,724.15,53373841
SPY,2026-05-07,727.89,732.42,726.07,51811081
SPY,2026-05-08,733.9,734.36,730.87,47309511
SPY,2026-05-11,735.57,737.06,732.74,44122056
SPY,2026-05-12,734.46,735.12,728.14,54273627
SPY,2026-05-13,738.57,740.16,731.76,44279823
SPY,2026-05-14,744.4,745.75,739.81,45389220
SPY,2026-05-15,735.44,739.71,734.24,60513211
SPY,2026-05-18,734.93,737.68,729.69,47930194
SPY,2026-05-19,730.03,733.93,727.84,54323631
SPY,2026-05-20,737.51,738.13,730.19,45832492
SPY,2026-05-21,738.98,741.12,733.32,43396522
SPY,2026-05-22,741.88,745.17,740.73,41833274
SPY,2026-05-26,746.81,748.34,744.6,41224290
SPY,2026-05-27,746.68,747.59,744.45,42182638
SPY,2026-05-28,750.8,751.34,745.45,41635596
SPY,2026-05-29,752.67,754.26,750.89,55157560
SPY,2026-06-01,754.72,756.45,750.89,43743307
SPY,2026-06-02,755.74,756.57,752.94,31659089
SPY,2026-06-03,750.44,754.98,749.77,51481600
SPY,2026-06-04,753.27,754.49,747.68,49997957
SPY,2026-06-05,733.83,749.03,731.82,94079416
SPY,2026-06-08,735.49,741.58,734.47,49409156
SPY,2026-06-09,733.34,743.14,718.95,87632447
SPY,2026-06-10,721.77,734.66,721.67,60413773
SPY,2026-06-11,734.04,736.27,720.75,86398845
SPY,2026-06-12,738.01,740.69,731.33,57157800
SPY,2026-06-15,751.03,752.87,747.97,60270690
SPY,2026-06-16,746.55,751.63,746.1,67210550
SPY,2026-06-17,737.23,748.36,735.49,86738310
SPY,2026-06-18,744.89,746.38,742.02,88133310
SPY,2026-06-22,742.55,748.32,741.29,46731169
SPY,2026-06-23,731.76,737.8,730.49,66917430
SPY,2026-06-24,731.42,738.11,729.03,57507627
SPY,2026-06-25,732.48,737.54,727.79,54195404
SPY,2026-06-26,727.18,734.71,714.81,71104306
SPY,2026-06-29,739.16,739.72,730.28,58501605
SPY,2026-06-30,744.92,746.17,739.05,55693737
SPY,2026-07-01,743.91,747.58,740.54,47175555
SPY,2026-07-02,742.94,749.45,738.2,57575794
SPY,2026-07-06,749.42,750.55,745.56,50768534
SPY,2026-07-07,745.86,749.1,743.36,43789259
SPY,2026-07-08,743.55,744.3,737.68,43833354
SPY,2026-07-09,749.85,750.11,743.74,41503216
SPY,2026-07-10,753.08,753.55,746.25,42260129
SPY,2026-07-13,747.31,752.04,746.15,44096964
SPY,2026-07-14,749.97,751.47,746.81,35205607
SPY,2026-07-15,752.94,753.71,748.34,43913069
SPY,2026-07-16,748.86,752.7,746.03,46475759
SPY,2026-07-17,741.45,745.44,738.97,62723008
SPY,2026-07-20,740.25,746.88,739.67,50500548
SPY,2026-07-21,746.43,747.18,742.34,34385946
SPY,2026-07-22,745.56,748.16,744.52,32896257
SPY,2026-07-23,736.35,740.72,733.39,55502098
SPY,2026-07-24,737.1,741.88,735.46,44843800
SPY,2026-07-27,737.26,743.68,734.05,41536532
SPY,2026-07-28,739.03,740.95,734.16,47379272
SPY,2026-07-29,727.65,740.84,727.29,70750566
SPY,2026-07-30,739.85,740.61,732.77,66868279
SPY,2026-07-31,745.18,747.04,735.85,62511105
SPY,2026-08-03,755.79,756.7,746.95,60014445
SPY,2026-08-04,769.42,771.49,758.64,69231912
SPY,2026-08-05,767.88,774.93,767.6,44774888
SPY,2026-08-06,766.66,769.91,765.56,38491050
SPY,2026-08-07,771.34,772,767.7,43663040
SPY,2026-08-10,771.12,773.13,769.71,39337305
SPY,2026-08-11,768.65,772.69,767.29,36805242
SPY,2026-08-12,770.58,772.98,769.37,33236038
SPY,2026-08-13,775.95,777.44,772.19,35695716
SPY,2026-08-14,774.42,776.87,773.51,31437396
SPY,2026-08-17,770.76,774.85,770.6,34439149
SPY,2026-08-18,765.55,767.59,765.02,43979763
SPY,2026-08-19,767.16,770.56,766.2,40363941
SPY,2026-08-20,760.71,766.25,760.15,45438509
SPY,2026-08-21,763.82,765.95,762.28,39251890
SPY,2026-08-24,761.58,763.32,760.19,32505361
SPY,2026-08-25,764.01,764.88,761.16,27475227
SPY,2026-08-26,764.18,765.45,762.04,28810662
SPY,2026-08-27,769.19,770.44,765.26,34599995
SPY,2026-08-28,767.44,773.38,766.4,36806117
SPY,2026-08-31,765.15,766.09,762.82,38903113
SPY,2026-09-01,759.89,762.78,757.6,41180135
SPY,2026-09-02,763.26,764.53,759.84,29619038
SPY,2026-09-03,771.25,772.11,765.55,43573653
SPY,2026-09-04,768.28,770.96,767.1,34119246
SPY,2026-09-08,764.06,767.79,763.24,44800583
SPY,2026-09-09,760.51,762.58,759.06,32854839
SPY,2026-09-10,755.95,758.23,754.77,42761740
SPY,2026-09-11,762.4,764.48,761.71,45555311
SPY,2026-09-14,759,761.63,756.05,44028969
SPY,2026-09-15,755.51,758.47,754.28,46265454
SPY,2026-09-16,752.18,759.78,747.74,59259903
SPY,2026-09-17,760.71,761.68,758.08,49685398
SPY,2026-09-18,761.69,762,757.971,65377133
SPY,2026-09-21,773.5,774.89,766.03,50567900
SPY,2026-09-22,773.38,775.14,772.57,34874238
SPY,2026-09-23,767.81,773.05,766.5,54982805
SPY,2026-09-24,767.18,768.95,763.245,44055221
SPY,2026-09-25,771.35,772.28,766.29,36735822
SPY,2026-09-28,765.61,769.54,763.715,42752751
SPY,2026-09-29,764.2,766.98,762.35,37009343
SPY,2026-09-30,762.63,769.41,762.18,62848369
SPY,2026-10-01,763.99,765.65,758.7901,48524799
SPY,2026-10-02,769.64,772.65,767.145,46848733
XOM,2024-10-01,112.48,113.11,108.73,23235878
XOM,2024-10-02,113.98,115.2,112.74,17129676
XOM,2024-10-03,114.97,115.52,113.42,16524334
XOM,2024-10-04,117.08,117.42,114.83,19759207
XOM,2024-10-07,117.59,118.5,117.11,15714440
XOM,2024-10-08,114.46,116.32,113.73,14818475
XOM,2024-10-09,114.51,114.97,113.3,11144864
XOM,2024-10-10,115.5,116.02,114.7,10243320
XOM,2024-10-11,115.94,116.33,115.31,8294839
XOM,2024-10-14,116.38,116.55,115,9808122
XOM,2024-10-15,112.88,114.38,112.34,15771317
XOM,2024-10-16,113.17,113.9,113.11,8426770
XOM,2024-10-17,112.88,114.03,112.28,11204857
XOM,2024-10-18,112.56,113.15,111.75,12898640
XOM,2024-10-21,112.63,113.94,112.29,10177777
XOM,2024-10-22,113.21,113.67,112.49,9201408
XOM,2024-10-23,112.8,113.25,111.99,8320330
XOM,2024-10-24,112.17,112.96,111.73,9905556
XOM,2024-10-25,112.07,112.95,111.91,10714583
XOM,2024-10-28,111.52,111.62,109.52,11844545
XOM,2024-10-29,110,111.77,109.8,14731024
XOM,2024-10-30,109.45,110.93,109.25,12303738
XOM,2024-10-31,109.53,111.3,109.44,20511977
XOM,2024-11-01,107.81,112.5,107.71,20939321
XOM,2024-11-04,111.25,111.33,108.73,14965433
XOM,2024-11-05,111.58,111.81,110.68,10436744
XOM,2024-11-06,113.49,114.34,111.89,20807681
XOM,2024-11-07,113.63,113.96,112.18,12184431
XOM,2024-11-08,113.59,113.88,112.23,12835969
XOM,2024-11-11,112.99,114.07,112.62,11969663
XOM,2024-11-12,112.88,113.78,112.4,11972802
XOM,2024-11-13,113.93,114.47,111.43,15127877
XOM,2024-11-14,114,115.25,113.79,13041845
XOM,2024-11-15,112.82,114.65,112.65,19051713
XOM,2024-11-18,113.77,114.06,112.79,14243701
XOM,2024-11-19,112.18,113.24,111.77,11584382
XOM,2024-11-20,113.78,113.92,112.19,11353354
XOM,2024-11-21,115.3,115.89,113.73,14675422
XOM,2024-11-22,115.17,116.51,115.03,13323431
XOM,2024-11-25,113.45,115.25,113.11,26580295
XOM,2024-11-26,111.56,113.17,111.44,14827327
XOM,2024-11-27,111.26,112.27,111.05,11079122
XOM,2024-11-29,111.55,112.06,110.59,9426499
XOM,2024-12-02,111.44,111.77,110.47,12687317
XOM,2024-12-03,111.27,112.26,110.88,11756566
XOM,2024-12-04,108.07,111.16,107.67,19520583
XOM,2024-12-05,108.54,109.33,107.86,15751204
XOM,2024-12-06,107.39,108.53,107.33,16171066
XOM,2024-12-09,106.76,108.69,106.61,17412565
XOM,2024-12-10,106.54,107.69,105.67,20990943
XOM,2024-12-11,105.83,106.28,105.07,32392238
XOM,2024-12-12,105.74,106.27,104.76,14543256
XOM,2024-12-13,104.81,105.81,104.26,13106079
XOM,2024-12-16,102.57,104.4,102.28,20256088
XOM,2024-12-17,102.14,102.29,100.98,17553995
XOM,2024-12-18,100.63,102.91,100.53,17114542
XOM,2024-12-19,99.77,101.82,99.49,20565557
XOM,2024-12-20,100.11,100.36,99.14,40141153
XOM,2024-12-23,100.52,100.8,99.22,12285078
XOM,2024-12-24,100.61,101.36,99.95,7806997
XOM,2024-12-26,100.7,101.21,100.18,9653408
XOM,2024-12-27,100.69,102.12,100.02,11943906
XOM,2024-12-30,100.01,100.77,99.77,11080770
XOM,2024-12-31,101.72,102.03,100.03,12387756
XOM,2025-01-02,101.48,103.07,101.07,12685447
XOM,2025-01-03,102,102.59,101.62,14237885
XOM,2025-01-06,101.88,103.81,101.67,15623677
XOM,2025-01-07,102.84,104.08,102.39,12625890
XOM,2025-01-08,101.12,101.85,100.25,17858110
XOM,2025-01-10,100.75,104.11,100.03,19304499
XOM,2025-01-13,103.35,103.67,101.3,17073395
XOM,2025-01-14,103.75,103.79,101.97,11191175
XOM,2025-01-15,105.45,105.66,103.52,14521095
XOM,2025-01-16,105.27,105.62,104.54,10366585
XOM,2025-01-17,106.21,106.73,104.79,19298504
XOM,2025-01-21,105.41,106.08,105.09,20416286
XOM,2025-01-22,103.57,105.5,103.45,15718012
XOM,2025-01-23,104.16,105.1,103.65,13726784
XOM,2025-01-24,102.75,104.69,102.52,14235885
XOM,2025-01-27,104.18,104.45,102.5,15926670
XOM,2025-01-28,102.17,104.84,101.93,15862029
XOM,2025-01-29,102.76,102.87,101.63,12345523
XOM,2025-01-30,103.61,103.88,102.79,14346335
XOM,2025-01-31,101.02,104.54,100.33,20381446
XOM,2025-02-03,101.27,101.47,99.6,14613623
XOM,2025-02-04,103.98,104.28,100.74,14808549
XOM,2025-02-05,103.91,104.03,103.17,13364387
XOM,2025-02-06,102.53,105.01,102.11,13411401
XOM,2025-02-07,102.97,103.76,102.43,10018284
XOM,2025-02-10,104.94,104.99,103.9,12133887
XOM,2025-02-11,105.6,106.39,104.79,12713127
XOM,2025-02-12,102.42,105.17,102.26,18244122
XOM,2025-02-13,103.17,103.43,101.63,15459952
XOM,2025-02-14,103.27,105.17,103.14,15733529
XOM,2025-02-18,105.08,105.89,103.35,20060298
XOM,2025-02-19,105.24,106.98,105,10956665
XOM,2025-02-20,106.86,107.26,104.9,16325803
XOM,2025-02-21,105.61,106.71,105.48,14709985
XOM,2025-02-24,106.16,106.72,105.25,13153471
XOM,2025-02-25,104.69,106.98,103.89,14496964
XOM,2025-02-26,104.43,104.83,103.54,10446405
XOM,2025-02-27,105.09,106.18,104.26,15293173
XOM,2025-02-28,106.22,106.46,104.32,18821665
XOM,2025-03-03,102.81,107.01,101.62,18706879
XOM,2025-03-04,102.6,103.96,101.08,19394905
XOM,2025-03-05,100.6,101.45,98.91,24822245
XOM,2025-03-06,102.68,103.15,99.57,17150233
XOM,2025-03-07,104.01,105.33,103.33,19624965
XOM,2025-03-10,106.67,107.4,104.07,22749073
XOM,2025-03-11,104.15,106.95,103.79,19904735
XOM,2025-03-12,104.12,105.07,103.44,14051500
XOM,2025-03-13,103.68,105.73,102.68,17767836
XOM,2025-03-14,106.76,107.03,103.34,15890063
XOM,2025-03-17,108.54,109.24,106.6,19908789
XOM,2025-03-18,108.42,109.28,107.4,15998713
XOM,2025-03-19,110.11,110.5,108.6,17315001
XOM,2025-03-20,110.58,111.12,108.97,16230772
XOM,2025-03-21,110.2,110.66,109.1,41102795
XOM,2025-03-24,110.48,111.54,110.27,14207469
XOM,2025-03-25,111.24,112.23,110.64,12081795
XOM,2025-03-26,112.84,113.71,112.28,14112756
XOM,2025-03-27,112.48,113.6,111.87,12740786
XOM,2025-03-28,112.32,113.02,111.85,10233433
XOM,2025-03-31,113.47,114.4,112.38,21652345
XOM,2025-04-01,113.57,113.8,112.52,12425434
XOM,2025-04-02,113.22,113.38,112.26,12614605
XOM,2025-04-03,107.27,110.15,107.08,21204636
XOM,2025-04-04,99.55,105.74,99.06,30840658
XOM,2025-04-07,98.21,100.94,93.94,35068450
XOM,2025-04-08,96.14,100.75,94.46,27141304
XOM,2025-04-09,100.94,101.69,93.62,30057701
XOM,2025-04-10,95.34,99.02,93.31,33999317
XOM,2025-04-11,98.4,99.16,94.25,22884628
XOM,2025-04-14,98.64,100.26,98,18019969
XOM,2025-04-15,98.37,100.57,98.27,13164863
XOM,2025-04-16,99.41,100.74,98.93,13607024
XOM,2025-04-17,102.01,103.57,99.66,17915841
XOM,2025-04-21,100.51,100.78,99.34,16926493
XOM,2025-04-22,103.33,103.94,101.27,13145443
XOM,2025-04-23,102.44,104.28,101.58,14235710
XOM,2025-04-24,103.64,103.88,102.05,9849553
XOM,2025-04-25,103.59,103.76,102.49,11245793
XOM,2025-04-28,103.64,104.23,102.74,13890869
XOM,2025-04-29,103.38,103.83,102.58,9483135
XOM,2025-04-30,100.78,102.48,99.37,20379282
XOM,2025-05-01,100.92,102.01,100.16,18610256
XOM,2025-05-02,101.33,104,99.75,16581870
XOM,2025-05-05,98.53,99.85,98.34,19623970
XOM,2025-05-06,99.9,101.11,98.73,16303449
XOM,2025-05-07,99.81,100.46,99.29,12335924
XOM,2025-05-08,101.2,102.45,100.5,19196548
XOM,2025-05-09,102.38,102.8,101.5,10992080
XOM,2025-05-12,104.15,105.37,103.35,14244559
XOM,2025-05-13,104.43,105.44,104.01,13350836
XOM,2025-05-14,103.5,103.86,102.97,15494932
XOM,2025-05-15,104.55,104.62,102.04,15004291
XOM,2025-05-16,104.17,104.85,103.46,14042535
XOM,2025-05-19,102.52,103.58,101.79,16802719
XOM,2025-05-20,101.05,102.75,100.89,12429321
XOM,2025-05-21,99.81,101.07,99.79,16716079
XOM,2025-05-22,99.15,99.63,98.11,13417378
XOM,2025-05-23,99.2,99.63,98.28,12061606
XOM,2025-05-27,99.68,100,99.08,13043604
XOM,2025-05-28,98.32,100.55,98.01,14292377
XOM,2025-05-29,98.88,99.03,97.97,13832487
XOM,2025-05-30,98.5,98.59,97.43,28645787
XOM,2025-06-02,99.22,99.99,98.42,17290462
XOM,2025-06-03,99.95,100.77,98.42,19194335
XOM,2025-06-04,98.5,101.02,98.5,15648515
XOM,2025-06-05,98.05,99.22,97.95,13942218
XOM,2025-06-06,100.4,100.62,98.86,15487844
XOM,2025-06-09,101.07,101.92,99.98,17087328
XOM,2025-06-10,103.24,103.65,101.99,17634793
XOM,2025-06-11,105.25,105.33,102.51,22648191
XOM,2025-06-12,105.66,106.1,104.2,17469408
XOM,2025-06-13,107.96,108.35,106.57,28540165
XOM,2025-06-16,108.3,108.96,107,22986113
XOM,2025-06-17,109.77,110.66,108.91,19451701
XOM,2025-06-18,108.99,110.96,108.75,17968893
XOM,2025-06-20,110.44,110.76,108.98,36273288
XOM,2025-06-23,107.59,112.61,107.03,26631056
XOM,2025-06-24,104.32,106.82,103.9,24828277
XOM,2025-06-25,104.35,105.18,103.7,17483231
XOM,2025-06-26,105.91,106.33,104.52,18304841
XOM,2025-06-27,105.32,106.01,104.35,22002079
XOM,2025-06-30,103.8,104.8,103.72,19199048
XOM,2025-07-01,105.18,105.57,103.17,15536896
XOM,2025-07-02,106.93,107.23,104.78,11892160
XOM,2025-07-03,108.03,108.29,106.51,11223580
XOM,2025-07-07,106.98,107.89,106.13,15415889
XOM,2025-07-08,109.95,110.21,106.73,17913404
XOM,2025-07-09,109.58,110.03,109.06,10652062
XOM,2025-07-10,110.66,110.99,108.87,14903884
XOM,2025-07-11,111.14,111.46,110.25,11683884
XOM,2025-07-14,109.69,110.95,109.02,13220303
XOM,2025-07-15,108.72,109.82,108.41,10959347
XOM,2025-07-16,108.06,109.29,107.94,11156167
XOM,2025-07-17,107.51,108.06,106.97,13151446
XOM,2025-07-18,103.77,107.58,103.35,32366593
XOM,2025-07-21,104.04,104.73,103.45,17010405
XOM,2025-07-22,104.51,105.38,103.61,13981285
XOM,2025-07-23,105.85,105.92,104.81,12002687
XOM,2025-07-24,106.68,106.83,105.07,15647208
XOM,2025-07-25,106.3,106.86,105.63,10548938
XOM,2025-07-28,107.3,107.95,106.72,12352966
XOM,2025-07-29,108.69,108.8,107.27,15927998
XOM,2025-07-30,107.75,108.43,107.13,12996117
XOM,2025-07-31,107.5,108.32,106.26,17233744
XOM,2025-08-01,105.57,108.36,104.82,19652030
XOM,2025-08-04,103.38,105.84,103.11,19129474
XOM,2025-08-05,103.26,103.81,102.13,21314254
XOM,2025-08-06,102.56,105,102.42,15321811
XOM,2025-08-07,102.02,104.05,101.96,13468287
XOM,2025-08-08,102.83,103.52,102.02,14417734
XOM,2025-08-11,101.9,103.54,101.61,13570661
XOM,2025-08-12,102.19,103.3,101.85,14113216
XOM,2025-08-13,103.61,103.61,101.81,17958695
XOM,2025-08-14,103.39,103.6,102.49,13683472
XOM,2025-08-15,103.49,104.53,102.97,19271861
XOM,2025-08-18,103.71,104.21,102.69,13040018
XOM,2025-08-19,104.39,104.43,103.16,16113611
XOM,2025-08-20,105.47,106.25,104.65,18959716
XOM,2025-08-21,106.15,106.48,104.92,12194897
XOM,2025-08-22,108.15,108.27,106.51,13586668
XOM,2025-08-25,108.59,108.77,107.43,9744897
XOM,2025-08-26,108.35,108.66,107.25,18143880
XOM,2025-08-27,109.57,109.8,108.28,15262630
XOM,2025-08-28,110.16,110.44,108.91,14189829
XOM,2025-08-29,111.07,111.56,110.38,14595624
XOM,2025-09-02,111.46,111.99,110.14,15206667
XOM,2025-09-03,108.76,111.21,108.32,14920087
XOM,2025-09-04,109.23,109.94,108.24,12864438
XOM,2025-09-05,106.15,108.63,105.95,16825707
XOM,2025-09-08,106.76,106.95,105.3,15440513
XOM,2025-09-09,107.53,109.34,107.41,14899502
XOM,2025-09-10,109.33,109.39,107.72,15837583
XOM,2025-09-11,108.98,109.59,107.75,11526887
XOM,2025-09-12,109,110.03,108.72,11105690
XOM,2025-09-15,109.19,109.29,108.18,12880487
XOM,2025-09-16,111.45,112.07,109.6,17208044
XOM,2025-09-17,112.04,112.23,110.84,13302030
XOM,2025-09-18,110.72,112.1,110.21,14627676
XOM,2025-09-19,109.64,110.77,109.47,38746517
XOM,2025-09-22,108.86,109.62,108.42,15611495
XOM,2025-09-23,110.74,111.52,109.31,25369106
XOM,2025-09-24,111.33,112.5,111.25,14756050
XOM,2025-09-25,112.33,112.64,111.19,15012553
XOM,2025-09-26,113.92,115.03,112.65,18568916
XOM,2025-09-29,111,113.22,110.46,19189260
XOM,2025-09-30,109.57,110.29,108.79,18076211
XOM,2025-10-01,108.84,109.84,108.16,16613992
XOM,2025-10-02,108.16,109.9,107.9,13062563
XOM,2025-10-03,110.07,110.54,108.75,12950118
XOM,2025-10-06,110.98,111.54,109.99,12036830
XOM,2025-10-07,111.04,111.28,108.59,11945032
XOM,2025-10-08,110.81,111.77,110.22,12300968
XOM,2025-10-09,109.73,112.26,109.56,10976215
XOM,2025-10-10,107.61,109.45,107.59,13811577
XOM,2025-10-13,109.08,109.14,108.18,10296499
XOM,2025-10-14,109.13,109.78,107.59,11167154
XOM,2025-10-15,108.47,110.37,107.84,12182935
XOM,2025-10-16,107.52,109.03,107.28,11782202
XOM,2025-10-17,109.08,109.73,108.05,13460069
XOM,2025-10-20,109.53,109.96,108.83,9523617
XOM,2025-10-21,109.54,110.17,108.84,9202349
XOM,2025-10-22,111.48,111.94,109.89,12920958
XOM,2025-10-23,112.71,113.56,112.11,14977514
XOM,2025-10-24,112.14,113.19,111.94,9903303
XOM,2025-10-27,112.67,112.72,111.86,10975412
XOM,2025-10-28,111.79,112.91,111.75,9535211
XOM,2025-10-29,113.17,113.75,111.58,12570572
XOM,2025-10-30,111.46,113.24,111.3,16172943
XOM,2025-10-31,111.14,111.98,109.45,20213352
XOM,2025-11-03,110.56,111.75,110.44,12290304
XOM,2025-11-04,110.93,111.13,109.34,16860741
XOM,2025-11-05,110.48,111.94,110.47,12400921
XOM,2025-11-06,111.27,111.7,110.44,14219654
XOM,2025-11-07,113.92,114.2,111.66,17181149
XOM,2025-11-10,114.89,115.11,112.2,13047958
XOM,2025-11-11,116.41,117.41,115.48,16077101
XOM,2025-11-12,114.79,115.92,114.47,13790889
XOM,2025-11-13,115.44,116.39,114.95,17291874
XOM,2025-11-14,116.94,117.13,114.36,17064267
XOM,2025-11-17,115.37,117.15,114.81,16034860
XOM,2025-11-18,116.69,117.13,114.19,15808518
XOM,2025-11-19,115.04,115.86,113.65,15919239
XOM,2025-11-20,114.72,116.66,114.44,14401011
XOM,2025-11-21,114.78,115.07,113.38,15667596
XOM,2025-11-24,113.69,114.9,112.48,18034923
XOM,2025-11-25,112.26,113.62,111.94,14434558
XOM,2025-11-26,112.51,113.46,112.06,11650597
XOM,2025-11-28,113.64,116.4,112.56,7240825
XOM,2025-12-01,114.34,115.1,113.82,12658100
XOM,2025-12-02,113.11,114.31,112.43,14607704
XOM,2025-12-03,115.48,115.66,113.6,16819130
XOM,2025-12-04,114.84,116.01,114.37,13686897
XOM,2025-12-05,114.25,116.44,114.12,12516864
XOM,2025-12-08,113.7,114.7,112.78,14904164
XOM,2025-12-09,115.92,118.1,114.59,23790815
XOM,2025-12-10,117.19,117.51,116.04,19845192
XOM,2025-12-11,117.19,117.99,116.72,14781787
XOM,2025-12-12,116.48,117.56,115.98,14459538
XOM,2025-12-15,115.44,116.69,114.55,16358669
XOM,2025-12-16,112.42,114.54,112.36,17638716
XOM,2025-12-17,115.1,115.31,112.91,18502152
XOM,2025-12-18,114.25,114.69,113.36,13705560
XOM,2025-12-19,114.4,115.26,113.67,45412814
XOM,2025-12-22,115.83,116.13,115.03,11768611
XOM,2025-12-23,117.07,117.67,115.99,12567630
XOM,2025-12-24,116.88,117.69,116.78,6137406
XOM,2025-12-26,116.77,117.2,116.2,8066129
XOM,2025-12-29,118.16,118.91,117.05,14782512
XOM,2025-12-30,118.61,119.4,118.26,11150486
XOM,2025-12-31,117.97,118.88,117.51,10559866
XOM,2026-01-02,120.24,120.27,117.25,14175055
XOM,2026-01-05,122.89,123.45,119.98,30081214
XOM,2026-01-06,118.67,123.33,118.62,23328636
XOM,2026-01-07,116.16,117.76,115.95,20352950
XOM,2026-01-08,120.49,121.19,116.32,20232721
XOM,2026-01-09,122.16,122.4,120.67,16137674
XOM,2026-01-12,121.59,122.05,120.15,15314895
XOM,2026-01-13,124.05,124.64,122.36,21619727
XOM,2026-01-14,127.64,129.13,124.63,27593938
XOM,2026-01-15,126.59,127.63,125.78,17400039
XOM,2026-01-16,127.34,127.6,126.34,16592354
XOM,2026-01-20,127.89,129.35,127.51,16477282
XOM,2026-01-21,130.98,131.1,129.32,18879887
XOM,2026-01-22,131.01,131.54,129.26,16600126
XOM,2026-01-23,132.32,133.31,131.84,17758214
XOM,2026-01-26,132.19,134.25,131.53,16056066
XOM,2026-01-27,134.14,134.24,132.06,14517025
XOM,2026-01-28,134.87,135.3,133.98,15637279
XOM,2026-01-29,137.75,139.54,136.37,35760620
XOM,2026-01-30,138.62,139.41,135.12,29657667
XOM,2026-02-02,135.68,137.56,135.34,27735570
XOM,2026-02-03,140.9,142.16,135.59,37577844
XOM,2026-02-04,144.69,144.93,141.28,29426241
XOM,2026-02-05,143.21,143.84,140.97,18431739
XOM,2026-02-06,146.12,146.63,143.22,17216025
XOM,2026-02-09,148.24,148.57,145.71,21297302
XOM,2026-02-10,148.61,148.8,146.87,15800255
XOM,2026-02-11,152.5,153.84,150.55,23091488
XOM,2026-02-12,147.96,153.21,147.91,30652471
XOM,2026-02-13,146.5,149.67,146.04,20166031
XOM,2026-02-17,144.27,147.17,143.24,19766567
XOM,2026-02-18,148.7,149,145.67,19849670
XOM,2026-02-19,148.99,151.37,148.85,20305026
XOM,2026-02-20,145.35,148.83,144.54,25908581
XOM,2026-02-23,148.78,149.28,146.18,16081577
XOM,2026-02-24,147.3,148.74,146.09,14192644
XOM,2026-02-25,147.1,148.21,145.4,15233102
XOM,2026-02-26,146.59,148.98,144.84,15638950
XOM,2026-02-27,150.5,151.63,147.29,30282695
XOM,2026-03-02,152.19,157.51,151.02,31517155
XOM,2026-03-03,149.84,154,148.33,25212420
XOM,2026-03-04,147.85,149.17,145.92,16776339
XOM,2026-03-05,148.78,150.33,147.51,22979016
XOM,2026-03-06,149.22,151.78,147.99,21146957
XOM,2026-03-09,148.46,151.87,147.51,25547093
XOM,2026-03-10,146.18,148.42,145.76,19629772
XOM,2026-03-11,149.59,149.82,145.72,15307487
XOM,2026-03-12,151.51,152.96,149.64,26065186
XOM,2026-03-13,154.07,154.83,150.97,22425793
XOM,2026-03-16,155.17,155.71,152.73,22848752
XOM,2026-03-17,156.72,158.34,154.74,21602500
XOM,2026-03-18,155.52,158.08,155.46,18958554
XOM,2026-03-19,156.08,157.46,152.81,27096969
XOM,2026-03-20,157.57,160.31,157.01,53957701
XOM,2026-03-23,159.01,159.3,152.98,25038548
XOM,2026-03-24,163.21,165.28,159.13,26144022
XOM,2026-03-25,161.12,162.83,160.79,17202872
XOM,2026-03-26,163.26,163.5,159.93,18638139
XOM,2026-03-27,168.74,168.98,162.64,30354729
XOM,2026-03-30,169.22,174.09,168.8,29830814
XOM,2026-03-31,167.43,172.09,163.79,32024973
XOM,2026-04-01,158.67,165.79,157.44,37953995
XOM,2026-04-02,158.58,164.71,157.49,25394938
XOM,2026-04-06,161.22,161.6,157.44,16359801
XOM,2026-04-07,161.76,164.06,159.65,25242538
XOM,2026-04-08,154.17,154.3,149,31334127
XOM,2026-04-09,153,157.14,152.28,25882118
XOM,2026-04-10,150.51,153.08,149.93,21076997
XOM,2026-04-13,150.64,152.59,149.29,18700663
XOM,2026-04-14,147.28,148.14,144.79,18541653
XOM,2026-04-15,147.05,148.26,144.97,15637742
XOM,2026-04-16,149.98,150.77,147.38,15201329
XOM,2026-04-17,144.52,144.87,140.11,28966090
XOM,2026-04-20,145.74,147.41,144.43,16367663
XOM,2026-04-21,146.41,146.86,144.32,17532530
XOM,2026-04-22,147.54,148.7,146.23,13749732
XOM,2026-04-23,148.55,149.24,146.54,12981599
XOM,2026-04-24,146.95,148.33,145.02,13747213
XOM,2026-04-27,146.24,149.19,146.03,13950825
XOM,2026-04-28,148.58,150.31,147.86,15183906
XOM,2026-04-29,152.64,152.92,149.03,14680512
XOM,2026-04-30,152.3,153.65,149.35,22897439
XOM,2026-05-01,150.74,152.97,149.15,15473636
XOM,2026-05-04,151.67,152.44,147.55,14234473
XOM,2026-05-05,152.85,153.25,150.41,12504477
XOM,2026-05-06,146.74,148.36,145.16,20544939
XOM,2026-05-07,144.66,145.15,142.3,22519422
XOM,2026-05-08,142.67,144.58,142.03,19559341
XOM,2026-05-11,147.71,147.75,144.08,14858862
XOM,2026-05-12,148.65,149.82,147.8,16449841
XOM,2026-05-13,149.58,149.8,147.71,15779020
XOM,2026-05-14,150.77,151.11,149.27,11337851
XOM,2026-05-15,156.9,156.98,152.02,27890724
XOM,2026-05-18,159.46,160.69,154.23,20075013
XOM,2026-05-19,161.5,162.27,158.61,20722666
XOM,2026-05-20,155.27,162.63,155.26,18517800
XOM,2026-05-21,154.29,158.36,152.47,17070896
XOM,2026-05-22,153.92,154.55,152.18,12956817
XOM,2026-05-26,148.85,153.56,148.51,13069156
XOM,2026-05-27,146.95,147.73,144.82,16249452
XOM,2026-05-28,146.01,149.24,145.93,14023640
XOM,2026-05-29,144.33,145.98,143.78,27970338
XOM,2026-06-01,148.42,148.69,146.05,16742288
XOM,2026-06-02,148.6,149.86,147.54,10469117
XOM,2026-06-03,151.55,153.91,149.05,14380279
XOM,2026-06-04,151.06,152.44,149.97,11805547
XOM,2026-06-05,148.96,151.15,148.34,16590652
XOM,2026-06-08,150.77,152.82,149.93,13878024
XOM,2026-06-09,147.95,150.16,146.83,18154351
XOM,2026-06-10,149.65,151.51,148.6,14603345
XOM,2026-06-11,145.66,151.51,145.48,17292611
XOM,2026-06-12,146.06,147.95,144.22,17720817
XOM,2026-06-15,140.01,141.07,136.83,24212034
XOM,2026-06-16,140.95,141.24,139.08,18932583
XOM,2026-06-17,139.83,141.42,139.42,16669709
XOM,2026-06-18,136.92,137.57,134.98,48074756
XOM,2026-06-22,137.58,138.11,136.14,15791728
XOM,2026-06-23,138.83,139.49,137.61,13704788
XOM,2026-06-24,136.02,136.75,134.72,16220515
XOM,2026-06-25,136.67,137.18,134.08,13303185
XOM,2026-06-26,135.66,136.69,135.04,22690462
XOM,2026-06-29,135.18,136.51,134.52,11979594
XOM,2026-06-30,135.84,136.42,134.46,28789854
XOM,2026-07-01,135.4,136.61,134.76,12439560
XOM,2026-07-02,136.21,138.24,135.45,13711941
XOM,2026-07-06,135.56,136.49,135.13,13923103
XOM,2026-07-07,140.78,140.83,137.24,14673841
XOM,2026-07-08,140.22,143.06,138.91,18297962
XOM,2026-07-09,136.58,139.15,136.24,14116821
XOM,2026-07-10,137.99,138.07,136.26,9758469
XOM,2026-07-13,143.58,144.3,139.58,18732367
XOM,2026-07-14,144.16,145.06,142.96,16102151
XOM,2026-07-15,143.58,144.16,141.12,13450021
XOM,2026-07-16,145.01,145.93,143.62,13523116
XOM,2026-07-17,146.41,149.03,146.22,19037702
XOM,2026-07-20,147.41,148.13,145.29,12156402
XOM,2026-07-21,150.73,150.78,147.52,13151353
XOM,2026-07-22,153.46,153.8,151.97,13794808
XOM,2026-07-23,155.88,157.55,155.06,15824496
XOM,2026-07-24,155.93,157.69,154.68,12084518
XOM,2026-07-27,153.77,154.42,151.52,13961434
XOM,2026-07-28,152.06,155.18,150.9,16292592
XOM,2026-07-29,155.74,158.05,154.85,14577598
XOM,2026-07-30,155.96,156.76,153.53,12583761
XOM,2026-07-31,154.44,155.16,151.16,15715774
XOM,2026-08-03,154.06,154.91,151.67,14537374
XOM,2026-08-04,152.97,153.84,148.13,14352304
XOM,2026-08-05,150.65,154.04,150.18,12233027
XOM,2026-08-06,153.84,153.87,150.86,11883767
XOM,2026-08-07,152.06,152.68,150.56,18460999
XOM,2026-08-10,158.76,159.34,153.46,19765075
XOM,2026-08-11,158.77,160.63,158.25,13748296
XOM,2026-08-12,158.72,159.2,156.55,13217815
XOM,2026-08-13,157.59,158.73,156.42,10547809
XOM,2026-08-14,159.07,160.22,158.23,10234453
XOM,2026-08-17,161.46,162.51,159.0906,12858292
XOM,2026-08-18,165.56,165.67,163.254,18953938
XOM,2026-08-19,164.77,168.21,164.66,13651456
XOM,2026-08-20,166.15,168.64,166.07,13806164
XOM,2026-08-21,165.11,168,164.61,14319240
XOM,2026-08-24,164.05,165.22,162.25,10847099
XOM,2026-08-25,160.64,162.805,160.46,17529157
XOM,2026-08-26,158.19,161.13,157.76,14850739
XOM,2026-08-27,156.44,158.19,156.14,14302012
XOM,2026-08-28,156.71,157.42,155.32,11366908
XOM,2026-08-31,160.95,161.59,158.74,18989878
XOM,2026-09-01,164.55,164.7,162.215,11389657
XOM,2026-09-02,164.15,165.02,162.76,11291773
XOM,2026-09-03,162.21,165.65,162.09,13766182
XOM,2026-09-04,159.47,161.48,159.16,16209704
XOM,2026-09-08,160.66,163.11,158.75,12621639
XOM,2026-09-09,164.23,165.18,162.55,13126057
XOM,2026-09-10,165.23,167.37,163.18,16613704
XOM,2026-09-11,165.99,167.09,164.08,11367050
XOM,2026-09-14,165.08,169.45,164.04,13942297
XOM,2026-09-15,169.32,169.64,165.15,12343554
XOM,2026-09-16,163.32,167.495,162.56,13412320
XOM,2026-09-17,163.27,163.385,161.445,10981686
XOM,2026-09-18,163.54,163.54,161.31,37643569
XOM,2026-09-21,158.3,161.9499,157.94,15749898
XOM,2026-09-22,158.71,159.97,155.85,14175669
XOM,2026-09-23,161.23,162.1199,159.4206,12578755
XOM,2026-09-24,162.14,164.9099,161.2,12489097
XOM,2026-09-25,160.59,161.79,159.78,10992588
XOM,2026-09-28,162.52,163.54,161.05,12812737
XOM,2026-09-29,161.35,161.965,159.27,9165515
XOM,2026-09-30,162.75,164.3699,161.8,13105587
XOM,2026-10-01,163.82,164.075,160.8053,11714163
XOM,2026-10-02,164.01,164.61,161.55,11298066
SH,2024-10-01,40.35,40.54,39.99,18683981
SH,2024-10-02,40.35,40.58,40.24,8710098
SH,2024-10-03,40.39,40.58,40.24,8224514
SH,2024-10-04,40.1,40.43,40.02,7048506
SH,2024-10-07,40.46,40.54,40.13,6377375
SH,2024-10-08,40.06,40.32,40.02,4134851
SH,2024-10-09,39.8,40.13,39.76,5442145
SH,2024-10-10,39.88,39.99,39.76,5938420
SH,2024-10-11,39.69,39.95,39.62,5292411
SH,2024-10-14,39.36,39.58,39.29,5927141
SH,2024-10-15,39.69,39.76,39.32,6768515
SH,2024-10-16,39.51,39.73,39.47,4908735
SH,2024-10-17,39.51,39.54,39.25,7595858
SH,2024-10-18,39.36,39.54,39.32,3327965
SH,2024-10-21,39.47,39.65,39.36,4714482
SH,2024-10-22,39.51,39.69,39.4,5918489
SH,2024-10-23,39.88,40.1,39.62,6261249
SH,2024-10-24,39.8,39.99,39.69,5511448
SH,2024-10-25,39.84,39.89,39.43,8074964
SH,2024-10-28,39.73,39.73,39.58,4418993
SH,2024-10-29,39.69,39.91,39.58,5123573
SH,2024-10-30,39.8,39.84,39.54,6314788
SH,2024-10-31,40.58,40.58,40.1,7708429
SH,2024-11-01,40.46,40.46,40.1,10715178
SH,2024-11-04,40.54,40.69,40.35,6530828
SH,2024-11-05,40.06,40.47,40.06,6331818
SH,2024-11-06,39.06,39.45,38.99,9928779
SH,2024-11-07,38.78,38.94,38.71,5230471
SH,2024-11-08,38.64,38.77,38.55,8923399
SH,2024-11-11,38.6,38.72,38.51,7413762
SH,2024-11-12,38.73,38.9,38.58,9293312
SH,2024-11-13,38.72,38.87,38.59,5176135
SH,2024-11-14,38.98,39.02,38.69,6403085
SH,2024-11-15,39.52,39.62,39.22,4365158
SH,2024-11-18,39.36,39.54,39.27,2993372
SH,2024-11-19,39.22,39.64,39.17,3117557
SH,2024-11-20,39.22,39.59,39.2,3860624
SH,2024-11-21,39.02,39.42,38.92,5990104
SH,2024-11-22,38.92,39.06,38.88,3247248
SH,2024-11-25,38.8,38.94,38.58,4481033
SH,2024-11-26,38.6,38.76,38.56,2508497
SH,2024-11-27,38.74,38.83,38.61,4587205
SH,2024-11-29,38.53,38.71,38.47,1290191
SH,2024-12-02,38.47,38.53,38.42,5247213
SH,2024-12-03,38.47,38.55,38.44,4009313
SH,2024-12-04,38.24,38.4,38.21,4330093
SH,2024-12-05,38.3,38.31,38.18,2769177
SH,2024-12-06,38.24,38.3,38.18,4081162
SH,2024-12-09,38.47,38.49,38.26,2239876
SH,2024-12-10,38.59,38.62,38.4,2135081
SH,2024-12-11,38.28,38.42,38.23,2298531
SH,2024-12-12,38.49,38.5,38.33,2643382
SH,2024-12-13,38.53,38.63,38.35,2390887
SH,2024-12-16,38.37,38.48,38.32,2071610
SH,2024-12-17,38.55,38.64,38.48,3055096
SH,2024-12-18,39.71,39.74,38.42,6145990
SH,2024-12-19,39.74,39.75,39.27,5104170
SH,2024-12-20,39.29,39.98,38.97,6752103
SH,2024-12-23,39.05,39.52,39.02,3666679
SH,2024-12-24,38.64,39.02,38.64,1315251
SH,2024-12-26,38.64,38.86,38.57,2928891
SH,2024-12-27,39.07,39.35,38.91,4394832
SH,2024-12-30,39.53,39.79,39.31,4033814
SH,2024-12-31,39.7,39.81,39.4,5411974
SH,2025-01-02,39.81,40.08,39.36,7720273
SH,2025-01-03,39.35,39.71,39.29,4012375
SH,2025-01-06,39.12,39.22,38.82,4424592
SH,2025-01-07,39.55,39.68,38.97,5757268
SH,2025-01-08,39.53,39.8,39.44,5591721
SH,2025-01-10,40.15,40.27,39.79,9262517
SH,2025-01-13,40.09,40.52,40.08,5786546
SH,2025-01-14,40.06,40.31,39.86,4812308
SH,2025-01-15,39.34,39.57,39.25,4806332
SH,2025-01-16,39.41,39.47,39.24,2797399
SH,2025-01-17,39.05,39.19,38.93,4423895
SH,2025-01-21,38.72,38.99,38.71,3674079
SH,2025-01-22,38.5,38.56,38.41,2674754
SH,2025-01-23,38.3,38.56,38.3,2506061
SH,2025-01-24,38.43,38.5,38.26,1576150
SH,2025-01-27,38.98,39.28,38.96,5782673
SH,2025-01-28,38.66,39.12,38.6,2347617
SH,2025-01-29,38.84,39,38.69,5178094
SH,2025-01-30,38.64,38.91,38.53,4761687
SH,2025-01-31,38.87,38.91,38.35,6836311
SH,2025-02-03,39.14,39.6,38.97,9122911
SH,2025-02-04,38.88,39.17,38.85,3725784
SH,2025-02-05,38.74,39.1,38.73,3858432
SH,2025-02-06,38.6,38.84,38.6,3890435
SH,2025-02-07,38.99,39.03,38.52,5532408
SH,2025-02-10,38.74,38.86,38.69,3031115
SH,2025-02-11,38.71,38.89,38.68,1386875
SH,2025-02-12,38.83,39.15,38.77,4185377
SH,2025-02-13,38.45,38.85,38.43,4660550
SH,2025-02-14,38.47,38.52,38.39,1812158
SH,2025-02-18,38.38,38.56,38.38,1893896
SH,2025-02-19,38.29,38.5,38.27,1594306
SH,2025-02-20,38.45,38.66,38.38,1911932
SH,2025-02-21,39.13,39.17,38.49,4616284
SH,2025-02-24,39.34,39.37,38.94,5682032
SH,2025-02-25,39.53,39.83,39.29,5803076
SH,2025-02-26,39.53,39.69,39.19,5217651
SH,2025-02-27,40.16,40.18,39.3,8804061
SH,2025-02-28,39.57,40.37,39.53,6447570
SH,2025-03-03,40.25,40.52,39.36,9447922
SH,2025-03-04,40.75,41.06,40.16,10469326
SH,2025-03-05,40.31,41.02,40.19,9880583
SH,2025-03-06,41.04,41.22,40.53,9484960
SH,2025-03-07,40.84,41.58,40.74,15549256
SH,2025-03-10,41.93,42.29,41.3,13991974
SH,2025-03-11,42.29,42.59,41.79,17112939
SH,2025-03-12,42.08,42.47,41.76,8905489
SH,2025-03-13,42.65,42.78,42.08,11034007
SH,2025-03-14,41.8,42.36,41.72,6713925
SH,2025-03-17,41.5,41.84,41.29,8992013
SH,2025-03-18,41.94,42.08,41.65,9221179
SH,2025-03-19,41.51,41.91,41.21,5270347
SH,2025-03-20,41.6,41.84,41.26,3938565
SH,2025-03-21,41.62,42.08,41.57,5398692
SH,2025-03-24,40.91,41.2,40.83,6021007
SH,2025-03-25,40.83,40.94,40.75,2453346
SH,2025-03-26,41.3,41.41,40.77,6775589
SH,2025-03-27,41.43,41.59,41.16,5862458
SH,2025-03-28,42.29,42.34,41.52,5719158
SH,2025-03-31,42.04,42.97,41.93,7307167
SH,2025-04-01,41.91,42.46,41.77,7137716
SH,2025-04-02,41.65,42.37,41.44,6681764
SH,2025-04-03,43.64,43.7,42.88,10249031
SH,2025-04-04,46.28,46.31,44.64,19678792
SH,2025-04-07,46.39,48.47,44.68,24693641
SH,2025-04-08,47.12,47.82,44.52,23267826
SH,2025-04-09,42.71,47.47,42.43,33327115
SH,2025-04-10,44.18,45.35,43.48,21696018
SH,2025-04-11,43.41,44.58,43.21,12562633
SH,2025-04-14,43.03,43.43,42.59,8275869
SH,2025-04-15,43.14,43.19,42.69,5837107
SH,2025-04-16,44.11,44.54,43.35,7880169
SH,2025-04-17,44.11,44.29,43.7,15787617
SH,2025-04-21,45.09,45.59,44.49,23954898
SH,2025-04-22,44.02,44.68,43.79,6221729
SH,2025-04-23,43.33,43.44,42.48,13691006
SH,2025-04-24,42.42,43.31,42.35,6201646
SH,2025-04-25,42.14,42.66,42.09,6225490
SH,2025-04-28,42.11,42.56,41.92,4015933
SH,2025-04-29,41.88,42.3,41.78,4902914
SH,2025-04-30,41.88,42.84,41.71,7543733
SH,2025-05-01,41.56,41.61,41.14,6157555
SH,2025-05-02,41,41.3,40.86,5746314
SH,2025-05-05,41.22,41.34,41,4676983
SH,2025-05-06,41.57,41.71,41.25,5733449
SH,2025-05-07,41.4,41.79,41.22,5613554
SH,2025-05-08,41.14,41.36,40.74,6149555
SH,2025-05-09,41.21,41.32,40.98,3890176
SH,2025-05-12,39.86,40.28,39.85,5446464
SH,2025-05-13,39.6,39.87,39.44,6853175
SH,2025-05-14,39.56,39.69,39.46,4914539
SH,2025-05-15,39.37,39.73,39.34,3079103
SH,2025-05-16,39.14,39.47,39.13,3750565
SH,2025-05-19,39.11,39.56,39.06,3338108
SH,2025-05-20,39.26,39.47,39.18,2304809
SH,2025-05-21,39.91,40,39.28,6113460
SH,2025-05-22,39.92,40.03,39.68,5905072
SH,2025-05-23,40.22,40.47,40.04,7399673
SH,2025-05-27,39.41,39.86,39.39,4450540
SH,2025-05-28,39.64,39.69,39.3,2994673
SH,2025-05-29,39.49,39.75,39.27,6565683
SH,2025-05-30,39.56,39.96,39.44,7131835
SH,2025-06-02,39.35,39.85,39.35,5379800
SH,2025-06-03,39.12,39.4,39.05,4149526
SH,2025-06-04,39.15,39.16,39.02,2235937
SH,2025-06-05,39.35,39.47,38.95,7061533
SH,2025-06-06,38.98,39.13,38.86,6306563
SH,2025-06-09,38.95,39.02,38.84,2436680
SH,2025-06-10,38.73,38.99,38.71,4881041
SH,2025-06-11,38.85,38.98,38.61,5484413
SH,2025-06-12,38.71,38.98,38.71,4420985
SH,2025-06-13,39.18,39.25,38.85,6932745
SH,2025-06-16,38.8,38.95,38.68,4857700
SH,2025-06-17,39.13,39.18,38.86,4896739
SH,2025-06-18,39.16,39.22,38.91,4143715
SH,2025-06-20,39.29,39.37,38.93,4017195
SH,2025-06-23,38.9,39.44,38.87,7172052
SH,2025-06-24,38.47,38.68,38.41,7021730
SH,2025-06-25,38.46,38.56,38.38,2493982
SH,2025-06-26,38.16,38.38,38.14,3834592
SH,2025-06-27,38.01,38.26,37.91,6524403
SH,2025-06-30,37.83,38,37.75,4945307
SH,2025-07-01,37.86,37.97,37.78,4836882
SH,2025-07-02,37.68,37.92,37.68,3137805
SH,2025-07-03,37.42,37.6,37.36,2875616
SH,2025-07-07,37.69,37.87,37.51,5090096
SH,2025-07-08,37.74,37.78,37.63,4112236
SH,2025-07-09,37.51,37.71,37.48,4121524
SH,2025-07-10,37.42,37.59,37.35,2412149
SH,2025-07-11,37.57,37.69,37.49,4565539
SH,2025-07-14,37.51,37.69,37.49,4353639
SH,2025-07-15,37.67,37.68,37.33,4952998
SH,2025-07-16,37.56,37.94,37.53,8285921
SH,2025-07-17,37.35,37.57,37.31,2782890
SH,2025-07-18,37.39,37.46,37.28,7434523
SH,2025-07-21,37.33,37.36,37.16,4153418
SH,2025-07-22,37.33,37.49,37.28,4925316
SH,2025-07-23,37.02,37.29,37.02,8435569
SH,2025-07-24,37.03,37.04,36.92,4577699
SH,2025-07-25,36.9,37.02,36.86,3462932
SH,2025-07-28,36.9,36.98,36.84,2775080
SH,2025-07-29,37.01,37.06,36.82,4474992
SH,2025-07-30,37.05,37.24,36.88,4699728
SH,2025-07-31,37.23,37.29,36.76,6735717
SH,2025-08-01,37.85,37.99,37.57,7500160
SH,2025-08-04,37.28,37.62,37.28,3086987
SH,2025-08-05,37.47,37.53,37.21,3851264
SH,2025-08-06,37.21,37.48,37.16,3533676
SH,2025-08-07,37.25,37.43,36.96,4269930
SH,2025-08-08,36.98,37.17,36.95,3634773
SH,2025-08-11,37.06,37.13,36.88,4180209
SH,2025-08-12,36.66,37.01,36.65,5407856
SH,2025-08-13,36.56,36.68,36.48,3873320
SH,2025-08-14,36.55,36.7,36.52,2715981
SH,2025-08-15,36.66,36.72,36.51,3942224
SH,2025-08-18,36.68,36.75,36.65,2085070
SH,2025-08-19,36.89,36.96,36.65,3875824
SH,2025-08-20,37,37.29,36.91,3961526
SH,2025-08-21,37.15,37.26,37.01,3727630
SH,2025-08-22,36.61,37.07,36.53,4846902
SH,2025-08-25,36.77,36.78,36.62,2780007
SH,2025-08-26,36.64,36.83,36.61,2760637
SH,2025-08-27,36.55,36.67,36.51,3139106
SH,2025-08-28,36.43,36.63,36.4,2914250
SH,2025-08-29,36.68,36.79,36.52,3579250
SH,2025-09-02,36.96,37.26,36.95,4297002
SH,2025-09-03,36.79,36.96,36.74,5646052
SH,2025-09-04,36.48,36.79,36.47,2598725
SH,2025-09-05,36.6,36.82,36.32,4025671
SH,2025-09-08,36.52,36.61,36.46,4215075
SH,2025-09-09,36.44,36.62,36.41,2275441
SH,2025-09-10,36.34,36.43,36.22,3370314
SH,2025-09-11,36.06,36.27,36.01,4652699
SH,2025-09-12,36.08,36.11,35.99,2353906
SH,2025-09-15,35.9,35.98,35.89,4031791
SH,2025-09-16,35.97,36,35.86,3218005
SH,2025-09-17,36.01,36.28,35.87,6759103
SH,2025-09-18,35.85,35.96,35.71,4453017
SH,2025-09-19,35.7,35.88,35.64,3562571
SH,2025-09-22,35.54,35.78,35.51,2876085
SH,2025-09-23,35.73,35.8,35.52,4689835
SH,2025-09-24,35.86,35.94,35.67,3858612
SH,2025-09-25,36.04,36.22,35.95,5379124
SH,2025-09-26,35.85,36.06,35.82,4467527
SH,2025-09-29,35.76,35.85,35.67,6288799
SH,2025-09-30,35.63,35.86,35.6,6157574
SH,2025-10-01,35.49,35.8,35.45,9482179
SH,2025-10-02,35.47,35.6,35.4,9601674
SH,2025-10-03,35.5,35.55,35.31,7590304
SH,2025-10-06,35.37,35.49,35.33,4380602
SH,2025-10-07,35.51,35.6,35.31,6166288
SH,2025-10-08,35.31,35.51,35.31,4051113
SH,2025-10-09,35.42,35.52,35.27,7140405
SH,2025-10-10,36.39,36.41,35.3,19931646
SH,2025-10-13,35.84,36.03,35.76,7635034
SH,2025-10-14,35.89,36.38,35.71,8941507
SH,2025-10-15,35.75,36.08,35.47,7778242
SH,2025-10-16,36,36.19,35.56,8712430
SH,2025-10-17,35.82,36.15,35.74,6699501
SH,2025-10-20,35.44,35.67,35.4,7690496
SH,2025-10-21,35.45,35.52,35.37,4574237
SH,2025-10-22,35.65,35.88,35.42,9095555
SH,2025-10-23,35.45,35.65,35.4,6192434
SH,2025-10-24,35.17,35.26,35.11,5649640
SH,2025-10-27,34.76,34.93,34.75,4482757
SH,2025-10-28,34.69,34.8,34.59,6332201
SH,2025-10-29,34.68,34.9,34.56,8629307
SH,2025-10-30,35.05,35.06,34.75,7420157
SH,2025-10-31,34.96,35.11,34.81,11310770
SH,2025-11-03,34.91,35.09,34.78,8650178
SH,2025-11-04,35.32,35.36,35.09,9538237
SH,2025-11-05,35.21,35.4,35.04,6907223
SH,2025-11-06,35.6,35.68,35.23,10913315
SH,2025-11-07,35.6,36.11,35.59,10971798
SH,2025-11-10,35.05,35.38,35,8755227
SH,2025-11-11,34.98,35.18,34.93,5890448
SH,2025-11-12,34.96,35.07,34.87,6945049
SH,2025-11-13,35.54,35.61,35.09,8165053
SH,2025-11-14,35.56,36.02,35.37,13273806
SH,2025-11-17,35.91,36.09,35.48,8357233
SH,2025-11-18,36.21,36.44,35.94,12460067
SH,2025-11-19,36.08,36.29,35.82,6372784
SH,2025-11-20,36.64,36.67,35.38,17416973
SH,2025-11-21,36.29,36.75,35.98,16442579
SH,2025-11-24,35.75,36.15,35.69,7598935
SH,2025-11-25,35.43,36,35.37,8598778
SH,2025-11-26,35.2,35.36,35.1,6210479
SH,2025-11-28,35.04,35.17,35.02,1909906
SH,2025-12-01,35.19,35.28,35.06,4275218
SH,2025-12-02,35.14,35.26,35.02,6263098
SH,2025-12-03,35.04,35.24,34.98,3842877
SH,2025-12-04,35.01,35.16,34.96,4217371
SH,2025-12-05,34.97,35.02,34.82,3987949
SH,2025-12-08,35.08,35.18,34.91,4763360
SH,2025-12-09,35.11,35.13,34.99,4288138
SH,2025-12-10,34.89,35.21,34.81,6826930
SH,2025-12-11,34.82,35.16,34.81,5990374
SH,2025-12-12,35.21,35.34,34.85,7348971
SH,2025-12-15,35.26,35.34,35,6046565
SH,2025-12-16,35.37,35.57,35.26,6612292
SH,2025-12-17,35.76,35.77,35.3,7901863
SH,2025-12-18,35.49,35.59,35.27,6129656
SH,2025-12-19,35.19,35.42,35.17,4785028
SH,2025-12-22,34.99,35.1,34.96,3128254
SH,2025-12-23,34.84,35.04,34.82,2643887
SH,2025-12-24,34.73,34.85,34.7,2391289
SH,2025-12-26,34.75,34.8,34.68,2308718
SH,2025-12-29,34.87,34.97,34.81,3274092
SH,2025-12-30,34.93,34.94,34.84,2788465
SH,2025-12-31,35.19,35.2,34.92,3953365
SH,2026-01-02,35.16,35.33,34.96,7601909
SH,2026-01-05,34.93,34.99,34.83,4470378
SH,2026-01-06,34.72,34.92,34.7,4284120
SH,2026-01-07,34.84,34.85,34.62,4775084
SH,2026-01-08,34.86,34.96,34.79,7056728
SH,2026-01-09,34.64,34.89,34.58,5197113
SH,2026-01-12,34.58,34.81,34.54,7585857
SH,2026-01-13,34.66,34.78,34.55,6580259
SH,2026-01-14,34.83,35.05,34.78,7706915
SH,2026-01-15,34.76,34.8,34.59,5277112
SH,2026-01-16,34.81,34.88,34.68,4312922
SH,2026-01-20,35.53,35.57,35.16,11036386
SH,2026-01-21,35.12,35.49,34.94,13868509
SH,2026-01-22,34.93,35.04,34.83,7829604
SH,2026-01-23,34.94,35.05,34.85,5391878
SH,2026-01-26,34.77,34.91,34.7,3520691
SH,2026-01-27,34.64,34.74,34.59,3076995
SH,2026-01-28,34.64,34.72,34.52,5456167
SH,2026-01-29,34.73,35.18,34.58,7575687
SH,2026-01-30,34.85,35.08,34.73,7480537
SH,2026-02-02,34.68,34.98,34.6,6012711
SH,2026-02-03,34.99,35.25,34.62,11987283
SH,2026-02-04,35.17,35.38,34.89,17570047
SH,2026-02-05,35.61,35.69,35.29,13607504
SH,2026-02-06,34.93,35.45,34.84,8435589
SH,2026-02-09,34.76,35.06,34.68,5844517
SH,2026-02-10,34.88,34.89,34.66,6220431
SH,2026-02-11,34.88,35.02,34.62,7063695
SH,2026-02-12,35.44,35.48,34.72,8527999
SH,2026-02-13,35.43,35.65,35.19,13507499
SH,2026-02-17,35.38,35.75,35.27,10892235
SH,2026-02-18,35.2,35.39,35.06,7385390
SH,2026-02-19,35.3,35.45,35.22,7897763
SH,2026-02-20,35.07,35.46,35.04,15721412
SH,2026-02-23,35.43,35.53,35.04,6844556
SH,2026-02-24,35.17,35.56,35.13,5201378
SH,2026-02-25,34.88,35.05,34.86,3796070
SH,2026-02-26,35.09,35.33,34.88,6506608
SH,2026-02-27,35.26,35.49,35.23,10323583
SH,2026-03-02,35.27,35.68,35.15,18273984
SH,2026-03-03,35.58,36.12,35.46,26361428
SH,2026-03-04,35.33,35.62,35.22,19460643
SH,2026-03-05,35.54,35.83,35.32,22486508
SH,2026-03-06,36.02,36.16,35.83,22483854
SH,2026-03-09,35.71,36.56,35.62,34761386
SH,2026-03-10,35.78,35.91,35.45,28947540
SH,2026-03-11,35.82,35.99,35.63,19204410
SH,2026-03-12,36.39,36.39,36.09,16159205
SH,2026-03-13,36.61,36.66,36.06,18657215
SH,2026-03-16,36.24,36.35,36.07,10384787
SH,2026-03-17,36.15,36.18,35.96,7827660
SH,2026-03-18,36.66,36.68,36.22,11088977
SH,2026-03-19,36.77,37.01,36.59,20625891
SH,2026-03-20,37.31,37.52,36.86,14988763
SH,2026-03-23,36.92,37,36.5,27084971
SH,2026-03-24,37.04,37.24,36.84,15373098
SH,2026-03-25,36.85,37,36.62,13546404
SH,2026-03-26,37.51,37.53,36.97,13782262
SH,2026-03-27,38.17,38.24,37.68,12654918
SH,2026-03-30,38.31,38.47,37.81,13356225
SH,2026-03-31,37.23,37.95,37.14,24007138
SH,2026-04-01,36.93,37.06,36.75,21609046
SH,2026-04-02,36.93,37.53,36.8,16554873
SH,2026-04-06,36.76,36.95,36.73,8976871
SH,2026-04-07,36.76,37.21,36.74,15258108
SH,2026-04-08,35.83,36.07,35.75,19053270
SH,2026-04-09,35.62,35.95,35.55,10646997
SH,2026-04-10,35.68,35.71,35.53,5752566
SH,2026-04-13,35.32,35.82,35.31,8477067
SH,2026-04-14,34.91,35.24,34.89,8084892
SH,2026-04-15,34.64,34.92,34.62,7431398
SH,2026-04-16,34.55,34.7,34.49,11186349
SH,2026-04-17,34.15,34.36,34.04,18497511
SH,2026-04-20,34.23,34.35,34.17,12533222
SH,2026-04-21,34.45,34.53,34.11,15330284
SH,2026-04-22,34.12,34.26,34.11,5775438
SH,2026-04-23,34.25,34.55,34.07,20854237
SH,2026-04-24,34.01,34.24,33.98,8633827
SH,2026-04-27,33.95,34.09,33.93,4794183
SH,2026-04-28,34.12,34.24,34.06,6545164
SH,2026-04-29,34.13,34.28,34.11,8703763
SH,2026-04-30,33.81,34.18,33.74,6240133
SH,2026-05-01,33.72,33.73,33.53,9850575
SH,2026-05-04,33.85,33.99,33.66,11685548
SH,2026-05-05,33.59,33.69,33.53,7692749
SH,2026-05-06,33.12,33.41,33.09,8933338
SH,2026-05-07,33.23,33.31,33.03,10431690
SH,2026-05-08,32.99,33.11,32.96,7066591
SH,2026-05-11,32.91,33.04,32.84,7348967
SH,2026-05-12,32.97,33.25,32.94,6277667
SH,2026-05-13,32.79,33.09,32.72,5333582
SH,2026-05-14,32.53,32.74,32.47,5560428
SH,2026-05-15,32.94,33,32.76,8000273
SH,2026-05-18,32.99,33.2,32.85,13451679
SH,2026-05-19,33.2,33.3,33.02,9483505
SH,2026-05-20,32.87,33.2,32.84,11929822
SH,2026-05-21,32.8,33.05,32.71,11519514
SH,2026-05-22,32.69,32.75,32.56,9628020
SH,2026-05-26,32.5,32.58,32.42,4790985
SH,2026-05-27,32.49,32.59,32.46,6324132
SH,2026-05-28,32.32,32.55,32.3,8076755
SH,2026-05-29,32.27,32.34,32.2,11545270
SH,2026-06-01,32.19,32.34,32.1,10726411
SH,2026-06-02,32.15,32.26,32.11,4907998
SH,2026-06-03,32.38,32.4,32.18,6768198
SH,2026-06-04,32.25,32.5,32.2,5077367
SH,2026-06-05,33.1,33.18,32.46,10450811
SH,2026-06-08,33.03,33.08,32.76,13567171
SH,2026-06-09,33.14,33.78,32.7,20554655
SH,2026-06-10,33.67,33.67,33.09,16107098
SH,2026-06-11,33.11,33.72,33,21482285
SH,2026-06-12,32.95,33.25,32.82,16664130
SH,2026-06-15,32.38,32.51,32.29,7533710
SH,2026-06-16,32.56,32.58,32.35,4860644
SH,2026-06-17,32.98,33.06,32.49,15808418
SH,2026-06-18,32.66,32.79,32.59,10097257
SH,2026-06-22,32.78,32.83,32.52,9420225
SH,2026-06-23,33.24,33.3,32.99,6577644
SH,2026-06-24,33.28,33.38,32.96,14550302
SH,2026-06-25,33.28,33.43,33,18936750
SH,2026-06-26,33.45,33.56,33.14,11548701
SH,2026-06-29,32.95,33.35,32.92,6034620
SH,2026-06-30,32.72,32.95,32.64,3660780
SH,2026-07-01,32.75,32.89,32.59,4231859
SH,2026-07-02,32.82,33.02,32.54,8395130
SH,2026-07-06,32.55,32.71,32.49,4115353
SH,2026-07-07,32.71,32.81,32.56,5517653
SH,2026-07-08,32.81,33.07,32.77,7239453
SH,2026-07-09,32.54,32.81,32.53,3994776
SH,2026-07-10,32.43,32.72,32.4,5465350
SH,2026-07-13,32.67,32.72,32.47,6559301
SH,2026-07-14,32.56,32.69,32.5,8798808
SH,2026-07-15,32.44,32.63,32.4,6993646
SH,2026-07-16,32.62,32.74,32.46,4915446
SH,2026-07-17,32.96,33.06,32.79,11043999
SH,2026-07-20,33.01,33.04,32.73,7813429
SH,2026-07-21,32.76,32.93,32.72,6660870
SH,2026-07-22,32.79,32.84,32.68,6630158
SH,2026-07-23,33.21,33.34,33,6722364
SH,2026-07-24,33.19,33.26,32.97,7327452
SH,2026-07-27,33.18,33.33,32.89,6466021
SH,2026-07-28,33.11,33.32,33.02,7341265
SH,2026-07-29,33.62,33.65,33.04,10789081
SH,2026-07-30,33.08,33.41,33.04,10701941
SH,2026-07-31,32.85,33.28,32.78,11146266
SH,2026-08-03,32.39,32.77,32.35,7009490
SH,2026-08-04,31.81,32.28,31.73,8068870
SH,2026-08-05,31.88,31.89,31.6,7750086
SH,2026-08-06,31.94,31.99,31.81,4755075
SH,2026-08-07,31.77,31.91,31.74,8054723
SH,2026-08-10,31.77,31.82,31.7,7644782
SH,2026-08-11,31.89,31.93,31.72,6081121
SH,2026-08-12,31.8,31.86,31.72,7168607
SH,2026-08-13,31.61,31.76,31.54,7937442
SH,2026-08-14,31.69,31.72,31.58,4125770
SH,2026-08-17,31.83,31.84,31.67,3682982
SH,2026-08-18,32.06,32.07,31.97,5060547
SH,2026-08-19,31.98,32.03,31.85,5374306
SH,2026-08-20,32.28,32.3,32.04,5571801
SH,2026-08-21,32.15,32.22,32.06,6423078
SH,2026-08-24,32.25,32.31,32.18,6713621
SH,2026-08-25,32.16,32.28,32.12,6443660
SH,2026-08-26,32.15,32.25,32.1,4548513
SH,2026-08-27,31.95,32.12,31.9,5567416
SH,2026-08-28,32.03,32.08,31.79,8002989
SH,2026-08-31,32.15,32.24,32.1,6751542
SH,2026-09-01,32.38,32.46,32.25,7527367
SH,2026-09-02,32.24,32.38,32.17,7611240
SH,2026-09-03,31.9,32.14,31.86,7872726
SH,2026-09-04,32.05,32.09,31.93,6560980
SH,2026-09-08,32.22,32.26,32.07,7682244
SH,2026-09-09,32.38,32.44,32.3,6971794
SH,2026-09-10,32.58,32.64,32.49,10358784
SH,2026-09-11,32.32,32.34,32.22,9529136
SH,2026-09-14,32.48,32.59,32.36,10529576
SH,2026-09-15,32.63,32.67,32.5,7236078
SH,2026-09-16,32.78,32.96,32.44,10252901
SH,2026-09-17,32.4,32.52,32.37,8166241
SH,2026-09-18,32.38,32.54,32.37,8411036
SH,2026-09-21,31.88,32.2,31.82,9200912
SH,2026-09-22,31.9,31.92,31.82,9889910
SH,2026-09-23,32.13,32.1885,31.92,9362391
SH,2026-09-24,32.16,32.33,32.0911,11752471
SH,2026-09-25,32.01,32.216,31.9701,10152867
SH,2026-09-28,32.26,32.3299,32.085,12528640
SH,2026-09-29,32.3,32.395,32.2,9485788
SH,2026-09-30,32.4,32.41,32.1099,9867746
SH,2026-10-01,32.33,32.56,32.28,16198579
SH,2026-10-02,32.12,32.23,32,9991999
AAPL,2024-10-01,224.33,227.74,221.88,63285048
AAPL,2024-10-02,224.9,225.48,221.17,32880605
AAPL,2024-10-03,223.8,224.92,221.47,34044158
AAPL,2024-10-04,224.92,226.11,222.27,37345098
AAPL,2024-10-07,219.85,223.82,219.49,39505354
AAPL,2024-10-08,223.9,224.11,221.4,31855693
AAPL,2024-10-09,227.64,227.84,222.96,33591091
AAPL,2024-10-10,227.14,227.6,225.29,28183544
AAPL,2024-10-11,225.66,227.51,225.45,31759188
AAPL,2024-10-14,229.38,229.81,226.7,39882085
AAPL,2024-10-15,231.91,235.52,230.44,64751367
AAPL,2024-10-16,229.86,230.19,227.93,34082240
AAPL,2024-10-17,230.22,231.91,228.61,32993810
AAPL,2024-10-18,233.05,234.22,232.07,46431472
AAPL,2024-10-21,234.52,234.89,232.51,36254470
AAPL,2024-10-22,233.9,234.26,230.67,38846578
AAPL,2024-10-23,228.85,233.19,225.87,52286979
AAPL,2024-10-24,228.66,228.91,226.52,31109503
AAPL,2024-10-25,229.49,231.29,227.67,38802304
AAPL,2024-10-28,231.46,232.78,230.62,36087134
AAPL,2024-10-29,231.73,232.38,230.39,35417247
AAPL,2024-10-30,228.19,231.53,227.65,47070907
AAPL,2024-10-31,224.04,227.92,223.5,64370086
AAPL,2024-11-01,221.06,223.48,218.44,65276741
AAPL,2024-11-04,220.17,220.94,217.89,44944468
AAPL,2024-11-05,221.6,222.09,219.31,28111338
AAPL,2024-11-06,220.87,224.19,219.36,54561121
AAPL,2024-11-07,225.59,225.98,222.71,42137691
AAPL,2024-11-08,225.32,227.01,224.77,38328824
AAPL,2024-11-11,222.61,224.07,219.9,42005602
AAPL,2024-11-12,222.61,223.96,221.75,40398299
AAPL,2024-11-13,223.5,225.02,221.16,48566217
AAPL,2024-11-14,226.58,227.22,223.38,44923941
AAPL,2024-11-15,223.38,225.29,222.65,47923696
AAPL,2024-11-18,226.38,228.08,223.55,44691859
AAPL,2024-11-19,226.64,228.5,225.03,36211774
AAPL,2024-11-20,227.35,228.27,224.26,35230059
AAPL,2024-11-21,226.87,228.5,224.08,42108327
AAPL,2024-11-22,228.21,229.06,226.42,38168252
AAPL,2024-11-25,231.19,231.56,228.08,90152832
AAPL,2024-11-26,233.37,233.87,231.65,45986189
AAPL,2024-11-27,233.24,233.99,232.13,33498439
AAPL,2024-11-29,235.62,236.1,232.28,28481377
AAPL,2024-12-02,237.86,239.06,235.45,48137103
AAPL,2024-12-03,240.9,241.01,237.18,38861017
AAPL,2024-12-04,241.26,242.35,239.51,44383935
AAPL,2024-12-05,241.29,242.78,240.39,40033878
AAPL,2024-12-06,241.09,242.87,240.34,36870619
AAPL,2024-12-09,244.97,245.46,240.01,44649232
AAPL,2024-12-10,245.98,246.42,243.57,36914806
AAPL,2024-12-11,244.71,248.99,244.49,45205814
AAPL,2024-12-12,246.17,246.95,243.91,32777532
AAPL,2024-12-13,246.34,247.49,244.47,33155290
AAPL,2024-12-16,249.23,249.57,245.87,51694753
AAPL,2024-12-17,251.65,252,247.98,51356360
AAPL,2024-12-18,246.26,252.45,245.96,56774101
AAPL,2024-12-19,247.99,250.18,245.31,60882264
AAPL,2024-12-20,252.66,253.16,243.92,147495267
AAPL,2024-12-23,253.43,253.81,251.62,40858774
AAPL,2024-12-24,256.34,256.35,253.45,23234705
AAPL,2024-12-26,257.15,258.23,255.77,27262983
AAPL,2024-12-27,253.75,256.84,251.24,42355321
AAPL,2024-12-30,250.38,251.67,248.94,35557542
AAPL,2024-12-31,248.62,251.46,247.63,39480718
AAPL,2025-01-02,242.09,247.31,240.08,55740731
AAPL,2025-01-03,241.61,242.42,240.15,40244114
AAPL,2025-01-06,243.23,245.55,241.45,45045571
AAPL,2025-01-07,240.46,243.78,239.61,40855960
AAPL,2025-01-08,240.95,241.96,238.32,37628940
AAPL,2025-01-10,235.14,238.43,231.32,61710856
AAPL,2025-01-13,232.71,232.98,228.06,49630725
AAPL,2025-01-14,231.6,234.42,230.8,39435294
AAPL,2025-01-15,236.16,237.24,232.74,39831969
AAPL,2025-01-16,226.62,236.3,226.39,71759052
AAPL,2025-01-17,228.32,230.62,226.83,68488301
AAPL,2025-01-21,221.04,222.8,217.8,98070429
AAPL,2025-01-22,222.22,222.51,218.21,64126500
AAPL,2025-01-23,222.05,225.39,220.7,60234760
AAPL,2025-01-24,221.17,224,219.81,54697907
AAPL,2025-01-27,228.2,230.48,222.37,94863418
AAPL,2025-01-28,236.54,238.46,229.15,75707569
AAPL,2025-01-29,237.64,238.13,232.32,45486100
AAPL,2025-01-30,235.88,239.06,235.5,55658279
AAPL,2025-01-31,234.3,245.41,231.76,101075128
AAPL,2025-02-03,226.37,230.16,224.07,72998404
AAPL,2025-02-04,231.12,231.45,225.02,44902694
AAPL,2025-02-05,230.8,230.99,226.63,39664989
AAPL,2025-02-06,231.54,232.12,228.76,29925349
AAPL,2025-02-07,225.99,232.31,225.62,39487057
AAPL,2025-02-10,226.26,229.18,225.81,33102191
AAPL,2025-02-11,231.2,233.79,226.74,53718362
AAPL,2025-02-12,235.42,235.51,229.27,45243292
AAPL,2025-02-13,240.05,240.86,234.13,53614054
AAPL,2025-02-14,243.1,244.05,239.52,40896227
AAPL,2025-02-18,242.98,243.68,240.36,48822491
AAPL,2025-02-19,243.37,244.51,241.67,32146308
AAPL,2025-02-20,244.33,245.27,242.8,32316907
AAPL,2025-02-21,244.05,247.17,243.72,53197431
AAPL,2025-02-24,245.59,247.34,242.93,51326396
AAPL,2025-02-25,245.53,248.47,243.41,48013272
AAPL,2025-02-26,238.89,243.48,237.67,44433564
AAPL,2025-02-27,235.85,240.98,235.61,41153639
AAPL,2025-02-28,240.36,240.61,228.79,56833360
AAPL,2025-03-03,236.57,242.54,234.67,47183985
AAPL,2025-03-04,234.49,238.6,233.25,53798062
AAPL,2025-03-05,234.3,235.1,227.83,47227643
AAPL,2025-03-06,233.89,236.41,231.73,45170419
AAPL,2025-03-07,237.61,239.89,233.32,46273565
AAPL,2025-03-10,226.09,234.72,222.85,72071197
AAPL,2025-03-11,219.49,224.46,216.12,76137410
AAPL,2025-03-12,215.65,220.39,213.6,62547467
AAPL,2025-03-13,208.4,215.51,207.15,61368330
AAPL,2025-03-14,212.18,212.64,208.3,60107582
AAPL,2025-03-17,212.69,213.9,208.69,48073426
AAPL,2025-03-18,211.39,213.83,210.2,42432426
AAPL,2025-03-19,213.92,217.42,212.44,54385391
AAPL,2025-03-20,212.79,216.16,210.92,48862947
AAPL,2025-03-21,216.94,217.5,209.99,94127768
AAPL,2025-03-24,219.38,220.13,217.24,44299483
AAPL,2025-03-25,222.38,222.73,218.73,34493583
AAPL,2025-03-26,220.18,223.64,219.12,34532656
AAPL,2025-03-27,222.48,223.61,219.21,37094774
AAPL,2025-03-28,216.57,222.44,216.35,39818617
AAPL,2025-03-31,220.77,224.24,214.91,65298894
AAPL,2025-04-01,221.83,222.31,217.56,36412740
AAPL,2025-04-02,222.52,223.81,219.67,35905904
AAPL,2025-04-03,201.95,206.22,200.02,103418915
AAPL,2025-04-04,187.23,198.66,186.19,125908914
AAPL,2025-04-07,180.35,192.96,173.55,160466286
AAPL,2025-04-08,171.37,189.17,168.18,120853216
AAPL,2025-04-09,197.63,199.38,170.84,184386792
AAPL,2025-04-10,189.26,193.59,181.88,121879981
AAPL,2025-04-11,196.94,198.32,184.92,87435915
AAPL,2025-04-14,201.28,211.64,199.93,101352911
AAPL,2025-04-15,200.9,202.27,198.58,51343872
AAPL,2025-04-16,193.08,199.47,191.19,59732423
AAPL,2025-04-17,195.78,197.62,193.23,52164408
AAPL,2025-04-21,191.98,192.62,188.65,46742537
AAPL,2025-04-22,198.52,200.36,194.77,52976297
AAPL,2025-04-23,203.35,206.73,201.56,52929165
AAPL,2025-04-24,207.1,207.55,201.7,47310989
AAPL,2025-04-25,208,208.47,204.94,38222258
AAPL,2025-04-28,208.86,210.21,206.19,38743074
AAPL,2025-04-29,209.92,210.94,207.1,36827633
AAPL,2025-04-30,211.2,212.27,205.41,52286454
AAPL,2025-05-01,212.02,213.25,207.62,57365675
AAPL,2025-05-02,204.09,205.72,200.92,101010621
AAPL,2025-05-05,197.67,202.85,197,69018452
AAPL,2025-05-06,197.3,199.42,195.82,51216482
AAPL,2025-05-07,195.05,198.22,192.07,68616943
AAPL,2025-05-08,196.28,198.83,193.49,50478872
AAPL,2025-05-09,197.32,199.31,196.33,36453923
AAPL,2025-05-12,209.78,210.25,205.76,63775814
AAPL,2025-05-13,211.91,212.37,207.99,51909332
AAPL,2025-05-14,211.31,212.91,209.57,49325825
AAPL,2025-05-15,210.43,211.94,208.53,45029473
AAPL,2025-05-16,210.24,211.55,208.76,54737850
AAPL,2025-05-19,207.78,208.47,203.28,46140527
AAPL,2025-05-20,205.87,207.47,204.04,42496635
AAPL,2025-05-21,201.12,206.04,199.74,59211774
AAPL,2025-05-22,200.39,201.77,198.74,46742407
AAPL,2025-05-23,194.33,196.75,192.53,78432918
AAPL,2025-05-27,199.25,199.77,196.48,56288475
AAPL,2025-05-28,199.46,201.75,198.94,45339678
AAPL,2025-05-29,198.99,202.83,197.56,51477938
AAPL,2025-05-30,199.88,200.99,195.83,70819942
AAPL,2025-06-02,200.73,201.16,199.16,35423294
AAPL,2025-06-03,202.29,202.79,199.99,46381567
AAPL,2025-06-04,201.84,205.25,201.13,43603985
AAPL,2025-06-05,199.66,203.77,199.19,55221235
AAPL,2025-06-06,202.94,204.71,201.08,46607693
AAPL,2025-06-09,200.48,205.01,199.06,72862557
AAPL,2025-06-10,201.7,203.37,199.61,54672608
AAPL,2025-06-11,197.82,203.52,197.46,60989857
AAPL,2025-06-12,198.24,198.72,196.41,43904635
AAPL,2025-06-13,195.51,199.41,194.76,51447349
AAPL,2025-06-16,197.47,197.73,195.62,43020691
AAPL,2025-06-17,194.7,197.44,194.27,38856152
AAPL,2025-06-18,195.63,196.62,194.13,45394689
AAPL,2025-06-20,200.03,200.73,195.91,96813542
AAPL,2025-06-23,200.53,201.33,198,55814272
AAPL,2025-06-24,199.34,202.46,199.24,54064033
AAPL,2025-06-25,200.59,202.69,199.66,39525730
AAPL,2025-06-26,200.03,201.67,198.5,50799121
AAPL,2025-06-27,200.11,202.24,199.04,73188571
AAPL,2025-06-30,204.18,206.39,198.3,91912816
AAPL,2025-07-01,206.82,209.18,205.15,78788867
AAPL,2025-07-02,211.42,212.31,207.14,67941811
AAPL,2025-07-03,212.52,213.62,210.79,34955836
AAPL,2025-07-07,208.94,215.19,207.8,50228984
AAPL,2025-07-08,209,210.41,207.45,42848928
AAPL,2025-07-09,210.12,210.31,206.22,48749367
AAPL,2025-07-10,211.39,212.45,209.02,44443634
AAPL,2025-07-11,210.14,211.11,208.85,39765812
AAPL,2025-07-14,207.62,209.9,206.54,38840111
AAPL,2025-07-15,208.1,210.87,207.92,42296339
AAPL,2025-07-16,209.15,211.38,207.64,47483372
AAPL,2025-07-17,209.01,210.78,208.58,48067750
AAPL,2025-07-18,210.16,210.77,208.7,48972900
AAPL,2025-07-21,211.46,214.74,210.61,51377434
AAPL,2025-07-22,213.37,213.92,211.21,46404072
AAPL,2025-07-23,213.12,214.12,211.39,46989301
AAPL,2025-07-24,212.73,214.65,212.5,46022620
AAPL,2025-07-25,212.85,214.2,212.37,40268781
AAPL,2025-07-28,213.02,213.81,212.04,37858017
AAPL,2025-07-29,210.25,213.78,209.81,51411723
AAPL,2025-07-30,208.04,211.37,206.72,45511423
AAPL,2025-07-31,206.57,208.83,206.16,80698431
AAPL,2025-08-01,201.41,212.55,200.53,104434473
AAPL,2025-08-04,202.37,206.88,200.7,75109298
AAPL,2025-08-05,201.94,204.35,201.19,44155079
AAPL,2025-08-06,212.22,214.34,204.6,108483103
AAPL,2025-08-07,218.97,219.79,215.54,90224834
AAPL,2025-08-08,228.25,229.89,218.2,113853967
AAPL,2025-08-11,226.34,228.72,223.93,61806132
AAPL,2025-08-12,228.8,229.95,226.23,55672301
AAPL,2025-08-13,232.47,234.14,229.58,69878546
AAPL,2025-08-14,231.92,234.25,230,51916275
AAPL,2025-08-15,230.74,233.42,228.49,56038657
AAPL,2025-08-18,230.04,232.26,229.26,37476188
AAPL,2025-08-19,229.71,232.01,228.51,39402564
AAPL,2025-08-20,225.18,229.62,224.94,42263865
AAPL,2025-08-21,224.07,225.69,222.96,30621249
AAPL,2025-08-22,226.92,228.25,224.58,42477811
AAPL,2025-08-25,226.32,228.46,225.4,30983133
AAPL,2025-08-26,228.47,228.65,223.86,54575107
AAPL,2025-08-27,229.64,230.05,227.42,31259513
AAPL,2025-08-28,231.7,232.55,228.49,38074700
AAPL,2025-08-29,231.29,232.52,230.52,39391509
AAPL,2025-09-02,228.87,230,226.13,44075638
AAPL,2025-09-03,237.59,237.97,233.5,66427835
AAPL,2025-09-04,238.9,239.02,235.87,47549429
AAPL,2025-09-05,238.81,240.43,237.61,54848690
AAPL,2025-09-08,237,239.27,235.47,48999495
AAPL,2025-09-09,233.49,237.9,232.5,66313918
AAPL,2025-09-10,225.96,231.56,225.12,83440810
AAPL,2025-09-11,229.18,229.6,225.82,50195174
AAPL,2025-09-12,233.21,233.65,228.18,55824216
AAPL,2025-09-15,235.83,237.31,234.16,42699524
AAPL,2025-09-16,237.27,240.33,235.45,63421099
AAPL,2025-09-17,238.11,239.22,236.86,46508017
AAPL,2025-09-18,237,240.31,235.78,44249576
AAPL,2025-09-19,244.6,245.39,239.33,163741314
AAPL,2025-09-22,255.14,255.7,247.21,105517416
AAPL,2025-09-23,253.49,256.39,252.65,60275187
AAPL,2025-09-24,251.38,254.8,250.12,42303710
AAPL,2025-09-25,255.92,256.22,250.79,55202075
AAPL,2025-09-26,254.52,256.65,252.85,46076258
AAPL,2025-09-29,253.49,254.06,252.08,40127687
AAPL,2025-09-30,253.69,254.98,252.18,37704259
AAPL,2025-10-01,254.51,257.84,253.99,48713940
AAPL,2025-10-02,256.18,257.23,253.21,42630239
AAPL,2025-10-03,257.07,258.29,253.02,49155614
AAPL,2025-10-06,255.75,258.12,254.11,44664118
AAPL,2025-10-07,255.54,256.45,254.49,31955776
AAPL,2025-10-08,257.11,257.57,255.17,36496895
AAPL,2025-10-09,253.11,257.05,252.21,38322012
AAPL,2025-10-10,244.37,255.44,243.1,61999098
AAPL,2025-10-13,246.75,248.77,244.66,38142942
AAPL,2025-10-14,246.86,247.93,243.8,35477986
AAPL,2025-10-15,248.42,250.89,246.56,33893611
AAPL,2025-10-16,246.54,248.12,244.23,39776974
AAPL,2025-10-17,251.36,252.45,246.36,49146961
AAPL,2025-10-20,261.27,263.4,254.69,90483029
AAPL,2025-10-21,261.8,264.31,260.87,46692347
AAPL,2025-10-22,257.5,261.88,254.49,45011970
AAPL,2025-10-23,258.62,259.66,257.06,32752139
AAPL,2025-10-24,261.85,263.16,258.23,38253517
AAPL,2025-10-27,267.82,268.13,263.68,44888052
AAPL,2025-10-28,268.01,268.9,267.16,41534547
AAPL,2025-10-29,268.71,270.41,266.13,51086742
AAPL,2025-10-30,270.4,273.13,267.49,69886281
AAPL,2025-10-31,269.37,276.3,268.17,86167123
AAPL,2025-11-03,268.06,269.85,265.27,50194583
AAPL,2025-11-04,269.05,270.49,266.63,49274846
AAPL,2025-11-05,269.15,270.7,265.95,43683072
AAPL,2025-11-06,268.78,272.39,266.9,51204045
AAPL,2025-11-07,267.48,271.29,265.79,48227365
AAPL,2025-11-10,268.7,272.99,266.73,41312412
AAPL,2025-11-11,274.5,275.16,269.07,46208318
AAPL,2025-11-12,272.73,274.98,270.96,48397982
AAPL,2025-11-13,272.21,275.95,271.35,49602794
AAPL,2025-11-14,271.67,275.21,268.87,47431331
AAPL,2025-11-17,266.73,269.76,265.01,45018260
AAPL,2025-11-18,266.71,269.98,264.6,45677278
AAPL,2025-11-19,267.83,271.47,264.78,40424492
AAPL,2025-11-20,265.53,274.68,265.2,45823568
AAPL,2025-11-21,270.75,272.59,264.95,59030832
AAPL,2025-11-24,275.17,276.25,270.16,65585796
AAPL,2025-11-25,276.22,279.62,274.5,46914220
AAPL,2025-11-26,276.8,278.77,275.88,33431423
AAPL,2025-11-28,278.09,278.24,275.24,20135620
AAPL,2025-12-01,282.33,282.65,275.39,46587722
AAPL,2025-12-02,285.41,286.62,281.86,53669532
AAPL,2025-12-03,283.38,287.84,282.53,43538687
AAPL,2025-12-04,279.94,283.96,277.83,43989056
AAPL,2025-12-05,278.02,280.38,277.3,47265845
AAPL,2025-12-08,277.14,278.91,275.4,38211832
AAPL,2025-12-09,276.43,279.27,276.17,32193256
AAPL,2025-12-10,278.02,278.99,275.69,33038318
AAPL,2025-12-11,277.28,278.83,273.07,33247986
AAPL,2025-12-12,277.52,278.46,276.07,39532887
AAPL,2025-12-15,273.37,279.39,272.1,50409078
AAPL,2025-12-16,273.86,274.75,271.05,37648628
AAPL,2025-12-17,271.1,275.41,270.9,50138743
AAPL,2025-12-18,271.45,272.89,266.23,51630721
AAPL,2025-12-19,272.93,273.85,269.17,144632048
AAPL,2025-12-22,270.23,273.14,269.77,36571827
AAPL,2025-12-23,271.62,271.76,268.83,29641999
AAPL,2025-12-24,273.07,274.68,271.46,17910574
AAPL,2025-12-26,272.66,274.62,272.12,21521802
AAPL,2025-12-29,273.02,273.62,271.61,23715213
AAPL,2025-12-30,272.34,273.34,271.54,22139617
AAPL,2025-12-31,271.12,272.94,271.01,27293639
AAPL,2026-01-02,270.27,277.09,268.27,37838054
AAPL,2026-01-05,266.53,270.77,265.42,45572200
AAPL,2026-01-06,261.65,266.82,261.41,52352090
AAPL,2026-01-07,259.62,262.96,259.1,48309804
AAPL,2026-01-08,258.34,258.59,255.01,50419337
AAPL,2026-01-09,258.67,259.5,255.52,39996967
AAPL,2026-01-12,259.54,260.59,256.1,45263767
AAPL,2026-01-13,260.34,261.1,257.69,45730847
AAPL,2026-01-14,259.25,261.11,256.01,40019421
AAPL,2026-01-15,257.51,260.33,256.35,39388564
AAPL,2026-01-16,254.84,258.2,254.24,72142773
AAPL,2026-01-20,246.03,254.1,242.76,80267517
AAPL,2026-01-21,246.98,250.88,244.51,54641725
AAPL,2026-01-22,247.68,250.32,247.48,39708340
AAPL,2026-01-23,247.37,248.73,244.02,41688982
AAPL,2026-01-26,254.72,255.86,249.12,55969234
AAPL,2026-01-27,257.57,261.24,257.51,49648271
AAPL,2026-01-28,255.74,258.15,253.82,41287971
AAPL,2026-01-29,257.58,258.95,253.72,67253009
AAPL,2026-01-30,258.78,261.19,251.5,92443408
AAPL,2026-02-02,269.28,269.76,258.5,73913425
AAPL,2026-02-03,268.75,271.14,266.88,64394655
AAPL,2026-02-04,275.74,278.19,271.55,90545710
AAPL,2026-02-05,275.16,278.74,272.49,52977441
AAPL,2026-02-06,277.37,280.14,276.17,50453414
AAPL,2026-02-09,274.13,277.7,271.22,44623396
AAPL,2026-02-10,273.19,274.88,272.45,34376898
AAPL,2026-02-11,275.01,279.68,273.96,51931283
AAPL,2026-02-12,261.26,275.23,259.72,81077229
AAPL,2026-02-13,255.32,261.76,254.99,56290673
AAPL,2026-02-17,263.41,265.82,255.08,58469094
AAPL,2026-02-18,263.88,266.34,261.98,34203337
AAPL,2026-02-19,260.12,264.01,259.59,30845294
AAPL,2026-02-20,264.11,264.28,257.7,42070499
AAPL,2026-02-23,265.71,268.95,262.91,37485756
AAPL,2026-02-24,271.66,274.4,267.23,47170799
AAPL,2026-02-25,273.74,274.45,270.57,33872816
AAPL,2026-02-26,272.46,275.62,270.31,32503510
AAPL,2026-02-27,263.71,272.32,262.42,72529622
AAPL,2026-03-02,264.25,266.06,259.74,42020588
AAPL,2026-03-03,263.28,265.09,259.67,38686890
AAPL,2026-03-04,262.05,265.68,260.95,39959953
AAPL,2026-03-05,259.83,261.09,256.79,49818541
AAPL,2026-03-06,257,258.31,253.92,41273884
AAPL,2026-03-09,259.42,260.68,253.23,38398591
AAPL,2026-03-10,260.37,262.01,256.49,30750595
AAPL,2026-03-11,260.35,261.66,259.09,26372593
AAPL,2026-03-12,255.3,258.49,253.73,40952141
AAPL,2026-03-13,249.67,255.87,249.08,37092748
AAPL,2026-03-16,252.37,253.43,249.43,32254050
AAPL,2026-03-17,253.78,254.68,251.73,32510780
AAPL,2026-03-18,249.49,254.49,248.56,35915193
AAPL,2026-03-19,248.52,251.38,246.86,35019905
AAPL,2026-03-20,247.55,248.76,245.56,88492140
AAPL,2026-03-23,251.04,254.15,249.83,40725811
AAPL,2026-03-24,251.19,254.37,249.11,45304131
AAPL,2026-03-25,252.17,254.55,251.15,28626412
AAPL,2026-03-26,252.44,256.54,250.32,41948926
AAPL,2026-03-27,248.36,255.04,247.63,48058120
AAPL,2026-03-30,246.19,250.42,245.07,39622901
AAPL,2026-03-31,253.34,255.02,246.66,49749647
AAPL,2026-04-01,255.17,255.72,252.88,40214210
AAPL,2026-04-02,255.46,255.67,250.2,31436918
AAPL,2026-04-06,258.4,261.69,256,29515075
AAPL,2026-04-07,253.05,255.74,245.26,62320464
AAPL,2026-04-08,258.44,259.29,256.07,41185418
AAPL,2026-04-09,260.03,260.65,255.61,28265531
AAPL,2026-04-10,260.02,261.72,258.56,31442238
AAPL,2026-04-13,258.74,259.72,256.2,36408224
AAPL,2026-04-14,258.37,261.46,256.73,48524835
AAPL,2026-04-15,265.96,266.09,257.35,50072607
AAPL,2026-04-16,262.93,266.68,260.8,43478258
AAPL,2026-04-17,269.75,271.81,266.24,61597694
AAPL,2026-04-20,272.56,273.79,269.81,36649162
AAPL,2026-04-21,265.7,272.31,264.93,50375502
AAPL,2026-04-22,272.68,273.25,266.39,43403761
AAPL,2026-04-23,272.94,275.28,271.17,33551842
AAPL,2026-04-24,270.58,272.57,269.17,38318683
AAPL,2026-04-27,267.13,267.88,264.6,41535873
AAPL,2026-04-28,270.23,272.74,268.18,40172718
AAPL,2026-04-29,269.69,270.56,266.56,30201056
AAPL,2026-04-30,270.87,275.51,267.66,92016751
AAPL,2026-05-01,279.64,286.71,277.87,80105508
AAPL,2026-05-04,276.34,280.13,274.37,46845300
AAPL,2026-05-05,283.67,284.06,276.01,49478504
AAPL,2026-05-06,287,287.52,280.57,58505958
AAPL,2026-05-07,286.93,291.61,285.27,45390735
AAPL,2026-05-08,292.8,294.23,289.48,52883906
AAPL,2026-05-11,292.43,293.63,289.98,42447512
AAPL,2026-05-12,294.55,295.02,292.31,45915100
AAPL,2026-05-13,298.61,300.66,293.25,52854874
AAPL,2026-05-14,297.95,300.19,295.13,35497001
AAPL,2026-05-15,299.97,302.94,296.26,55041205
AAPL,2026-05-18,297.58,300.4,294.66,34681425
AAPL,2026-05-19,298.71,300.25,296.09,42407713
AAPL,2026-05-20,301.99,302.54,297.82,38392499
AAPL,2026-05-21,304.73,305.28,300.14,43130643
AAPL,2026-05-22,308.55,311.13,305.58,43850433
AAPL,2026-05-26,308.06,311.55,307.4,48211426
AAPL,2026-05-27,310.58,312.99,308.03,50602317
AAPL,2026-05-28,312.24,312.53,309.3,48391247
AAPL,2026-05-29,311.79,314.73,309.26,70201217
AAPL,2026-06-01,306.05,310.67,304.76,49067433
AAPL,2026-06-02,314.93,315.18,306.42,44713169
AAPL,2026-06-03,309.99,316.67,308.58,51012180
AAPL,2026-06-04,310.96,313.27,309.38,45035886
AAPL,2026-06-05,307.08,314.9,306.89,65490996
AAPL,2026-06-08,301.28,317.13,300.91,78172037
AAPL,2026-06-09,290.3,300.49,287.53,70285528
AAPL,2026-06-10,291.33,294.5,287.13,52993052
AAPL,2026-06-11,295.38,296.74,289.34,42760915
AAPL,2026-06-12,290.88,296.88,289.37,38970821
AAPL,2026-06-15,296.16,297.52,291.45,45931352
AAPL,2026-06-16,298.98,300.22,293.72,40039926
AAPL,2026-06-17,295.69,301.81,294.11,42907686
AAPL,2026-06-18,297.75,300.31,295.37,86421905
AAPL,2026-06-22,296.75,302.16,296.5,45089193
AAPL,2026-06-23,294.05,301.38,293.93,52179625
AAPL,2026-06-24,292.83,299.44,292.69,53319698
AAPL,2026-06-25,274.91,288.55,273.51,107450336
AAPL,2026-06-26,283.54,285.7,273.97,261946552
AAPL,2026-06-29,281.5,288.12,279.61,66820039
AAPL,2026-06-30,289.11,289.69,280.45,65405945
AAPL,2026-07-01,294.13,296.33,288.95,50332267
AAPL,2026-07-02,308.36,309.15,293.43,75580907
AAPL,2026-07-06,312.39,313.93,306.74,53865529
AAPL,2026-07-07,310.39,315.21,309.88,42707382
AAPL,2026-07-08,313.12,314.55,306.79,41535672
AAPL,2026-07-09,315.95,316.26,307.89,48340151
AAPL,2026-07-10,315.05,316.64,311.9,34351809
AAPL,2026-07-13,317.04,323.17,315.51,43508510
AAPL,2026-07-14,314.59,315.92,311.64,36550290
AAPL,2026-07-15,327.22,328.45,317.05,61191301
AAPL,2026-07-16,332.97,334.39,326.51,63195341
AAPL,2026-07-17,333.45,334.7,328.72,63625972
AAPL,2026-07-20,326.31,333.42,323.4,53712154
AAPL,2026-07-21,327.46,329.32,321.94,41539133
AAPL,2026-07-22,325.61,328.72,323.06,38965572
AAPL,2026-07-23,321.38,323.02,319.07,41050730
AAPL,2026-07-24,332.73,334.08,321.34,47696043
AAPL,2026-07-27,336.62,339.28,333.73,49845014
AAPL,2026-07-28,339.79,342.59,335.31,52061446
AAPL,2026-07-29,337.9,344.27,337.06,56298904
AAPL,2026-07-30,333.14,334.46,329.31,75028386
AAPL,2026-07-31,308.64,310.42,299.74,132756799
AAPL,2026-08-03,303.16,311.53,302.3,75314280
AAPL,2026-08-04,309.11,310.15,301.06,68214703
AAPL,2026-08-05,310.73,311.44,305.41,49657830
AAPL,2026-08-06,312.14,316.02,308.96,46342840
AAPL,2026-08-07,313.06,314.54,310.47,34646756
AAPL,2026-08-10,308.26,308.26,304.61,45062553
AAPL,2026-08-11,304.91,309.97,302.79,37688321
AAPL,2026-08-12,302.25,305.66,300.57,41873071
AAPL,2026-08-13,305.26,306,302.05,40544601
AAPL,2026-08-14,305.93,307.49,304.3,28442252
AAPL,2026-08-17,305.59,307.66,302.939,38414225
AAPL,2026-08-18,310.03,311.49,305.74,53629117
AAPL,2026-08-19,316.83,319.2799,309.6,50704129
AAPL,2026-08-20,311.3,320.28,310.65,41133622
AAPL,2026-08-21,309.35,312.38,307.01,47080272
AAPL,2026-08-24,310.34,313.36,309.97,35049573
AAPL,2026-08-25,309.9,313.59,308.21,26081057
AAPL,2026-08-26,313.45,315.43,308.8001,34233948
AAPL,2026-08-27,314.58,315.4,309.4001,32626510
AAPL,2026-08-28,319.7,322.37,315.4504,38852398
AAPL,2026-08-31,316.85,321.235,312.8,41480922
AAPL,2026-09-01,325.13,327.3,314.73,53363417
AAPL,2026-09-02,324.96,328.4,323.53,33980608
AAPL,2026-09-03,328.21,330.81,324.11,37422571
AAPL,2026-09-04,319.97,328.93,317.86,39788274
AAPL,2026-09-08,316.22,320.7,314.9,35726188
AAPL,2026-09-09,315.34,319.15,309.9,65803403
AAPL,2026-09-10,326.57,326.74,316.51,70199906
AAPL,2026-09-11,332.27,336.22,326.3,50906905
AAPL,2026-09-14,333.08,335.5,331.34,39524847
AAPL,2026-09-15,331.34,331.78,328.35,31916076
AAPL,2026-09-16,332.41,335.48,330.7,36100868
AAPL,2026-09-17,337,338.34,330.1833,36817969
AAPL,2026-09-18,336.13,338.49,332.53,86726840
AAPL,2026-09-21,338.98,339.64,333.05,35165402
AAPL,2026-09-22,339.75,345.34,338.75,40814327
AAPL,2026-09-23,337.02,341.8,335.5,31795692
AAPL,2026-09-24,335.92,338.91,334.3,24871878
AAPL,2026-09-25,341.07,341.67,334.53,30134469
AAPL,2026-09-28,338.4,342.988,338.04,32989725
AAPL,2026-09-29,329.4,337.085,328.7,38641024
AAPL,2026-09-30,333.02,339.5,330.1401,50149031
AAPL,2026-10-01,330.32,332.4816,325.81,36471598
AAPL,2026-10-02,333.69,334.54,330.61,33442044
AMZN,2024-10-01,185.13,186.19,183.4519,36044906
AMZN,2024-10-02,184.76,186.6,184.04,23704056
AMZN,2024-10-03,181.96,183.44,180.875,30204302
AMZN,2024-10-04,186.51,187.6,183.6,41079011
AMZN,2024-10-07,180.8,183.6,180.25,42364201
AMZN,2024-10-08,182.72,183.09,180.92,26372086
AMZN,2024-10-09,185.17,185.845,182.05,26343117
AMZN,2024-10-10,186.65,188.134,185.83,27785043
AMZN,2024-10-11,188.82,189.9284,186.3,25751557
AMZN,2024-10-14,187.54,189.83,187.36,22614407
AMZN,2024-10-15,187.69,188.41,184.58,32178925
AMZN,2024-10-16,186.89,187.78,185.61,23456812
AMZN,2024-10-17,187.53,188.94,186,25039414
AMZN,2024-10-18,188.99,190.74,186.28,37417670
AMZN,2024-10-21,189.07,189.46,186.4,24639393
AMZN,2024-10-22,189.7,191.5201,186.975,29650593
AMZN,2024-10-23,184.71,189.16,183.69,31937089
AMZN,2024-10-24,186.38,187.11,183.86,21647395
AMZN,2024-10-25,187.83,190.45,187.53,29362060
AMZN,2024-10-28,188.39,190.21,188.21,27930836
AMZN,2024-10-29,190.83,191.4599,187.815,35690158
AMZN,2024-10-30,192.73,195.61,192.42,37707550
AMZN,2024-10-31,186.4,190.6,185.23,75146759
AMZN,2024-11-01,197.93,200.5,197.02,99687847
AMZN,2024-11-04,195.78,197.33,194.3101,38492062
AMZN,2024-11-05,199.5,199.82,195.99,30564784
AMZN,2024-11-06,207.09,207.55,199.14,72292167
AMZN,2024-11-07,210.05,212.25,207.19,52878383
AMZN,2024-11-08,208.18,209.9633,207.44,36075846
AMZN,2024-11-11,206.84,209.65,205.59,35456012
AMZN,2024-11-12,208.91,209.54,206.01,38942918
AMZN,2024-11-13,214.1,215.09,209.14,46212943
AMZN,2024-11-14,211.48,215.9,210.88,42620309
AMZN,2024-11-15,202.61,207.34,199.61,86591144
AMZN,2024-11-18,201.7,204.67,200.95,36523187
AMZN,2024-11-19,204.61,205.3,198.78,31213867
AMZN,2024-11-20,202.88,203.13,199.45,32714325
AMZN,2024-11-21,198.38,203.49,195.75,58800042
AMZN,2024-11-22,197.12,199.2599,196.75,31530844
AMZN,2024-11-25,201.45,201.9499,199,40685672
AMZN,2024-11-26,207.86,208,201.79,41673737
AMZN,2024-11-27,205.74,207.64,205.05,28061638
AMZN,2024-11-29,207.89,208.2,204.59,24892447
AMZN,2024-12-02,210.71,212.99,209.5101,39523185
AMZN,2024-12-03,213.44,214.02,209.65,32214828
AMZN,2024-12-04,218.16,220,215.75,48745716
AMZN,2024-12-05,220.55,222.15,217.3,41140220
AMZN,2024-12-06,227.03,227.15,220.6,44178069
AMZN,2024-12-09,226.09,230.08,225.67,46819363
AMZN,2024-12-10,225.04,229.06,224.2002,31199864
AMZN,2024-12-11,230.26,231.2,226.26,35385785
AMZN,2024-12-12,228.97,231.09,227.63,28204084
AMZN,2024-12-13,227.46,230.2,225.8608,28768080
AMZN,2024-12-16,232.93,233,228.01,37552096
AMZN,2024-12-17,231.15,232.73,227.85,35948131
AMZN,2024-12-18,220.52,231.3999,220.11,43281443
AMZN,2024-12-19,223.29,226.09,222.92,39918739
AMZN,2024-12-20,224.92,226.21,218.73,88279184
AMZN,2024-12-23,225.06,226.88,223.9,28070007
AMZN,2024-12-24,229.05,229.14,226.13,15007497
AMZN,2024-12-26,227.05,228.5,226.6706,16174500
AMZN,2024-12-27,223.75,226.03,220.9,27367147
AMZN,2024-12-30,221.3,222.9972,218.43,28321240
AMZN,2024-12-31,219.39,223.2299,218.94,24819655
AMZN,2025-01-02,220.22,225.15,218.19,33956579
AMZN,2025-01-03,224.19,225.36,221.62,27515606
AMZN,2025-01-06,227.61,228.835,224.84,31849831
AMZN,2025-01-07,222.11,228.381,221.46,28084164
AMZN,2025-01-08,222.13,223.52,220.2,25033292
AMZN,2025-01-10,218.94,221.71,216.5,36811525
AMZN,2025-01-13,218.46,219.4,216.47,27262655
AMZN,2025-01-14,217.76,221.82,216.2,24711650
AMZN,2025-01-15,223.35,223.57,220.75,31291257
AMZN,2025-01-16,220.66,224.65,220.31,24757276
AMZN,2025-01-17,225.94,226.51,223.08,42370123
AMZN,2025-01-21,230.71,231.78,226.94,39951456
AMZN,2025-01-22,235.01,235.44,231.19,41448217
AMZN,2025-01-23,235.42,235.52,231.51,26404364
AMZN,2025-01-24,234.85,236.4,232.93,25890738
AMZN,2025-01-27,235.42,235.61,225.86,49428332
AMZN,2025-01-28,238.15,241.77,233.98,41587188
AMZN,2025-01-29,237.07,240.39,236.15,26091716
AMZN,2025-01-30,234.64,237.95,232.22,32020728
AMZN,2025-01-31,237.68,240.29,236.41,36162377
AMZN,2025-02-03,237.42,239.25,232.9,37247791
AMZN,2025-02-04,242.06,242.52,238.03,29606288
AMZN,2025-02-05,236.17,238.32,235.2,38832042
AMZN,2025-02-06,238.83,239.6599,236.01,60897095
AMZN,2025-02-07,229.15,234.81,228.06,77333757
AMZN,2025-02-10,233.14,233.92,229.2,35404988
AMZN,2025-02-11,232.76,233.44,230.13,23713726
AMZN,2025-02-12,228.93,231.18,228.16,32285249
AMZN,2025-02-13,230.37,230.42,227.52,31346512
AMZN,2025-02-14,228.68,229.89,227.23,27031084
AMZN,2025-02-18,226.65,229.3,223.72,42975133
AMZN,2025-02-19,226.63,226.83,223.71,28519384
AMZN,2025-02-20,222.88,225.13,221.81,30001665
AMZN,2025-02-21,216.58,223.31,214.74,55323850
AMZN,2025-02-24,212.71,217.715,212.42,42387585
AMZN,2025-02-25,212.8,213.34,204.16,58957977
AMZN,2025-02-26,214.35,218.16,213.09,39120603
AMZN,2025-02-27,208.74,219.97,208.37,40548571
AMZN,2025-02-28,212.28,212.62,206.99,51771737
AMZN,2025-03-03,205.02,214.01,202.55,42948447
AMZN,2025-03-04,203.8,206.8,197.432,60853084
AMZN,2025-03-05,208.36,209.98,203.26,38610085
AMZN,2025-03-06,200.7,205.77,198.3015,49863755
AMZN,2025-03-07,199.25,202.2653,192.53,59802821
AMZN,2025-03-10,194.54,196.73,190.85,62350926
AMZN,2025-03-11,196.59,200.18,193.4,54002880
AMZN,2025-03-12,198.89,201.52,195.29,43679284
AMZN,2025-03-13,193.89,198.8799,191.82,41270761
AMZN,2025-03-14,197.95,198.65,195.32,38096663
AMZN,2025-03-17,195.74,199,194.3247,47341752
AMZN,2025-03-18,192.82,194,189.38,40414867
AMZN,2025-03-19,195.54,195.965,191.96,39442878
AMZN,2025-03-20,194.95,199.32,192.3,38921113
AMZN,2025-03-21,196.21,196.99,192.52,60056917
AMZN,2025-03-24,203.26,203.64,199.95,41625365
AMZN,2025-03-25,205.71,206.21,203.22,31171161
AMZN,2025-03-26,201.13,206.01,199.925,32990973
AMZN,2025-03-27,201.36,203.79,199.2821,27317661
AMZN,2025-03-28,192.72,199.26,191.881,52548226
AMZN,2025-03-31,190.26,191.33,184.4,63547186
AMZN,2025-04-01,192.17,193.93,187.2,41267315
AMZN,2025-04-02,196.01,198.34,187.66,53679198
AMZN,2025-04-03,178.41,184.13,176.92,95553363
AMZN,2025-04-04,171,178.1436,166,123158603
AMZN,2025-04-07,175.26,183.4099,161.38,109327115
AMZN,2025-04-08,170.66,185.9,168.57,87700953
AMZN,2025-04-09,191.1,192.65,169.93,116782934
AMZN,2025-04-10,181.22,186.8692,175.8518,68302045
AMZN,2025-04-11,184.87,185.86,178,50594339
AMZN,2025-04-14,182.12,187.44,179.23,48002540
AMZN,2025-04-15,179.59,182.35,177.9331,43641952
AMZN,2025-04-16,174.33,179.1046,171.41,51875316
AMZN,2025-04-17,172.61,176.21,172,44725895
AMZN,2025-04-21,167.32,169.6,165.285,48126111
AMZN,2025-04-22,173.18,176.78,169.35,56607200
AMZN,2025-04-23,180.6,187.38,180.19,63470149
AMZN,2025-04-24,186.54,186.74,180.18,43763196
AMZN,2025-04-25,188.99,189.94,185.49,36414330
AMZN,2025-04-28,187.7,190.22,184.885,33224732
AMZN,2025-04-29,187.39,188.0158,183.68,41667255
AMZN,2025-04-30,184.42,185.05,178.85,55176543
AMZN,2025-05-01,190.2,191.8071,187.5,74265963
AMZN,2025-05-02,189.98,192.88,186.4,77903487
AMZN,2025-05-05,186.35,188.18,185.53,35217469
AMZN,2025-05-06,185.01,187.93,183.85,29314055
AMZN,2025-05-07,188.71,190.99,185.01,44002926
AMZN,2025-05-08,192.08,194.33,188.82,41043620
AMZN,2025-05-09,193.06,194.69,191.16,29663143
AMZN,2025-05-12,208.64,211.66,205.75,75205042
AMZN,2025-05-13,211.37,214.84,210.1,56193682
AMZN,2025-05-14,210.25,211.93,208.85,38492128
AMZN,2025-05-15,205.17,206.88,202.673,64347317
AMZN,2025-05-16,205.59,206.85,204.374,43318478
AMZN,2025-05-19,206.16,206.62,201.26,34314810
AMZN,2025-05-20,204.07,205.5899,202.65,29470373
AMZN,2025-05-21,201.12,203.455,200.06,42460924
AMZN,2025-05-22,203.1,205.76,200.16,38938882
AMZN,2025-05-23,200.99,202.37,197.85,33393545
AMZN,2025-05-27,206.02,206.69,202.19,34892044
AMZN,2025-05-28,204.72,207.66,204.41,28549753
AMZN,2025-05-29,205.7,208.81,204.23,34700005
AMZN,2025-05-30,205.01,205.99,201.695,51679406
AMZN,2025-06-02,206.65,207,202.68,29113319
AMZN,2025-06-03,205.71,208.9469,205.03,33139121
AMZN,2025-06-04,207.23,208.18,205.18,29915592
AMZN,2025-06-05,207.91,212.81,207.56,51979243
AMZN,2025-06-06,213.57,213.8699,210.5,39832500
AMZN,2025-06-09,216.98,217.85,212.88,38102502
AMZN,2025-06-10,217.61,217.69,214.15,31303317
AMZN,2025-06-11,213.2,218.4,212.89,39325981
AMZN,2025-06-12,213.24,213.58,211.33,27639991
AMZN,2025-06-13,212.1,214.05,209.62,29337763
AMZN,2025-06-16,216.1,217.06,211.6,33284158
AMZN,2025-06-17,214.82,217.41,214.56,32086262
AMZN,2025-06-18,212.52,217.96,212.34,44360509
AMZN,2025-06-20,209.69,214.89,208.2709,75350733
AMZN,2025-06-23,208.47,210.39,207.3101,37311725
AMZN,2025-06-24,212.77,214.34,211.045,38378757
AMZN,2025-06-25,211.99,216.03,211.11,31755698
AMZN,2025-06-26,217.12,218.035,212.01,50480814
AMZN,2025-06-27,223.3,223.3,216.74,119217138
AMZN,2025-06-30,219.39,223.82,219.12,58887780
AMZN,2025-07-01,220.46,221.875,217.93,39256830
AMZN,2025-07-02,219.92,221.6,219.06,30894178
AMZN,2025-07-03,223.41,224.01,221.36,29632353
AMZN,2025-07-07,223.47,224.29,222.37,36604139
AMZN,2025-07-08,219.36,224,218.43,45691987
AMZN,2025-07-09,222.54,224.29,220.47,38155121
AMZN,2025-07-10,222.26,222.79,219.7,30370591
AMZN,2025-07-11,225.02,226.6799,222.37,50518307
AMZN,2025-07-14,225.69,226.66,224.24,35702597
AMZN,2025-07-15,226.35,227.27,225.455,34907294
AMZN,2025-07-16,223.19,226.1,222.18,39529895
AMZN,2025-07-17,223.88,224.5,222.51,31855521
AMZN,2025-07-18,226.13,226.4,222.98,37833635
AMZN,2025-07-21,229.3,229.69,225.65,40297556
AMZN,2025-07-22,227.47,230,226.35,37483702
AMZN,2025-07-23,228.29,228.79,227.09,28294852
AMZN,2025-07-24,232.23,236,228.64,42902266
AMZN,2025-07-25,231.44,232.48,231.18,28712095
AMZN,2025-07-28,232.79,234.29,232.25,26300138
AMZN,2025-07-29,231.01,234.72,230.31,33716220
AMZN,2025-07-30,230.19,231.8,229.29,32990702
AMZN,2025-07-31,234.11,236.53,231.4,104357263
AMZN,2025-08-01,214.75,220.4399,212.8,122258801
AMZN,2025-08-04,211.65,217.44,211.42,77890146
AMZN,2025-08-05,213.75,216.3,212.87,51505121
AMZN,2025-08-06,222.31,222.65,213.7409,54823045
AMZN,2025-08-07,223.13,226.22,220.82,40603513
AMZN,2025-08-08,222.69,223.8,221.8836,32970477
AMZN,2025-08-11,221.3,223.05,220.4,31646222
AMZN,2025-08-12,221.47,223.5,219.05,37254707
AMZN,2025-08-13,224.56,224.9185,222,36508335
AMZN,2025-08-14,230.98,233.11,227.02,61545824
AMZN,2025-08-15,231.03,234.08,229.807,39649244
AMZN,2025-08-18,231.49,231.91,228.33,25248890
AMZN,2025-08-19,228.01,230.5283,227.12,29891012
AMZN,2025-08-20,223.81,227.27,220.915,36604319
AMZN,2025-08-21,221.95,222.78,220.5,32140459
AMZN,2025-08-22,228.84,229.14,220.82,37315341
AMZN,2025-08-25,227.94,229.6,227.31,22633695
AMZN,2025-08-26,228.71,229,226.02,26105373
AMZN,2025-08-27,229.12,229.87,227.81,21254479
AMZN,2025-08-28,231.6,232.71,228.02,33679585
AMZN,2025-08-29,229,231.8125,228.16,26187353
AMZN,2025-09-02,225.34,226.17,221.83,38843883
AMZN,2025-09-03,225.99,227.1699,224.36,29223134
AMZN,2025-09-04,235.68,235.77,230.78,59391779
AMZN,2025-09-05,232.33,236,231.93,36670381
AMZN,2025-09-08,235.84,237.6,233.75,33947104
AMZN,2025-09-09,238.24,238.85,235.08,27033778
AMZN,2025-09-10,230.33,237.68,229.0962,60907714
AMZN,2025-09-11,229.95,231.53,229.3377,37471126
AMZN,2025-09-12,228.15,230.79,226.29,38496218
AMZN,2025-09-15,231.43,233.73,230.32,33243328
AMZN,2025-09-16,234.05,235.9,232.23,38203912
AMZN,2025-09-17,231.62,234.3,228.71,42815230
AMZN,2025-09-18,231.23,233.48,228.79,37931738
AMZN,2025-09-19,231.48,234.16,229.7,98017372
AMZN,2025-09-22,227.63,230.565,227.51,45914506
AMZN,2025-09-23,220.71,227.86,220.07,70956193
AMZN,2025-09-24,220.21,224.56,219.45,49509033
AMZN,2025-09-25,218.15,220.67,216.47,52226328
AMZN,2025-09-26,219.78,221.05,218.02,41650098
AMZN,2025-09-29,222.17,222.6,219.3,44259177
AMZN,2025-09-30,219.57,222.24,217.89,48396369
AMZN,2025-10-01,220.63,222.15,216.61,43933834
AMZN,2025-10-02,222.41,222.81,218.945,41258586
AMZN,2025-10-03,219.51,224.2,219.34,43639033
AMZN,2025-10-06,220.9,221.73,216.03,43690876
AMZN,2025-10-07,221.78,222.89,220.17,31194678
AMZN,2025-10-08,225.22,226.73,221.19,46685985
AMZN,2025-10-09,227.74,228.21,221.75,46412122
AMZN,2025-10-10,216.37,228.25,216,72367511
AMZN,2025-10-13,220.07,220.68,217.04,37809650
AMZN,2025-10-14,216.39,219.32,212.6,45665580
AMZN,2025-10-15,215.57,217.71,212.66,45909469
AMZN,2025-10-16,214.47,218.59,212.8101,42414591
AMZN,2025-10-17,213.04,214.8,211.03,45986944
AMZN,2025-10-20,216.48,216.69,213.59,38882819
AMZN,2025-10-21,222.03,223.32,217.99,50494017
AMZN,2025-10-22,217.95,220.005,216.52,44308538
AMZN,2025-10-23,221.09,221.3,218.18,31539699
AMZN,2025-10-24,224.21,225.4,221.9,38684853
AMZN,2025-10-27,226.97,228.4,225.54,38266995
AMZN,2025-10-28,229.25,231.485,226.21,47099924
AMZN,2025-10-29,230.3,232.82,227.76,52035936
AMZN,2025-10-30,222.86,228.44,222.75,102252888
AMZN,2025-10-31,244.22,250.5,243.98,166340683
AMZN,2025-11-03,254,258.6,252.9,95997816
AMZN,2025-11-04,249.32,257.01,248.66,51546311
AMZN,2025-11-05,250.2,251,246.16,40610702
AMZN,2025-11-06,243.04,250.38,242.17,46004203
AMZN,2025-11-07,244.41,244.9,238.49,46374294
AMZN,2025-11-10,248.4,251.75,245.59,36476514
AMZN,2025-11-11,249.1,249.7499,247.23,23564060
AMZN,2025-11-12,244.2,250.37,243.75,31190063
AMZN,2025-11-13,237.58,243.75,236.5,41401738
AMZN,2025-11-14,234.69,238.73,232.89,38956669
AMZN,2025-11-17,232.87,234.6,229.19,59919018
AMZN,2025-11-18,222.55,230.2,222.42,60608442
AMZN,2025-11-19,222.69,223.735,218.52,58335643
AMZN,2025-11-20,217.14,227.41,216.74,50308962
AMZN,2025-11-21,220.69,222.21,215.18,68490464
AMZN,2025-11-24,226.28,227.33,222.27,54318395
AMZN,2025-11-25,229.67,230.52,223.8,39379339
AMZN,2025-11-26,229.16,231.7474,228.77,38497922
AMZN,2025-11-28,233.22,233.285,230.22,20292329
AMZN,2025-12-01,233.88,235.797,232.25,42903954
AMZN,2025-12-02,234.42,238.97,233.55,45785363
AMZN,2025-12-03,232.38,233.38,230.61,35495058
AMZN,2025-12-04,229.11,233.5,226.8,45683224
AMZN,2025-12-05,229.53,231.24,228.547,33117377
AMZN,2025-12-08,226.89,230.83,226.27,35019174
AMZN,2025-12-09,227.92,228.57,225.11,25841743
AMZN,2025-12-10,231.78,232.42,228.46,38790736
AMZN,2025-12-11,230.28,232.11,228.6901,28249599
AMZN,2025-12-12,226.19,230.08,225.12,35639118
AMZN,2025-12-15,222.54,227.93,221.5,47286085
AMZN,2025-12-16,222.56,223.66,221.1304,39298857
AMZN,2025-12-17,221.27,225.19,220.99,44034418
AMZN,2025-12-18,226.76,229.225,224.41,50272419
AMZN,2025-12-19,227.35,229.125,225.58,85544374
AMZN,2025-12-22,228.43,229.48,226.71,32261329
AMZN,2025-12-23,232.14,232.445,228.73,29230233
AMZN,2025-12-24,232.38,232.95,231.33,11420543
AMZN,2025-12-26,232.52,232.99,231.18,15994726
AMZN,2025-12-29,232.07,232.6,230.77,19797909
AMZN,2025-12-30,232.53,232.77,230.2,21910453
AMZN,2025-12-31,230.82,232.99,230.12,24383749
AMZN,2026-01-02,226.5,235.458,224.7,51456229
AMZN,2026-01-05,233.06,234,227.18,49567065
AMZN,2026-01-06,240.93,243.18,232.07,53764677
AMZN,2026-01-07,241.56,245.29,239.52,42236531
AMZN,2026-01-08,246.29,246.41,241.88,39509844
AMZN,2026-01-09,247.38,247.86,242.24,34559961
AMZN,2026-01-12,246.47,248.94,245.96,35867770
AMZN,2026-01-13,242.6,247.66,240.25,38371778
AMZN,2026-01-14,236.65,241.28,236.22,41410578
AMZN,2026-01-15,238.18,240.65,236.63,43003571
AMZN,2026-01-16,239.12,239.57,236.41,45888283
AMZN,2026-01-20,231,235.09,229.34,47737854
AMZN,2026-01-21,231.31,232.3,226.88,47276090
AMZN,2026-01-22,234.34,235.72,230.9,31913325
AMZN,2026-01-23,239.16,240.45,234.57,33778478
AMZN,2026-01-26,238.42,240.95,237.54,32825530
AMZN,2026-01-27,244.68,244.88,238.08,38029216
AMZN,2026-01-28,243.01,247.775,241.53,40882657
AMZN,2026-01-29,241.73,243,236.742,47229643
AMZN,2026-01-30,239.3,243.315,237.64,46585024
AMZN,2026-02-02,242.96,245.6299,238.17,37546102
AMZN,2026-02-03,238.62,246.35,235.45,53831298
AMZN,2026-02-04,232.99,238.86,231.82,51299947
AMZN,2026-02-05,222.69,226.31,220.38,103509230
AMZN,2026-02-06,210.32,211.44,200.31,179210851
AMZN,2026-02-09,208.72,212.81,203.35,91178443
AMZN,2026-02-10,206.96,212.6499,206.411,67175031
AMZN,2026-02-11,204.08,208.57,202.49,65545455
AMZN,2026-02-12,199.6,203.96,197.56,83975393
AMZN,2026-02-13,198.79,201.16,197.275,66321593
AMZN,2026-02-17,201.15,201.7362,196,69879200
AMZN,2026-02-18,204.79,206.86,201.51,51003299
AMZN,2026-02-19,204.86,205.6396,202.81,35669611
AMZN,2026-02-20,210.11,211.17,203.75,65881611
AMZN,2026-02-23,205.27,208.43,203.11,53652532
AMZN,2026-02-24,208.56,210.36,203.25,41186129
AMZN,2026-02-25,210.64,211.59,208.93,41398343
AMZN,2026-02-26,207.92,211.05,205.345,47811339
AMZN,2026-02-27,210,210.33,205.2,57476893
AMZN,2026-03-02,208.39,209.73,203.46,46073743
AMZN,2026-03-03,208.73,209.178,202.48,43236185
AMZN,2026-03-04,216.82,217.54,210.15,54784022
AMZN,2026-03-05,218.94,220.47,215.59,60993929
AMZN,2026-03-06,213.21,217.32,212.53,51199006
AMZN,2026-03-09,213.49,213.82,207.11,54707340
AMZN,2026-03-10,214.33,215.65,212.43,35729161
AMZN,2026-03-11,212.65,217,211.35,34248955
AMZN,2026-03-12,209.53,211.71,208.15,44398110
AMZN,2026-03-13,207.67,210.56,206.22,35714427
AMZN,2026-03-16,211.74,212.724,207.445,42267711
AMZN,2026-03-17,215.2,215.7,212.43,45015504
AMZN,2026-03-18,209.87,215.1401,208.825,37896464
AMZN,2026-03-19,208.76,209.12,206.05,36489544
AMZN,2026-03-20,205.37,207.54,204.316,63747078
AMZN,2026-03-23,210.14,212.8,209.51,44333811
AMZN,2026-03-24,207.24,209.35,206.64,35397383
AMZN,2026-03-25,211.71,213.07,209.9,36432893
AMZN,2026-03-26,207.54,212.885,207.12,46791001
AMZN,2026-03-27,199.34,206.6,199.14,56078030
AMZN,2026-03-30,200.95,203.8,199.9802,46431558
AMZN,2026-03-31,208.27,210.28,204.14,58518521
AMZN,2026-04-01,210.57,213.58,208.19,46006027
AMZN,2026-04-02,209.77,212.2125,204.9,31499468
AMZN,2026-04-06,212.79,212.95,209.59,25448531
AMZN,2026-04-07,213.77,213.97,209.075,28202608
AMZN,2026-04-08,221.25,226.1,219.62,51149463
AMZN,2026-04-09,233.65,233.8,223.27,66020260
AMZN,2026-04-10,238.38,240.43,235.21,56972056
AMZN,2026-04-13,239.89,240,235.75,42228484
AMZN,2026-04-14,249.02,252.18,241.78,72748591
AMZN,2026-04-15,248.5,250.44,247.2,43104524
AMZN,2026-04-16,249.7,250,244.2,41951114
AMZN,2026-04-17,250.56,256.18,250.11,52084926
AMZN,2026-04-20,248.28,250.18,245.365,39517403
AMZN,2026-04-21,249.91,255.09,249.1,42973495
AMZN,2026-04-22,255.36,255.94,250.33,36113268
AMZN,2026-04-23,255.08,258.79,253.07,39142692
AMZN,2026-04-24,263.99,264.5,257.685,53837582
AMZN,2026-04-27,261.12,264.15,260.34,44966085
AMZN,2026-04-28,259.7,261.03,256.63,42256746
AMZN,2026-04-29,263.04,265.91,257.7,72445392
AMZN,2026-04-30,265.06,273.88,256.16,101051318
AMZN,2026-05-01,268.26,273.315,262.74,50890096
AMZN,2026-05-04,272.05,276.1,268.795,49147945
AMZN,2026-05-05,273.55,278.56,272.38,41970442
AMZN,2026-05-06,274.99,277.8,272.2076,44613286
AMZN,2026-05-07,271.17,276.63,270.49,35953249
AMZN,2026-05-08,272.68,274,269.95,34807203
AMZN,2026-05-11,268.99,273.63,268.48,38253826
AMZN,2026-05-12,265.82,267.65,262.63,36839781
AMZN,2026-05-13,270.13,270.72,263.2,39724924
AMZN,2026-05-14,267.22,270.7799,266.63,31396566
AMZN,2026-05-15,264.14,264.355,260.8901,40832513
AMZN,2026-05-18,264.86,268.85,262.53,33753556
AMZN,2026-05-19,259.34,262.25,255.19,40403023
AMZN,2026-05-20,265.01,265.58,259.533,34979978
AMZN,2026-05-21,268.46,269.4899,261.37,36641131
AMZN,2026-05-22,266.32,269.785,266.235,27590048
AMZN,2026-05-26,265.29,269.3,262.07,38106107
AMZN,2026-05-27,271.85,272.41,265.7001,40119618
AMZN,2026-05-28,274,274.5,267.44,40692277
AMZN,2026-05-29,270.64,274.75,269.64,54809117
AMZN,2026-06-01,261.26,266.63,260.7,53699916
AMZN,2026-06-02,256.52,261.2025,254.37,41879732
AMZN,2026-06-03,250.02,257.09,247.71,51477353
AMZN,2026-06-04,253.79,255.83,251.75,35665105
AMZN,2026-06-05,246.03,256.38,245.78,55673120
AMZN,2026-06-08,245.22,249.42,243.36,33980567
AMZN,2026-06-09,244.19,250.43,240.4,44454965
AMZN,2026-06-10,238,244.065,237.45,38659934
AMZN,2026-06-11,241.51,242.14,235.18,41392450
AMZN,2026-06-12,238.55,243.36,233.59,51323108
AMZN,2026-06-15,246.02,247.805,244.73,41784258
AMZN,2026-06-16,246,249.51,245.4511,35252864
AMZN,2026-06-17,237.5,245.91,236,44844687
AMZN,2026-06-18,244.39,245.73,236.02,75699277
AMZN,2026-06-22,232.79,242,232.24,68490361
AMZN,2026-06-23,234.11,236.87,232,60543121
AMZN,2026-06-24,234.27,242.4199,232.95,70340730
AMZN,2026-06-25,227.01,232.32,225.55,77925052
AMZN,2026-06-26,232.69,233.9,226.125,248427292
AMZN,2026-06-29,240.14,249.71,233.8,77688566
AMZN,2026-06-30,238.34,241.54,237.171,66399779
AMZN,2026-07-01,241.7,244.9,234.9,53885342
AMZN,2026-07-02,242.67,246.72,241.08,48356684
AMZN,2026-07-06,244.16,246.04,240.88,40115350
AMZN,2026-07-07,245.98,248.93,242.7,40627982
AMZN,2026-07-08,243.62,244.8,240.52,29701814
AMZN,2026-07-09,247.04,247.5,238.25,38138156
AMZN,2026-07-10,245.34,251.03,244.41,31708963
AMZN,2026-07-13,247.31,249.65,244.18,34698752
AMZN,2026-07-14,247.49,248.56,243.8,30152027
AMZN,2026-07-15,254.96,256.48,249.75,45290876
AMZN,2026-07-16,249.89,258.0825,248,45391455
AMZN,2026-07-17,247.23,250.24,243.59,43627924
AMZN,2026-07-20,249.99,252.89,248,32460196
AMZN,2026-07-21,247.55,249.34,246.42,27778595
AMZN,2026-07-22,244.85,248.45,242.45,34161700
AMZN,2026-07-23,233.66,238.3499,232.0516,47472463
AMZN,2026-07-24,232.11,234.95,231.34,35061815
AMZN,2026-07-27,231.39,235.89,230.99,35056156
AMZN,2026-07-28,230.86,233.11,228.1,44527481
AMZN,2026-07-29,226.65,232.82,226.16,44961354
AMZN,2026-07-30,235.5,239.8236,231.06,101832570
AMZN,2026-07-31,271.58,273.23,262.01,129119708
AMZN,2026-08-03,284.02,287.2,278,90881593
AMZN,2026-08-04,277.42,281.07,275.82,69691036
AMZN,2026-08-05,272.65,282.79,270.73,45136102
AMZN,2026-08-06,272.26,275.48,271.061,30714618
AMZN,2026-08-07,274.48,278.31,272.75,33889031
AMZN,2026-08-10,278.09,280.14,273.6001,35767422
AMZN,2026-08-11,272.27,278.84,271.36,31941898
AMZN,2026-08-12,267.28,273.46,267.1,29983469
AMZN,2026-08-13,265.13,269.58,264.705,32214765
AMZN,2026-08-14,262.65,265.81,262.42,27296463
AMZN,2026-08-17,261.31,265.75,258.339,43957273
AMZN,2026-08-18,259.45,262.18,257.73,33217468
AMZN,2026-08-19,265.84,266.4,258.58,35804712
AMZN,2026-08-20,260.11,263.84,259.52,28381828
AMZN,2026-08-21,258.63,261.09,257.035,35767936
AMZN,2026-08-24,262.07,263.32,259.05,28169250
AMZN,2026-08-25,261.06,263.89,259.83,25581140
AMZN,2026-08-26,260.28,262.05,258.24,21567875
AMZN,2026-08-27,256.26,259.66,255.02,35979744
AMZN,2026-08-28,266.43,267.56,257.78,49586074
AMZN,2026-08-31,259.77,264.36,257.12,46154044
AMZN,2026-09-01,254.92,255.82,251.93,31751181
AMZN,2026-09-02,254.98,256.24,253.4,24046686
AMZN,2026-09-03,258.9,259.5,256,26932663
AMZN,2026-09-04,258.51,261.12,255.29,30794677
AMZN,2026-09-08,256.97,257.99,254.75,29481479
AMZN,2026-09-09,252.4,254.69,250.65,33090412
AMZN,2026-09-10,251.89,253.15,249.58,25502752
AMZN,2026-09-11,256.78,257.59,253.14,26754563
AMZN,2026-09-14,253.54,255.95,250.74,34393124
AMZN,2026-09-15,248.42,253.27,247.22,36345337
AMZN,2026-09-16,245.96,249.26,244.3,33496784
AMZN,2026-09-17,251.19,252.73,249.24,30470017
AMZN,2026-09-18,253.71,255.43,251.88,52299235
AMZN,2026-09-21,258.45,259.49,253.6,43011999
AMZN,2026-09-22,254.98,259,253.78,42007935
AMZN,2026-09-23,249.27,253.99,247.76,44247350
AMZN,2026-09-24,249.38,250.43,245.6,33084121
AMZN,2026-09-25,249.67,250.8775,247.18,34282449
AMZN,2026-09-28,246.15,247.7699,244.725,32651912
AMZN,2026-09-29,246.67,248.8389,245.14,33777820
AMZN,2026-09-30,249.15,252.44,246.08,41961526
AMZN,2026-10-01,248.23,251.83,246.1167,33275126
AMZN,2026-10-02,251.52,253.5577,250.02,33492703
DIA,2024-10-01,408.96,410.56,406.82,5101268
DIA,2024-10-02,409.36,409.93,407.1,2599556
DIA,2024-10-03,407.48,408.59,405.84,2534363
DIA,2024-10-04,410.81,411.01,407.17,2522161
DIA,2024-10-07,407.13,410.35,405.82,2632595
DIA,2024-10-08,408.28,408.75,406.25,1872930
DIA,2024-10-09,412.4,413,407.53,3935112
DIA,2024-10-10,412.03,412.42,410.45,2178990
DIA,2024-10-11,415.97,416.3,412.36,3753545
DIA,2024-10-14,418.07,418.58,414.48,2180640
DIA,2024-10-15,414.82,417.33,414.32,3291230
DIA,2024-10-16,417.91,418.25,414.22,2583653
DIA,2024-10-17,419.58,420.01,418.37,3462757
DIA,2024-10-18,419.91,420.46,417.67,2303743
DIA,2024-10-21,416.74,420.3,416.15,2702554
DIA,2024-10-22,416.68,417.76,414.59,2306146
DIA,2024-10-23,412.65,415.18,410.48,4006476
DIA,2024-10-24,411.31,412.18,409.53,1936579
DIA,2024-10-25,408.75,413.47,408.1,2518806
DIA,2024-10-28,411.59,412.32,410.82,2912041
DIA,2024-10-29,410.07,412.47,409.35,2697731
DIA,2024-10-30,409.34,412.16,409.05,2921224
DIA,2024-10-31,405.38,407.58,404.75,4297147
DIA,2024-11-01,408.05,410.85,406.97,3856415
DIA,2024-11-04,405.75,407.94,404.19,3125409
DIA,2024-11-05,409.88,410.19,405.42,3093111
DIA,2024-11-06,424.37,424.91,420.95,7271813
DIA,2024-11-07,424.52,425.35,423.59,4267866
DIA,2024-11-08,427.16,428.71,424.53,5014343
DIA,2024-11-11,429.98,431.78,428.82,4065119
DIA,2024-11-12,426.46,431.15,426.13,3482998
DIA,2024-11-13,426.87,428.56,425.54,2631015
DIA,2024-11-14,424.82,427.97,424.24,2528346
DIA,2024-11-15,421.98,423.93,421.02,3486886
DIA,2024-11-18,421.67,422.78,420.7,2245512
DIA,2024-11-19,420.36,421.61,417.25,3202450
DIA,2024-11-20,421.77,422.37,418.5,3953556
DIA,2024-11-21,426.32,427.84,421.13,7557979
DIA,2024-11-22,430.38,430.78,426.66,5492783
DIA,2024-11-25,434.66,435.47,432.56,2976142
DIA,2024-11-26,435.94,436.38,431.84,4126540
DIA,2024-11-27,434.83,437.65,434.47,2985905
DIA,2024-11-29,437.11,438.27,435.32,3474056
DIA,2024-12-02,435.8,438,435.02,2661196
DIA,2024-12-03,434.98,436.64,433.74,1697433
DIA,2024-12-04,437.94,438.53,435.84,3694365
DIA,2024-12-05,435.74,438.46,435.43,1917595
DIA,2024-12-06,434.26,436.99,433.9,1974297
DIA,2024-12-09,432.25,435.36,431.98,1998597
DIA,2024-12-10,430.9,432.95,430.18,2460960
DIA,2024-12-11,429.75,431.92,429.63,2084329
DIA,2024-12-12,427.58,430.35,427.37,3585334
DIA,2024-12-13,426.7,428.8,426.27,2548412
DIA,2024-12-16,425.73,427.97,425.32,1987507
DIA,2024-12-17,423.01,424.23,421.91,3130266
DIA,2024-12-18,411.99,425.41,411.76,6135731
DIA,2024-12-19,412.29,416.6,412.21,4947992
DIA,2024-12-20,417.39,420.84,410.75,6069637
DIA,2024-12-23,417.73,418.26,413.92,2602672
DIA,2024-12-24,421.25,421.37,417.14,1431692
DIA,2024-12-26,421.94,422.38,419.71,1869575
DIA,2024-12-27,418.81,421.04,416.31,2429126
DIA,2024-12-30,414.69,416.53,411.52,3858271
DIA,2024-12-31,414.43,416.61,413,2442722
DIA,2025-01-02,412.77,417.8,410.62,4234923
DIA,2025-01-03,416.04,416.64,413.16,2203508
DIA,2025-01-06,416.01,419.9,414.99,3463299
DIA,2025-01-07,414.26,418.15,412.83,2053905
DIA,2025-01-08,415.04,415.46,412.25,2020174
DIA,2025-01-10,408.42,413.29,407.9,3415503
DIA,2025-01-13,411.95,412.23,407.62,2608118
DIA,2025-01-14,414.09,414.44,410.58,2643309
DIA,2025-01-15,420.99,422,419.3,4059801
DIA,2025-01-16,420.33,421.64,419.55,2532462
DIA,2025-01-17,423.57,425.19,422.84,2771044
DIA,2025-01-21,428.81,429.13,425.12,2113769
DIA,2025-01-22,429.96,430.66,429.05,3724065
DIA,2025-01-23,433.95,434.02,430.19,2352493
DIA,2025-01-24,432.73,434.05,431.97,2022306
DIA,2025-01-27,435.65,435.83,429.24,3822372
DIA,2025-01-28,436.91,438.2,434.73,2233472
DIA,2025-01-29,435.71,438.07,434.33,2225147
DIA,2025-01-30,437.31,438.56,434.9,2322567
DIA,2025-01-31,433.96,438.81,433.62,3087430
DIA,2025-02-03,432.87,434.46,427.44,4516327
DIA,2025-02-04,434.1,434.56,431.9,1814339
DIA,2025-02-05,437.16,437.33,432.03,2273413
DIA,2025-02-06,435.88,438.19,433.96,1867218
DIA,2025-02-07,431.75,436.98,431.44,2199412
DIA,2025-02-10,433.37,434.82,431.73,1856357
DIA,2025-02-11,434.66,435.08,431.86,1436190
DIA,2025-02-12,432.25,433.38,429.75,2444480
DIA,2025-02-13,435.79,436.36,432.32,2961542
DIA,2025-02-14,434.35,436.54,433.92,2005431
DIA,2025-02-18,434.48,434.56,432.25,2451246
DIA,2025-02-19,435.21,435.34,432.17,2229688
DIA,2025-02-20,431.04,434.13,428.68,2959978
DIA,2025-02-21,423.64,428.76,422.86,3842204
DIA,2025-02-24,424.01,426.33,422.86,3629338
DIA,2025-02-25,425.57,426.95,422.18,2953060
DIA,2025-02-26,423.83,427.91,422.52,2427844
DIA,2025-02-27,421.89,428.13,421.64,3296871
DIA,2025-02-28,427.76,428.2,420.59,3249923
DIA,2025-03-03,421.63,430.02,419.08,3925156
DIA,2025-03-04,415.27,420.66,413.59,3586896
DIA,2025-03-05,420.05,421.15,414.17,3018256
DIA,2025-03-06,415.59,419.71,413.78,2824083
DIA,2025-03-07,417.89,418.93,411.77,3719528
DIA,2025-03-10,409.34,415.74,406.54,3442821
DIA,2025-03-11,404.7,408.89,402.27,3893357
DIA,2025-03-12,403.93,407.46,400.62,2960538
DIA,2025-03-13,398.89,404.17,397.39,2557224
DIA,2025-03-14,405.31,405.84,399.99,2422739
DIA,2025-03-17,409.06,410.6,404.8,2140987
DIA,2025-03-18,406.45,408.54,404.84,1844136
DIA,2025-03-19,410.24,412.27,406.71,1813839
DIA,2025-03-20,409.95,412.9,407.53,1646459
DIA,2025-03-21,410.25,410.62,404.94,2486041
DIA,2025-03-24,415.98,416.71,413.34,2474881
DIA,2025-03-25,416.31,417.3,414.88,3997626
DIA,2025-03-26,414.75,418.58,413.69,2444349
DIA,2025-03-27,413.49,415.59,412.04,1645967
DIA,2025-03-28,406.34,412.94,405.92,2600579
DIA,2025-03-31,410.5,411.95,402.25,2985255
DIA,2025-04-01,410.22,411.87,405.73,2384809
DIA,2025-04-02,412.6,414.19,406.88,2299827
DIA,2025-04-03,396.17,402.41,395.95,7439864
DIA,2025-04-04,374.66,387.79,374.13,8666689
DIA,2025-04-07,371.09,383.45,358.14,12718199
DIA,2025-04-08,368.07,385.55,362.74,7282092
DIA,2025-04-09,397.01,398.68,363.73,9857040
DIA,2025-04-10,386.84,391.25,375.72,6624236
DIA,2025-04-11,392.93,395.06,383.92,3789884
DIA,2025-04-14,396.36,398.75,392.74,2286204
DIA,2025-04-15,394.69,398.91,394.52,2387293
DIA,2025-04-16,387.91,395.26,385.24,3004415
DIA,2025-04-17,382.81,385.8,381,4537456
DIA,2025-04-21,373.28,380.21,370.08,2881801
DIA,2025-04-22,383.31,384.08,376.78,3308116
DIA,2025-04-23,387.26,394.93,386.27,4049198
DIA,2025-04-24,392.22,392.9,385.19,4010459
DIA,2025-04-25,392.26,392.59,388.46,1790787
DIA,2025-04-28,393.48,395.34,390.01,1534705
DIA,2025-04-29,396.35,397.44,393.41,1888093
DIA,2025-04-30,397.46,398.87,388.72,2487378
DIA,2025-05-01,398.52,401.95,398.12,1917616
DIA,2025-05-02,404.01,404.83,401.36,2277654
DIA,2025-05-05,403.25,405.38,401.49,3866016
DIA,2025-05-06,399.32,402.74,398.6,1745633
DIA,2025-05-07,402.07,403.78,399.23,2421805
DIA,2025-05-08,404.84,408.62,402.58,2001047
DIA,2025-05-09,403.41,406.1,402.58,1789232
DIA,2025-05-12,414.96,415.03,411.89,2398556
DIA,2025-05-13,412.3,414.72,412.21,3018020
DIA,2025-05-14,411.36,413.42,410.44,3064821
DIA,2025-05-15,414.23,414.42,409.34,3927032
DIA,2025-05-16,417.55,417.77,413.58,2430329
DIA,2025-05-19,419,419.61,414.69,3121517
DIA,2025-05-20,417.96,419.16,416.06,1970965
DIA,2025-05-21,409.91,415.61,409.26,3624765
DIA,2025-05-22,409.98,412.26,408.56,2638591
DIA,2025-05-23,407.54,409.34,405.09,3117772
DIA,2025-05-27,414.9,414.91,410.34,3126608
DIA,2025-05-28,412.52,415.86,411.86,1790927
DIA,2025-05-29,413.54,414.09,409.74,2753800
DIA,2025-05-30,413.92,415.31,410.65,2957485
DIA,2025-06-02,414.77,414.9,410.23,2636116
DIA,2025-06-03,417.02,417.37,413.55,2332639
DIA,2025-06-04,415.97,418.14,415.89,2163286
DIA,2025-06-05,415.02,417.81,413.93,3045541
DIA,2025-06-06,419.34,421.01,417.55,3081395
DIA,2025-06-09,419.32,420.65,417.43,2680153
DIA,2025-06-10,420.54,421.02,418.84,2022579
DIA,2025-06-11,420.53,422.94,419.13,3024990
DIA,2025-06-12,421.4,421.46,417.96,2587726
DIA,2025-06-13,413.88,417.91,412.7,4826106
DIA,2025-06-16,417.28,419.16,415.91,3177117
DIA,2025-06-17,414.18,417.42,413.44,2450203
DIA,2025-06-18,413.91,417.21,413.32,2786662
DIA,2025-06-20,414.03,416.38,413.01,3810581
DIA,2025-06-23,417.92,418.15,411.93,4314993
DIA,2025-06-24,422.9,423.82,419.84,4958177
DIA,2025-06-25,421.98,423.01,420.66,3265488
DIA,2025-06-26,425.98,426.23,422.9,2444826
DIA,2025-06-27,429.97,431.5,427.13,3620975
DIA,2025-06-30,432.57,433.17,430.62,2827785
DIA,2025-07-01,436.74,437.8,431.94,4520301
DIA,2025-07-02,436.56,437.24,435.24,3141705
DIA,2025-07-03,439.88,440.63,437.4,2807025
DIA,2025-07-07,435.86,439.63,433.47,3657454
DIA,2025-07-08,434.27,436.24,433.95,3563168
DIA,2025-07-09,436.37,437.43,434.17,3251947
DIA,2025-07-10,438.32,439.6,435.57,2265474
DIA,2025-07-11,435.44,436.31,434.65,3345528
DIA,2025-07-14,436.43,436.61,434.37,2244693
DIA,2025-07-15,432.08,437.01,432.07,3810728
DIA,2025-07-16,434.25,434.5,429.62,4227306
DIA,2025-07-17,437.06,437.44,433.88,3790818
DIA,2025-07-18,435.31,437.79,434.19,3901550
DIA,2025-07-21,435.49,438.01,435.2,2548793
DIA,2025-07-22,436.98,437.46,434.9,3091574
DIA,2025-07-23,442.14,442.18,438.35,5486453
DIA,2025-07-24,439.09,441.08,438.74,5078312
DIA,2025-07-25,440.97,441.35,438.41,3710570
DIA,2025-07-28,440.3,441.42,439.35,2864164
DIA,2025-07-29,438.48,440.8,437.66,3146231
DIA,2025-07-30,436.79,439.36,434.68,3764244
DIA,2025-07-31,433.42,438.2,432.6,4223300
DIA,2025-08-01,427.91,429.91,425.63,5980267
DIA,2025-08-04,433.89,433.98,429.75,5065759
DIA,2025-08-05,433.23,435.06,431.34,4081646
DIA,2025-08-06,434.05,435.01,432.24,2975320
DIA,2025-08-07,431.84,437.03,430.13,5205117
DIA,2025-08-08,434,434.94,432.42,3684535
DIA,2025-08-11,432.12,434.93,431.36,3538085
DIA,2025-08-12,436.71,437.17,433.23,5022444
DIA,2025-08-13,441.36,441.59,438.05,6203249
DIA,2025-08-14,441.11,441.58,438.97,4553233
DIA,2025-08-15,441.73,444.21,441.18,5584422
DIA,2025-08-18,441.26,442.16,440.85,3809103
DIA,2025-08-19,441.5,444.31,440.44,5794907
DIA,2025-08-20,441.57,442.71,439.9,4731362
DIA,2025-08-21,440.18,441.28,438.15,3780697
DIA,2025-08-22,448.72,449.93,442.48,8534747
DIA,2025-08-25,445.21,448.28,445.17,3898185
DIA,2025-08-26,446.61,446.86,444.69,3190529
DIA,2025-08-27,448.12,448.72,446.33,2943854
DIA,2025-08-28,448.87,449.27,446.9,3576486
DIA,2025-08-29,448.18,448.92,446.4,3604320
DIA,2025-09-02,445.74,445.83,442.35,6009245
DIA,2025-09-03,445.4,445.87,442.71,3948168
DIA,2025-09-04,449.12,449.33,444.71,4524180
DIA,2025-09-05,447.1,450.71,445.12,5826788
DIA,2025-09-08,448.29,448.37,445.76,4359346
DIA,2025-09-09,450.07,450.6,447.32,5979376
DIA,2025-09-10,448.02,449.96,446.82,5412176
DIA,2025-09-11,453.91,454.3,448.68,6351319
DIA,2025-09-12,451.35,453.68,451.11,3784556
DIA,2025-09-15,452.09,452.91,450.87,4862187
DIA,2025-09-16,450.82,452.8,449.84,4526064
DIA,2025-09-17,453.26,455.8,450.02,5998016
DIA,2025-09-18,454.6,456.31,452.67,6681016
DIA,2025-09-19,456.21,457.04,454.17,5871474
DIA,2025-09-22,456.93,457.54,453.47,4074879
DIA,2025-09-23,456.14,460.21,455.31,5904580
DIA,2025-09-24,454.32,457.67,454.1,4588788
DIA,2025-09-25,452.75,454.38,451.05,4767189
DIA,2025-09-26,455.56,456.67,453.62,4167209
DIA,2025-09-29,456.31,457.03,454.6,3752701
DIA,2025-09-30,457,457.34,454.14,4253321
DIA,2025-10-01,457.51,458.38,455.82,4551576
DIA,2025-10-02,458.35,459,455.89,5458620
DIA,2025-10-03,460.71,463.54,458.91,9693908
DIA,2025-10-06,460.05,461.66,457.48,7405391
DIA,2025-10-07,459.19,461.8,457.64,7368743
DIA,2025-10-08,459.29,461.32,458.17,4621175
DIA,2025-10-09,456.76,459.99,455.88,5410969
DIA,2025-10-10,448.26,459.72,448.11,9309145
DIA,2025-10-13,453.98,454.85,451.4,6272494
DIA,2025-10-14,455.98,458.46,447.95,7827371
DIA,2025-10-15,455.98,460.15,453.56,6187089
DIA,2025-10-16,452.88,457.52,451.18,8149547
DIA,2025-10-17,455.22,456.53,452.4,8439860
DIA,2025-10-20,460.38,460.89,456.85,4556554
DIA,2025-10-21,462.55,464.55,460.28,5951458
DIA,2025-10-22,459.16,462.57,457.88,7604676
DIA,2025-10-23,460.65,461.32,458.26,5144161
DIA,2025-10-24,465.5,466.52,462.61,7228908
DIA,2025-10-27,468.6,468.86,466.98,4720172
DIA,2025-10-28,470.37,472.59,470.04,9435484
DIA,2025-10-29,469.6,473.56,467.75,9955484
DIA,2025-10-30,468.26,473.33,467.18,9338304
DIA,2025-10-31,468.91,470.38,466.69,7990939
DIA,2025-11-03,466.74,469.53,464.6,4858730
DIA,2025-11-04,464.21,465.99,462.14,6013318
DIA,2025-11-05,466.39,467.82,463.72,7030187
DIA,2025-11-06,462.61,466.71,461.2,7125163
DIA,2025-11-07,463.18,463.27,458.26,8604366
DIA,2025-11-10,467.09,467.46,462.78,5636638
DIA,2025-11-11,472.6,473.04,467.27,4839092
DIA,2025-11-12,475.9,477.51,473.66,7066941
DIA,2025-11-13,467.99,475.56,467.48,8722328
DIA,2025-11-14,465.1,467.31,462.21,10940168
DIA,2025-11-17,459.69,465.65,457.94,7599491
DIA,2025-11-18,454.75,457.51,453,12817477
DIA,2025-11-19,455.2,456.82,452.89,5833430
DIA,2025-11-20,451.59,462.37,451.21,13414192
DIA,2025-11-21,456.57,459.78,451.91,11821394
DIA,2025-11-24,458.42,459.82,455.03,6206809
DIA,2025-11-25,465.07,465.78,457.44,7203612
DIA,2025-11-26,468.2,469.62,465.81,5689125
DIA,2025-11-28,470.99,471.42,468.66,2281763
DIA,2025-12-01,467.18,470.77,466.82,4413941
DIA,2025-12-02,469.1,470.28,466.98,5233486
DIA,2025-12-03,473.19,473.95,468.51,5994233
DIA,2025-12-04,472.86,474.99,471.31,4003759
DIA,2025-12-05,473.81,475.68,473.07,4596622
DIA,2025-12-08,471.95,474.29,470.66,4427636
DIA,2025-12-09,470.24,474.05,469.92,4266901
DIA,2025-12-10,475.11,476.49,469.2,5476245
DIA,2025-12-11,481.54,482.05,475.71,6972311
DIA,2025-12-12,479.11,483.31,477.89,7089900
DIA,2025-12-15,478.88,481.41,477.44,4891296
DIA,2025-12-16,475.73,479.18,474.1,5373224
DIA,2025-12-17,473.58,478.5,473.27,6381605
DIA,2025-12-18,474.28,478.35,473.19,6422815
DIA,2025-12-19,475.95,477.58,475.23,6439062
DIA,2025-12-22,478.23,479.19,476.65,4162011
DIA,2025-12-23,478.99,479.87,476.96,3678095
DIA,2025-12-24,481.74,482.3,478.36,1543970
DIA,2025-12-26,481.76,482.35,480.48,2711695
DIA,2025-12-29,479.35,481.64,478.52,3390127
DIA,2025-12-30,478.36,479.42,477.59,3042677
DIA,2025-12-31,475.37,478.58,475.16,3441935
DIA,2026-01-02,478.4,478.72,473.21,7021060
DIA,2026-01-05,484.47,486.72,479.01,7561213
DIA,2026-01-06,489.26,489.76,483.67,6061391
DIA,2026-01-07,484.66,490.88,484.21,5603675
DIA,2026-01-08,487.2,488.18,482.53,6544768
DIA,2026-01-09,489.67,490.33,486.59,6004585
DIA,2026-01-12,490.54,490.97,484.75,5722424
DIA,2026-01-13,486.62,490.6,485.32,5966351
DIA,2026-01-14,486.26,486.62,483.27,6767817
DIA,2026-01-15,489.13,490.47,486.89,8519856
DIA,2026-01-16,488.26,490.81,487.12,5845489
DIA,2026-01-20,479.81,483.94,479.18,7416275
DIA,2026-01-21,485.67,487.75,480.48,6718595
DIA,2026-01-22,488.53,490.82,487.31,5087188
DIA,2026-01-23,485.8,486.98,484.44,4915704
DIA,2026-01-26,488.89,489.67,486.33,3722814
DIA,2026-01-27,484.93,486.45,483.45,5971409
DIA,2026-01-28,485,486.25,483.82,4726498
DIA,2026-01-29,485.08,487.8,480.81,9706467
DIA,2026-01-30,483.91,485.35,479.49,8112096
DIA,2026-02-02,488.86,489.63,481.89,5584454
DIA,2026-02-03,487.16,491.32,483.17,8799129
DIA,2026-02-04,489.58,491.31,485.97,8797109
DIA,2026-02-05,483.8,488.28,483.12,7767470
DIA,2026-02-06,495.79,496.42,486.98,10635294
DIA,2026-02-09,495.98,496.91,493.09,6414839
DIA,2026-02-10,496.65,500.01,496.02,8163068
DIA,2026-02-11,496.09,499.84,493.91,5743835
DIA,2026-02-12,489.5,499.26,489.15,9160254
DIA,2026-02-13,490.1,492.57,486.06,8378127
DIA,2026-02-17,490.66,492.37,486.96,6779371
DIA,2026-02-18,491.8,494.12,489.48,4454285
DIA,2026-02-19,489.21,491.3,487.26,4625358
DIA,2026-02-20,491.5,492.41,486.85,6086802
DIA,2026-02-23,483.51,492.4,482.65,8274972
DIA,2026-02-24,487.25,488.3,482.95,5338050
DIA,2026-02-25,490.25,490.56,487.36,4449535
DIA,2026-02-26,490.29,493.61,487.69,6470382
DIA,2026-02-27,485.14,486.42,482.27,7202917
DIA,2026-03-02,484.66,486.45,479.68,7223151
DIA,2026-03-03,481.04,482.89,472.33,11575157
DIA,2026-03-04,483.24,484.52,479.48,7593782
DIA,2026-03-05,475.41,481.01,471.75,8773312
DIA,2026-03-06,470.84,471.83,466.12,8207748
DIA,2026-03-09,473.47,474.95,462.37,10310316
DIA,2026-03-10,473.29,478.41,470.63,6268884
DIA,2026-03-11,470.43,473.36,468.1,6705355
DIA,2026-03-12,463.16,467.13,463.1,8004358
DIA,2026-03-13,462.1,467.74,461.48,7475206
DIA,2026-03-16,465.96,468.34,464.65,7063780
DIA,2026-03-17,466.55,470.74,466.28,6192286
DIA,2026-03-18,458.73,465.41,458.49,7094996
DIA,2026-03-19,456.8,459.09,453.93,7886620
DIA,2026-03-20,452.66,457.3,450.33,10547724
DIA,2026-03-23,458.69,463.73,457.65,9981747
DIA,2026-03-24,457.9,460.65,454.2,8190935
DIA,2026-03-25,460.85,463.93,458.53,7022536
DIA,2026-03-26,456.05,462.13,455.69,8287489
DIA,2026-03-27,448.19,454.26,447.3,6943747
DIA,2026-03-30,448.85,452.89,447.25,9185392
DIA,2026-03-31,459.91,460.53,451.45,11659425
DIA,2026-04-01,462.18,464.58,461.21,7793870
DIA,2026-04-02,461.76,464.2,455.63,3959107
DIA,2026-04-06,463.46,463.71,460.17,2909304
DIA,2026-04-07,462.58,463,458.83,3946191
DIA,2026-04-08,475.76,476.79,472.19,4701002
DIA,2026-04-09,478.48,479.84,473.63,4216482
DIA,2026-04-10,475.85,478.98,475.24,2662103
DIA,2026-04-13,478.71,478.86,471.78,3772487
DIA,2026-04-14,482.05,482.52,478.44,4221069
DIA,2026-04-15,481.28,483.63,479.44,3478632
DIA,2026-04-16,482.19,483.33,479.92,4114715
DIA,2026-04-17,490.92,493.73,487.09,10242716
DIA,2026-04-20,491.03,491.48,489.03,3766703
DIA,2026-04-21,488.08,495.06,487.05,4325431
DIA,2026-04-22,491.46,492.83,489.94,4025113
DIA,2026-04-23,489.71,491.83,485.25,4080146
DIA,2026-04-24,488.93,490.2,487.5,3375530
DIA,2026-04-27,488.55,490.26,487.02,2134503
DIA,2026-04-28,488.14,490.53,487.5,3059796
DIA,2026-04-29,485.41,488.21,483.75,3325689
DIA,2026-04-30,493.34,494.26,487.12,5355436
DIA,2026-05-01,491.72,496.6,491.61,4406215
DIA,2026-05-04,486.3,491.03,485.74,3305959
DIA,2026-05-05,489.67,490.29,486.76,3389190
DIA,2026-05-06,495.72,496.74,493.59,4320503
DIA,2026-05-07,492.6,497.86,491.47,4493759
DIA,2026-05-08,492.82,495.23,491.63,3498682
DIA,2026-05-11,493.79,494.52,491.46,4252839
DIA,2026-05-12,494.57,495.09,489.9,7449069
DIA,2026-05-13,493.82,494.29,491.34,3260067
DIA,2026-05-14,497.46,498.81,495.52,4923444
DIA,2026-05-15,492.34,494.69,492.05,5304428
DIA,2026-05-18,493.97,494.59,490.58,5500631
DIA,2026-05-19,490.96,493.3,489.56,5364511
DIA,2026-05-20,497.18,497.86,489.47,6519045
DIA,2026-05-21,500.03,500.96,494.17,6578580
DIA,2026-05-22,503.02,505.63,502.59,5179356
DIA,2026-05-26,502.16,505.13,500.88,3902191
DIA,2026-05-27,503.78,505.59,502.71,4250979
DIA,2026-05-28,503.95,505.1,500.56,3719113
DIA,2026-05-29,507.65,508.17,504.09,5350085
DIA,2026-06-01,508.31,508.72,505.22,4428921
DIA,2026-06-02,510.9,511.34,505.81,5081196
DIA,2026-06-03,505.15,509.71,504.88,4101272
DIA,2026-06-04,513.54,514.41,509.54,6394164
DIA,2026-06-05,506.58,514.58,505.64,6614798
DIA,2026-06-08,505.79,510.61,505.21,4829235
DIA,2026-06-09,506.29,510.4,500,6231327
DIA,2026-06-10,497.19,505.63,497.04,5156849
DIA,2026-06-11,506.24,507.63,498.5,6356512
DIA,2026-06-12,509.92,512.15,506.36,8387883
DIA,2026-06-15,515.27,517.65,514.69,5403609
DIA,2026-06-16,518.25,520.1,516.88,4816070
DIA,2026-06-17,513.14,520.96,512.15,6566858
DIA,2026-06-18,513.76,517.75,513.67,7137151
DIA,2026-06-22,515.32,517.14,514.23,6556566
DIA,2026-06-23,514.86,516.95,511.22,5042380
DIA,2026-06-24,516.75,520.65,514.25,4398988
DIA,2026-06-25,517.49,524.77,516.78,5383057
DIA,2026-06-26,515.98,519.5,514.34,3826829
DIA,2026-06-29,519.9,521.19,517.63,5736982
DIA,2026-06-30,520.61,521.36,517.82,3611072
DIA,2026-07-01,520.62,524.92,517.85,3441813
DIA,2026-07-02,526.08,526.46,521.94,3540017
DIA,2026-07-06,528.28,528.28,524.06,3241699
DIA,2026-07-07,526.65,530.72,525.31,4492520
DIA,2026-07-08,520.99,522.67,518.26,3578528
DIA,2026-07-09,522.4,523.36,520.35,3059260
DIA,2026-07-10,523.99,524.68,519.96,3472333
DIA,2026-07-13,522.68,526.06,521.12,2727578
DIA,2026-07-14,522.9,524.92,520.78,3667060
DIA,2026-07-15,524.16,525.93,521.91,3249795
DIA,2026-07-16,523.04,526.13,521.29,3176541
DIA,2026-07-17,519.18,523.72,517.28,4744566
DIA,2026-07-20,516.32,521.76,515.54,2340324
DIA,2026-07-21,519.88,521.37,516.5,3243353
DIA,2026-07-22,519.84,522.73,519.38,3206629
DIA,2026-07-23,514.65,516.55,513.11,4307529
DIA,2026-07-24,517.14,518.93,514.66,3329260
DIA,2026-07-27,519.63,523.7,517.67,3358200
DIA,2026-07-28,525.24,526.82,522.03,5156645
DIA,2026-07-29,513.8,521.53,513.21,7368831
DIA,2026-07-30,519.88,520.35,514.26,3227593
DIA,2026-07-31,522.68,523.97,517.63,3984154
DIA,2026-08-03,529.56,529.99,527.04,4332376
DIA,2026-08-04,538.74,540.39,534.32,6709121
DIA,2026-08-05,541.11,545.04,540.95,5260505
DIA,2026-08-06,536.51,542.87,536.01,3655439
DIA,2026-08-07,537.93,538.53,535.75,2233344
DIA,2026-08-10,537.3,538.33,536.2,3411347
DIA,2026-08-11,535.6,540.02,535.23,2828908
DIA,2026-08-12,535.47,537.5,535.18,3168500
DIA,2026-08-13,536.23,538.28,534.01,2035715
DIA,2026-08-14,535.12,536.6,534.52,2091554
DIA,2026-08-17,532.52,534.3,531.82,2673239
DIA,2026-08-18,531.24,532.59,530.36,3828929
DIA,2026-08-19,532.6,535,531.91,3063658
DIA,2026-08-20,525.86,530.12,525.55,2869717
DIA,2026-08-21,531,531.68,528.21,3039645
DIA,2026-08-24,532.42,533.25,530.61,4596973
DIA,2026-08-25,534.01,535.29,531.96,2447103
DIA,2026-08-26,533,534.72,532.08,1764047
DIA,2026-08-27,533.99,535.4,531.69,2509094
DIA,2026-08-28,533.83,536.49,533.17,2658257
DIA,2026-08-31,530.35,532.33,529.56,1749774
DIA,2026-09-01,526.54,530.43,525.63,3192690
DIA,2026-09-02,529.4,530.95,528.02,3114946
DIA,2026-09-03,535.69,536.38,531.71,4808272
DIA,2026-09-04,532.85,535.14,531.7,2328235
DIA,2026-09-08,526.82,529.17,526.14,3652174
DIA,2026-09-09,522.86,524.53,522.05,3778586
DIA,2026-09-10,519.55,521.82,518.6,4749162
DIA,2026-09-11,524.58,526.15,523.08,3439000
DIA,2026-09-14,523.28,525.57,521.89,2701610
DIA,2026-09-15,520.03,522.44,518.02,3230598
DIA,2026-09-16,514.03,521.1,511.11,5681951
DIA,2026-09-17,517.16,519.47,515.36,4208791
DIA,2026-09-18,515.88,517.08,514.15,2692871
DIA,2026-09-21,519.78,520.52,516.76,3091149
DIA,2026-09-22,518,522.55,516.51,3379726
DIA,2026-09-23,514.3,517.66,513.95,4171018
DIA,2026-09-24,512.68,514.14,510.42,2771967
DIA,2026-09-25,517.49,517.92,512.59,2790560
DIA,2026-09-28,514.02,517.04,513.2999,2440807
DIA,2026-09-29,512.88,514.26,510.46,2577987
DIA,2026-09-30,508.55,514.16,508.34,2698584
DIA,2026-10-01,508.62,510.95,504.7,4417117
DIA,2026-10-02,511.1,513.0601,508.69,3980088
GOOGL,2024-10-01,165.83,167.98,163.43,28338123
GOOGL,2024-10-02,164.7,166.35,163.58,17760179
GOOGL,2024-10-03,164.7,165.48,162.78,15073101
GOOGL,2024-10-04,165.9,167.06,164.33,19093724
GOOGL,2024-10-07,161.84,167.31,161.62,22463140
GOOGL,2024-10-08,163.23,163.58,161.73,23072733
GOOGL,2024-10-09,160.73,163.69,158.63,31181774
GOOGL,2024-10-10,160.95,161.93,159.28,14144068
GOOGL,2024-10-11,162.1,162.76,160.11,15344251
GOOGL,2024-10-14,163.81,165.07,162.26,19016141
GOOGL,2024-10-15,164.31,166.51,163.48,20247195
GOOGL,2024-10-16,164.01,164.64,162.6,16406030
GOOGL,2024-10-17,161.79,165.21,161.63,21453395
GOOGL,2024-10-18,162.28,163.56,161.94,19757661
GOOGL,2024-10-21,162.93,163.35,161.49,20946455
GOOGL,2024-10-22,163.99,164.61,161.84,16568121
GOOGL,2024-10-23,161.64,164.66,160.8,18280518
GOOGL,2024-10-24,161.59,162.19,159.89,22412527
GOOGL,2024-10-25,164.12,164.44,162.28,19828884
GOOGL,2024-10-28,165.56,167.57,162.81,32138641
GOOGL,2024-10-29,168.5,169.19,165.92,42169025
GOOGL,2024-10-30,173.24,180.75,172.85,68890787
GOOGL,2024-10-31,169.92,175.59,169.81,44768981
GOOGL,2024-11-01,170.1,171.12,167.7,31796477
GOOGL,2024-11-04,168.06,169.54,166.84,21492744
GOOGL,2024-11-05,168.56,169.34,167.66,18242050
GOOGL,2024-11-06,175.28,175.71,172.29,33695538
GOOGL,2024-11-07,179.49,179.82,175.95,25352939
GOOGL,2024-11-08,177.11,179.64,176.84,22006182
GOOGL,2024-11-11,179.09,179.29,177.23,17450354
GOOGL,2024-11-12,180.35,181.22,178.14,25134905
GOOGL,2024-11-13,177.63,179.7,177.3,23184003
GOOGL,2024-11-14,174.36,177.57,173.11,31007457
GOOGL,2024-11-15,171.29,172.93,170.03,32504649
GOOGL,2024-11-18,174.08,174.21,171.69,20241897
GOOGL,2024-11-19,176.88,177.62,172.35,23750925
GOOGL,2024-11-20,174.75,176.44,172.57,18988159
GOOGL,2024-11-21,166.46,172.92,162.56,59734379
GOOGL,2024-11-22,163.61,165.3,162.76,38604587
GOOGL,2024-11-25,166.48,167.45,164.45,33135263
GOOGL,2024-11-26,167.94,168.64,166.41,20486720
GOOGL,2024-11-27,168.05,168.3,166.85,19266511
GOOGL,2024-11-29,167.77,168.25,165.99,14257244
GOOGL,2024-12-02,170.29,170.88,167.39,23789084
GOOGL,2024-12-03,170.15,171.48,169.66,22248705
GOOGL,2024-12-04,173.15,173.69,169.87,31615137
GOOGL,2024-12-05,171.44,174.83,171.13,21356243
GOOGL,2024-12-06,173.49,173.86,170.66,21462393
GOOGL,2024-12-09,174.35,175.23,172.64,25389631
GOOGL,2024-12-10,184.09,185.27,179.99,54813022
GOOGL,2024-12-11,194.26,194.47,183.77,67894071
GOOGL,2024-12-12,190.84,194.04,190.59,34817486
GOOGL,2024-12-13,188.71,191.61,188.53,25143495
GOOGL,2024-12-16,195.51,197.84,191.5,44934901
GOOGL,2024-12-17,194.28,200.24,193.84,43504025
GOOGL,2024-12-18,187.3,195.85,186.64,34166074
GOOGL,2024-12-19,187.41,191.9,187.28,32265241
GOOGL,2024-12-20,190.29,191.76,184.14,63462934
GOOGL,2024-12-23,193.49,193.96,189.04,25675014
GOOGL,2024-12-24,194.97,194.97,192.65,10403259
GOOGL,2024-12-26,194.46,195.6,193.24,12057210
GOOGL,2024-12-27,191.64,194.18,189.54,18891362
GOOGL,2024-12-30,190.12,191.43,188.02,14264659
GOOGL,2024-12-31,188.2,190.84,187.41,17466919
GOOGL,2025-01-02,188.32,190.88,186.41,20370828
GOOGL,2025-01-03,190.67,192.08,188.87,18596159
GOOGL,2025-01-06,195.72,197.07,192.72,29563638
GOOGL,2025-01-07,194.35,199.83,193.46,26487244
GOOGL,2025-01-08,192.82,195.14,191.26,24864766
GOOGL,2025-01-10,190.92,195.37,189.2,26665206
GOOGL,2025-01-13,189.9,190.06,186.27,21823699
GOOGL,2025-01-14,188.55,190.86,187.21,17174854
GOOGL,2025-01-15,194.41,195.21,190.74,21775969
GOOGL,2025-01-16,191.78,194.34,191.68,17815432
GOOGL,2025-01-17,194.86,196.08,192.62,27735089
GOOGL,2025-01-21,196.89,201.11,196.72,29971292
GOOGL,2025-01-22,197.21,199.31,196.38,26200617
GOOGL,2025-01-23,196.82,199.13,194.06,26951357
GOOGL,2025-01-24,199.04,199.73,196.84,23877521
GOOGL,2025-01-27,190.69,195.73,189.62,41728893
GOOGL,2025-01-28,194.16,194.34,189.57,24157929
GOOGL,2025-01-29,194.27,195.64,192.3,18218256
GOOGL,2025-01-30,199.7,200.22,196.52,24354684
GOOGL,2025-01-31,202.83,204.28,200.62,32041952
GOOGL,2025-02-03,200.06,202.56,198.93,27815470
GOOGL,2025-02-04,205.18,205.84,201.63,43757263
GOOGL,2025-02-05,190.21,191.63,186.93,70461770
GOOGL,2025-02-06,190.48,190.98,187.62,29297442
GOOGL,2025-02-07,184.26,190.06,182.17,49156418
GOOGL,2025-02-10,185.38,187.1,184.78,23085939
GOOGL,2025-02-11,184.24,185.85,183.2,21239519
GOOGL,2025-02-12,182.54,184.03,180.77,22072559
GOOGL,2025-02-13,185.05,185.19,182.07,21402523
GOOGL,2025-02-14,184.15,185.31,183.24,20448437
GOOGL,2025-02-18,182.7,184.87,180.68,29916675
GOOGL,2025-02-19,184.19,184.38,182.52,19529444
GOOGL,2025-02-20,183.48,184.23,181.65,20441462
GOOGL,2025-02-21,178.61,184.26,178.04,35199239
GOOGL,2025-02-24,178.2,182.05,177.84,29854206
GOOGL,2025-02-25,174.4,177.7,173.67,41913411
GOOGL,2025-02-26,171.72,175.05,170.58,35431268
GOOGL,2025-02-27,167.52,173.54,166.96,39991015
GOOGL,2025-02-28,169.29,169.61,165.8,48130565
GOOGL,2025-03-03,166.04,172.36,164.96,40770451
GOOGL,2025-03-04,169.92,172.28,164.83,45387996
GOOGL,2025-03-05,172.01,172.77,168.07,30954922
GOOGL,2025-03-06,171.34,173.79,169.51,28301953
GOOGL,2025-03-07,172.85,173.95,169.28,27385813
GOOGL,2025-03-10,165.09,167.67,162.92,43604027
GOOGL,2025-03-11,163.27,165.97,160.61,39587414
GOOGL,2025-03-12,166.33,166.85,162.76,28372396
GOOGL,2025-03-13,162,165.35,161.35,31756214
GOOGL,2025-03-14,164.71,165.71,161.69,31995894
GOOGL,2025-03-17,163.52,165.52,162.9,31184335
GOOGL,2025-03-18,159.92,163.48,155.98,42074751
GOOGL,2025-03-19,163.12,165.09,160.24,34275582
GOOGL,2025-03-20,162.04,164.12,160.21,28138464
GOOGL,2025-03-21,163.22,163.47,160.14,36625764
GOOGL,2025-03-24,166.89,167.53,164.37,30879129
GOOGL,2025-03-25,169.76,169.83,167.53,24174373
GOOGL,2025-03-26,164.29,168.81,164.07,28939326
GOOGL,2025-03-27,161.48,164.64,161.24,24508273
GOOGL,2025-03-28,153.61,161.06,152.91,48669335
GOOGL,2025-03-31,153.91,154.81,149.96,54603335
GOOGL,2025-04-01,156.33,157.36,152.9,30672899
GOOGL,2025-04-02,156.3,157.66,153.97,25041730
GOOGL,2025-04-03,150.01,152.06,149.68,46883360
GOOGL,2025-04-04,144.92,150.36,144.7,62258205
GOOGL,2025-04-07,146.06,152.13,139.87,76794136
GOOGL,2025-04-08,144.02,151.53,142.36,52192771
GOOGL,2025-04-09,157.97,158.8,143.23,70388272
GOOGL,2025-04-10,152.1,156.98,149.23,48021972
GOOGL,2025-04-11,156.4,156.93,152.1,33636239
GOOGL,2025-04-14,158.32,160.96,156.82,30332957
GOOGL,2025-04-15,155.58,158.9,154.48,27551534
GOOGL,2025-04-16,152.61,155.16,150.8,28187421
GOOGL,2025-04-17,150.45,153.95,147.8,33046436
GOOGL,2025-04-21,146.98,148.25,145.41,26049115
GOOGL,2025-04-22,150.76,151.48,147.84,26971750
GOOGL,2025-04-23,154.62,156.79,153.09,31128833
GOOGL,2025-04-24,158.53,158.84,155.06,45893951
GOOGL,2025-04-25,161.2,165.32,160.28,56033995
GOOGL,2025-04-28,159.86,162.38,157.86,29745782
GOOGL,2025-04-29,159.41,159.99,156.78,26808958
GOOGL,2025-04-30,158.06,158.52,154.67,34981059
GOOGL,2025-05-01,160.54,161.19,158.16,30203248
GOOGL,2025-05-02,163.26,164.2,161.11,25715005
GOOGL,2025-05-05,163.44,164.61,161.96,21341814
GOOGL,2025-05-06,162.46,164.03,160.43,21277210
GOOGL,2025-05-07,150.67,164.23,147.15,127747554
GOOGL,2025-05-08,153.56,155.2,152.18,57498692
GOOGL,2025-05-09,152.03,154.32,151.49,32435281
GOOGL,2025-05-12,157.72,158.35,155.52,44138818
GOOGL,2025-05-13,158.78,159.82,155.43,42382126
GOOGL,2025-05-14,164.59,166.22,158.86,48755869
GOOGL,2025-05-15,163.19,165.43,161.61,33146669
GOOGL,2025-05-16,165.41,168.56,164.84,42846925
GOOGL,2025-05-19,165.76,165.86,163.45,30426097
GOOGL,2025-05-20,163.21,167.71,162.14,46607656
GOOGL,2025-05-21,167.77,172.33,162.79,73415956
GOOGL,2025-05-22,170.07,175.94,169.91,74864418
GOOGL,2025-05-23,167.68,169.16,167.1,35211439
GOOGL,2025-05-27,172.09,172.36,169.2,37995670
GOOGL,2025-05-28,171.55,174.44,171.1,34783997
GOOGL,2025-05-29,171.05,173.6,169.83,29373803
GOOGL,2025-05-30,170.93,171.4,166.65,52639911
GOOGL,2025-06-02,168.24,169.07,166.6,38612272
GOOGL,2025-06-03,165.4,167.68,164.5,45084903
GOOGL,2025-06-04,167.26,167.43,165.58,26900838
GOOGL,2025-06-05,167.42,170.13,166.8,36444564
GOOGL,2025-06-06,172.87,173.68,170.03,35731832
GOOGL,2025-06-09,175.48,175.85,173.76,28935906
GOOGL,2025-06-10,177.98,180.47,174.3,61766121
GOOGL,2025-06-11,176.73,179.74,176.13,31646757
GOOGL,2025-06-12,175.09,176.1,174.14,20941873
GOOGL,2025-06-13,174.06,176.51,171.78,27663107
GOOGL,2025-06-16,176.15,176.32,174.04,27389208
GOOGL,2025-06-17,175.34,176.75,173.97,24973043
GOOGL,2025-06-18,172.72,175.94,172.6,28707524
GOOGL,2025-06-20,166.06,173.73,164.88,75659917
GOOGL,2025-06-23,164.61,166.76,161.44,57670985
GOOGL,2025-06-24,166.19,167.63,165.55,40524312
GOOGL,2025-06-25,170.09,171.76,166.97,35478989
GOOGL,2025-06-26,172.94,173.08,169.35,31796690
GOOGL,2025-06-27,177.91,178.06,171.13,108140200
GOOGL,2025-06-30,175.62,180.6,173.97,63378856
GOOGL,2025-07-01,175.23,175.48,172.93,35904526
GOOGL,2025-07-02,178.02,178.24,174.46,29128947
GOOGL,2025-07-03,178.9,179.04,176.43,21689728
GOOGL,2025-07-07,176.17,178.67,175.07,34175648
GOOGL,2025-07-08,173.75,177.33,172.21,40442535
GOOGL,2025-07-09,176,178.81,172.17,43025594
GOOGL,2025-07-10,177,177.81,173.77,29252166
GOOGL,2025-07-11,179.56,180.8,175.86,34282922
GOOGL,2025-07-14,180.93,183.03,179.05,32536632
GOOGL,2025-07-15,181.37,183.58,180.97,33448251
GOOGL,2025-07-16,182.33,183.68,181.4,33098711
GOOGL,2025-07-17,182.94,183.42,179.85,31992212
GOOGL,2025-07-18,184.42,185.77,183.07,34013309
GOOGL,2025-07-21,189.44,189.62,185.5,45803129
GOOGL,2025-07-22,190.67,190.98,186.81,44660215
GOOGL,2025-07-23,189.57,191.86,188.52,58682048
GOOGL,2025-07-24,191.5,197.26,190.33,74881687
GOOGL,2025-07-25,192.51,193.65,190.59,39785863
GOOGL,2025-07-28,191.91,193.37,190.17,38139504
GOOGL,2025-07-29,195.07,195.24,191.41,41389153
GOOGL,2025-07-30,195.85,196.91,194.01,32444670
GOOGL,2025-07-31,191.23,195.31,190.42,51329163
GOOGL,2025-08-01,188.47,190.16,187.17,34832181
GOOGL,2025-08-04,194.36,194.59,189.46,31547350
GOOGL,2025-08-05,193.99,197.17,193.21,31602340
GOOGL,2025-08-06,195.41,195.94,193,21562908
GOOGL,2025-08-07,195.84,196.85,193.65,26321811
GOOGL,2025-08-08,200.72,201.9,196.48,39161826
GOOGL,2025-08-11,200.3,200.77,198.38,25832435
GOOGL,2025-08-12,202.63,203.79,199.89,30424452
GOOGL,2025-08-13,201.26,203.82,196.82,28342922
GOOGL,2025-08-14,202.23,203.73,200.52,25230427
GOOGL,2025-08-15,203.19,205.72,200.58,34931422
GOOGL,2025-08-18,202.79,204.55,201.78,18526594
GOOGL,2025-08-19,200.87,202.73,199.26,24240233
GOOGL,2025-08-20,198.63,200.58,195.91,28955498
GOOGL,2025-08-21,199.05,201.77,198.73,19774633
GOOGL,2025-08-22,205.37,207.81,200.6,42827040
GOOGL,2025-08-25,207.76,209.79,204.56,29928878
GOOGL,2025-08-26,206.42,207.13,204.98,28464130
GOOGL,2025-08-27,206.76,208.18,204.93,23022850
GOOGL,2025-08-28,210.9,211.48,206.18,32339307
GOOGL,2025-08-29,212.17,213.9,209.47,39717856
GOOGL,2025-09-02,210.61,210.94,205.48,47523037
GOOGL,2025-09-03,229.86,230.5,224.01,103336125
GOOGL,2025-09-04,231.49,231.56,225.32,51684167
GOOGL,2025-09-05,234.18,234.94,231.09,46324706
GOOGL,2025-09-08,233.43,237.51,233.06,32474743
GOOGL,2025-09-09,239.01,239.85,232.62,38060959
GOOGL,2025-09-10,238.55,241.03,237.23,35141074
GOOGL,2025-09-11,239.75,241.62,235.64,30593309
GOOGL,2025-09-12,240.18,241.45,237.38,26771610
GOOGL,2025-09-15,250.96,251.76,244.03,58383796
GOOGL,2025-09-16,250.51,252.38,248.82,34109720
GOOGL,2025-09-17,248.88,250.95,245.64,34107992
GOOGL,2025-09-18,251.38,253.33,249.15,31239474
GOOGL,2025-09-19,254.06,255.34,251.16,55571424
GOOGL,2025-09-22,251.87,255.12,249.65,32290538
GOOGL,2025-09-23,251.01,253.7,249.83,26628016
GOOGL,2025-09-24,246.5,251.7,245.8,28201003
GOOGL,2025-09-25,245.15,245.85,240.12,31020383
GOOGL,2025-09-26,245.9,248.77,245.33,18503194
GOOGL,2025-09-29,243.42,250.5,242.14,32505777
GOOGL,2025-09-30,242.47,242.66,238.62,34724346
GOOGL,2025-10-01,244.26,245.66,237.99,31658234
GOOGL,2025-10-02,245.05,246.17,241.67,25483298
GOOGL,2025-10-03,244.71,245.66,241.03,30249559
GOOGL,2025-10-06,249.78,250.67,243.95,28894653
GOOGL,2025-10-07,245.12,249.79,244.88,23181285
GOOGL,2025-10-08,243.99,245.37,243.19,21307104
GOOGL,2025-10-09,240.9,244.13,238.53,27892086
GOOGL,2025-10-10,235.96,243.46,235.23,33180323
GOOGL,2025-10-13,243.52,243.87,239.09,24995028
GOOGL,2025-10-14,244.81,246.48,239.89,22111572
GOOGL,2025-10-15,250.38,251.46,245.35,27007690
GOOGL,2025-10-16,250.81,256.29,249.45,27997159
GOOGL,2025-10-17,252.64,253.56,247.17,29671629
GOOGL,2025-10-20,255.88,256.66,253.57,22350077
GOOGL,2025-10-21,249.81,254.22,243.52,47311841
GOOGL,2025-10-22,251.04,255.7,248.64,35029370
GOOGL,2025-10-23,252.42,254.38,251.2,19901325
GOOGL,2025-10-24,259.25,261,254.65,28655026
GOOGL,2025-10-27,268.57,269.44,263.59,35235031
GOOGL,2025-10-28,266.78,270.03,265.81,29738554
GOOGL,2025-10-29,273.86,274.62,266.98,43580177
GOOGL,2025-10-30,280.75,290.83,279.33,74875990
GOOGL,2025-10-31,280.46,285.26,276.31,39267645
GOOGL,2025-11-03,282.98,284.79,279.07,29785996
GOOGL,2025-11-04,276.82,280.54,275.54,30078369
GOOGL,2025-11-05,283.57,285.67,276.62,31010302
GOOGL,2025-11-06,284.01,287.6,280.41,37173648
GOOGL,2025-11-07,278.11,283.04,274.48,34479588
GOOGL,2025-11-10,289.35,290.05,282.12,29557309
GOOGL,2025-11-11,290.55,291.16,286.57,19842136
GOOGL,2025-11-12,285.97,291.25,282.95,24829923
GOOGL,2025-11-13,277.85,282.11,276.52,29494040
GOOGL,2025-11-14,275.69,277.84,270,31647227
GOOGL,2025-11-17,284.28,293.19,282.83,52670192
GOOGL,2025-11-18,283.54,288.05,277.48,49158743
GOOGL,2025-11-19,292.05,303.02,285.89,68198944
GOOGL,2025-11-20,288.7,305.63,287.92,62025218
GOOGL,2025-11-21,298.88,303.13,293.08,74137697
GOOGL,2025-11-24,317.75,318.65,308.79,85165123
GOOGL,2025-11-25,322.6,327.98,316.83,88632074
GOOGL,2025-11-26,319.12,323.66,315.97,51373361
GOOGL,2025-11-28,319.35,326,315.97,26018568
GOOGL,2025-12-01,314.07,319.02,313.08,41182956
GOOGL,2025-12-02,314.99,317.55,313.1,35854744
GOOGL,2025-12-03,318.8,320.75,313.29,41838317
GOOGL,2025-12-04,316.8,321.52,313.88,31240924
GOOGL,2025-12-05,320.44,322.32,318.34,28851705
GOOGL,2025-12-08,313.11,319.82,310.62,33909433
GOOGL,2025-12-09,316.46,317.37,311.29,30194027
GOOGL,2025-12-10,319.59,320.69,314.07,33428923
GOOGL,2025-12-11,311.82,320.5,308,42353697
GOOGL,2025-12-12,308.69,314.26,304.97,35940170
GOOGL,2025-12-15,307.62,310.82,304.29,29151889
GOOGL,2025-12-16,305.97,310.17,302,30585020
GOOGL,2025-12-17,296.14,307.49,295.55,43930358
GOOGL,2025-12-18,301.87,303.37,298.65,33518048
GOOGL,2025-12-19,306.56,306.65,300.39,59943239
GOOGL,2025-12-22,309.18,309.53,304.71,26429937
GOOGL,2025-12-23,313.74,314.33,308.72,25478670
GOOGL,2025-12-24,313.48,314.47,311.31,10097361
GOOGL,2025-12-26,312.9,314.47,311.67,10899017
GOOGL,2025-12-29,312.95,313.41,310.02,19621777
GOOGL,2025-12-30,313.24,316.33,311.85,17380888
GOOGL,2025-12-31,312.39,313.97,310.84,16377689
GOOGL,2026-01-02,314.54,321.87,309.73,32009385
GOOGL,2026-01-05,315.93,318.4,314.02,30157319
GOOGL,2026-01-06,313.73,320.32,311.17,31212101
GOOGL,2026-01-07,321.35,325.52,313.58,35104425
GOOGL,2026-01-08,324.81,329.68,320.88,31896101
GOOGL,2026-01-09,327.93,330.19,325.17,26214166
GOOGL,2026-01-12,331.22,333.39,324.37,33923928
GOOGL,2026-01-13,335.32,339.83,332.97,33517607
GOOGL,2026-01-14,335.19,335.87,329.84,28525571
GOOGL,2026-01-15,332.13,337.03,330.1,28442406
GOOGL,2026-01-16,329.36,334,327.06,40341637
GOOGL,2026-01-20,321.37,327.09,319.81,35361045
GOOGL,2026-01-21,327.74,331.83,318.73,35386603
GOOGL,2026-01-22,329.9,334.5,328.11,26253640
GOOGL,2026-01-23,327.29,333.04,326.81,27279974
GOOGL,2026-01-26,332.61,335.19,326.37,26042120
GOOGL,2026-01-27,333.9,337.25,332.83,21636164
GOOGL,2026-01-28,335.36,336.88,331.3,27434434
GOOGL,2026-01-29,337.59,341.63,325.91,39785612
GOOGL,2026-01-30,337.34,339.34,331.64,31023954
GOOGL,2026-02-02,343.02,344.16,334.98,32006052
GOOGL,2026-02-03,339.05,348.32,336.82,36506709
GOOGL,2026-02-04,332.39,342.64,327.88,70618398
GOOGL,2026-02-05,330.61,332.04,305.86,88207175
GOOGL,2026-02-06,322.23,329.74,319.3,56380484
GOOGL,2026-02-09,323.69,327.06,316.64,39640055
GOOGL,2026-02-10,317.96,321.05,314,39170012
GOOGL,2026-02-11,310.36,320.44,309.06,45406405
GOOGL,2026-02-12,308.4,315.63,306.6,47761288
GOOGL,2026-02-13,305.13,308.03,303.12,38499701
GOOGL,2026-02-17,301.43,303.84,295.67,39247556
GOOGL,2026-02-18,302.74,304.79,300.67,28482075
GOOGL,2026-02-19,302.26,304.88,299.46,25834395
GOOGL,2026-02-20,314.37,315.89,303.31,53210820
GOOGL,2026-02-23,310.89,318.89,309.26,31591751
GOOGL,2026-02-24,310.3,311.66,305.34,25769181
GOOGL,2026-02-25,312.29,313.03,308.84,30120498
GOOGL,2026-02-26,306.78,312.53,301.76,36602149
GOOGL,2026-02-27,311.15,311.76,303.21,44794089
GOOGL,2026-03-02,305.92,307.89,300.72,34973580
GOOGL,2026-03-03,302.99,303.35,296.13,35622439
GOOGL,2026-03-04,302.54,304.88,300.17,29688656
GOOGL,2026-03-05,300.3,302.71,297.41,35912722
GOOGL,2026-03-06,297.94,299.95,294.61,25727327
GOOGL,2026-03-09,305.98,306.42,293.72,29480315
GOOGL,2026-03-10,306.66,309.13,305.19,23387156
GOOGL,2026-03-11,308.32,311.03,305.54,24266525
GOOGL,2026-03-12,303.17,308.56,300.66,25073525
GOOGL,2026-03-13,301.91,307.31,300.07,23839120
GOOGL,2026-03-16,305.18,306.11,302.64,23678927
GOOGL,2026-03-17,310.53,311.03,305.12,22094688
GOOGL,2026-03-18,307.31,312.08,306.55,20149451
GOOGL,2026-03-19,306.75,307.68,301.98,25214640
GOOGL,2026-03-20,300.63,305.62,297.9,44515212
GOOGL,2026-03-23,301.69,305.6,300.56,29482140
GOOGL,2026-03-24,290.08,299.55,289.97,37024561
GOOGL,2026-03-25,290.57,295.63,288.88,29616591
GOOGL,2026-03-26,280.57,287.59,278.15,39242221
GOOGL,2026-03-27,274,279.02,273.61,36054897
GOOGL,2026-03-30,273.16,276.75,271.77,35307166
GOOGL,2026-03-31,287.2,287.72,276.75,44019130
GOOGL,2026-04-01,297.02,300.15,290.05,37831795
GOOGL,2026-04-02,295.4,297.71,289.09,21804168
GOOGL,2026-04-06,299.62,300.25,294.81,17106087
GOOGL,2026-04-07,305.08,305.25,297.35,23341373
GOOGL,2026-04-08,316.93,321.68,314.63,33696459
GOOGL,2026-04-09,318.1,319.14,310.67,23875514
GOOGL,2026-04-10,316.85,321.43,315.93,19293345
GOOGL,2026-04-13,320.91,321.23,315.08,19019506
GOOGL,2026-04-14,332.5,332.88,323.35,27872889
GOOGL,2026-04-15,336.7,337.06,330.49,25066811
GOOGL,2026-04-16,335.6,339.46,334.11,20686149
GOOGL,2026-04-17,341.26,341.9,335.82,25730461
GOOGL,2026-04-20,337,340.98,336.19,18827626
GOOGL,2026-04-21,331.88,338.92,330.94,23273791
GOOGL,2026-04-22,338.9,339.4,334.75,20436894
GOOGL,2026-04-23,338.47,341.54,335.76,18793630
GOOGL,2026-04-24,343.97,344.84,334.97,26578126
GOOGL,2026-04-27,349.91,352.74,342.31,28635337
GOOGL,2026-04-28,349.35,351.98,345.69,27975841
GOOGL,2026-04-29,349.51,355.35,343.78,35530319
GOOGL,2026-04-30,384.32,385.36,365.37,72219248
GOOGL,2026-05-01,385.21,386.28,378.58,30281789
GOOGL,2026-05-04,382.78,386.9,379.32,26489577
GOOGL,2026-05-05,387.95,392.33,383.54,24048031
GOOGL,2026-05-06,397.55,399.35,392.27,31486705
GOOGL,2026-05-07,397.5,399.6,392.19,24612602
GOOGL,2026-05-08,400.3,401.5,395.87,21642956
GOOGL,2026-05-11,388.16,396.95,387.99,30982044
GOOGL,2026-05-12,386.87,388.04,382.3,26203923
GOOGL,2026-05-13,402.12,403.2,384.52,28327334
GOOGL,2026-05-14,400.57,402.43,395.35,21326112
GOOGL,2026-05-15,396.29,399.04,392.69,20494206
GOOGL,2026-05-18,396.45,408.1,394.04,27043188
GOOGL,2026-05-19,387.18,396.66,385.63,39740531
GOOGL,2026-05-20,388.43,393.37,382.43,31936231
GOOGL,2026-05-21,387.18,392.01,382.55,25035987
GOOGL,2026-05-22,382.5,388.26,381.3,20638120
GOOGL,2026-05-26,388.4,388.78,382.13,27942271
GOOGL,2026-05-27,388.35,393.39,385.42,23273914
GOOGL,2026-05-28,389.65,391.38,384.68,24538593
GOOGL,2026-05-29,379.87,384.76,377.99,44630664
GOOGL,2026-06-01,375.9,378.09,373.06,28917627
GOOGL,2026-06-02,361.4,373.08,358,50647013
GOOGL,2026-06-03,358.55,366,357.64,55652061
GOOGL,2026-06-04,371.73,372.79,357.77,44246781
GOOGL,2026-06-05,368.07,371.62,363.67,37667623
GOOGL,2026-06-08,363.08,365.96,360.3,28162999
GOOGL,2026-06-09,364.03,371.84,357.07,29709199
GOOGL,2026-06-10,356.15,368.32,354.97,32546391
GOOGL,2026-06-11,357.54,358.57,346.14,35743050
GOOGL,2026-06-12,359.45,366.33,354.71,24919628
GOOGL,2026-06-15,369.11,372.75,366.31,27933377
GOOGL,2026-06-16,373.01,375.76,366.82,25058565
GOOGL,2026-06-17,363.56,372.09,361.79,24733450
GOOGL,2026-06-18,367.79,369.24,358.44,44648351
GOOGL,2026-06-22,349.46,358.69,341.5,53090019
GOOGL,2026-06-23,345.91,349.07,339.98,34192065
GOOGL,2026-06-24,345.07,353.25,341.71,45179150
GOOGL,2026-06-25,343.49,345.35,335.62,44754019
GOOGL,2026-06-26,337.17,346.14,329.99,114886148
GOOGL,2026-06-29,353.42,354.12,340.45,34404192
GOOGL,2026-06-30,357.14,358.39,350.17,35407911
GOOGL,2026-07-01,360.98,362.74,356.2,26909885
GOOGL,2026-07-02,359.68,363.97,353.19,26170888
GOOGL,2026-07-06,366.22,367.69,357.15,27114097
GOOGL,2026-07-07,366.79,372.92,365.27,24211119
GOOGL,2026-07-08,361.69,367.6,357.79,22260447
GOOGL,2026-07-09,358.66,359.42,350.85,24899650
GOOGL,2026-07-10,356.95,357.59,352.52,18319907
GOOGL,2026-07-13,352.28,357.9,351.52,16099880
GOOGL,2026-07-14,359.28,359.93,350.86,18421691
GOOGL,2026-07-15,370.68,373.41,357.53,28455891
GOOGL,2026-07-16,354.23,375.03,352.07,41324112
GOOGL,2026-07-17,346.55,348.3,341.14,30148435
GOOGL,2026-07-20,351.76,359.45,350.29,24914940
GOOGL,2026-07-21,346.93,351.09,346.78,23538906
GOOGL,2026-07-22,341.87,349.72,341.51,39500502
GOOGL,2026-07-23,317.49,324.28,314.7,69666134
GOOGL,2026-07-24,319.53,323.97,317.12,31980833
GOOGL,2026-07-27,326.35,330.21,324.24,28657761
GOOGL,2026-07-28,333.5,335.66,324.23,29671604
GOOGL,2026-07-29,336.49,342.28,331.41,27655180
GOOGL,2026-07-30,333.45,336.29,330.13,30325969
GOOGL,2026-07-31,355.9,358.35,339.78,46655871
GOOGL,2026-08-03,373.27,376.45,363.12,38866198
GOOGL,2026-08-04,377.41,380.28,367.26,35885566
GOOGL,2026-08-05,362.2,384.23,356.54,47081721
GOOGL,2026-08-06,357.52,363.89,356.65,25394741
GOOGL,2026-08-07,354.07,358.67,353.55,20030424
GOOGL,2026-08-10,357.29,357.38,352.48,19173275
GOOGL,2026-08-11,343.58,356.58,343.17,29259238
GOOGL,2026-08-12,343.32,346.26,340.66,25176982
GOOGL,2026-08-13,346.14,347.71,343.54,18021238
GOOGL,2026-08-14,345.68,350.22,344.28,17974076
GOOGL,2026-08-17,343.78,347.03,341.71,18485440
GOOGL,2026-08-18,343.98,344.65,339.97,19407811
GOOGL,2026-08-19,344.5,346.51,340.44,19895441
GOOGL,2026-08-20,340.45,343.68,338.35,18736733
GOOGL,2026-08-21,344.6,345.98,340.18,21002428
GOOGL,2026-08-24,347.84,351.37,342.27,26621087
GOOGL,2026-08-25,346.74,349.94,345.38,20802092
GOOGL,2026-08-26,341.78,346.66,339.96,20583222
GOOGL,2026-08-27,340.43,341.47,338.3,23552110
GOOGL,2026-08-28,346.37,348.92,340.05,25496895
GOOGL,2026-08-31,339.13,344.37,336.94,33843785
GOOGL,2026-09-01,334.8,336.98,332.84,23509457
GOOGL,2026-09-02,336.9,339.78,332.61,22727273
GOOGL,2026-09-03,342.26,344.46,339.84,20869223
GOOGL,2026-09-04,338.46,343.53,337.09,23348231
GOOGL,2026-09-08,338.36,339.68,333.22,23121276
GOOGL,2026-09-09,330.65,331.85,327.9,33385962
GOOGL,2026-09-10,332.6,333.23,327.74,23706913
GOOGL,2026-09-11,338.5,342.98,335.03,24850245
GOOGL,2026-09-14,349.39,349.91,342.1361,36048310
GOOGL,2026-09-15,344.98,348.07,342.7,22088150
GOOGL,2026-09-16,342.87,348.4,340.64,19065708
GOOGL,2026-09-17,347.33,349.5,343.8857,19375167
GOOGL,2026-09-18,349.54,359.44,348.445,47760935
GOOGL,2026-09-21,354.97,357.61,349.1,30611673
GOOGL,2026-09-22,351.16,364.17,350.22,29891625
GOOGL,2026-09-23,337.83,350,337.45,35739651
GOOGL,2026-09-24,342.36,343.09,336.0201,23916412
GOOGL,2026-09-25,343.92,347.03,341.11,22020711
GOOGL,2026-09-28,342.75,343.59,339.56,19485653
GOOGL,2026-09-29,340.92,342.84,338.02,21225782
GOOGL,2026-09-30,344.08,352.6,340.99,37531892
GOOGL,2026-10-01,338.24,353.22,335.5108,33443977
GOOGL,2026-10-02,343.5,345.77,341.16,23931337
META,2024-10-01,572.72,579.25,566.39,15259274
META,2024-10-02,569.08,572.25,565.64,6524650
META,2024-10-03,578.98,579.57,565.03,11580980
META,2024-10-04,592.06,592.97,577.65,14199788
META,2024-10-07,580.98,599.03,580.24,12014198
META,2024-10-08,589.03,589.7,582.16,7857377
META,2024-10-09,586.67,590.52,577.83,9529707
META,2024-10-10,580.03,586.39,578.73,7740449
META,2024-10-11,586.11,587.36,578.92,8587051
META,2024-10-14,586.58,596.2,586.12,8251971
META,2024-10-15,582.46,586.77,576.37,9564236
META,2024-10-16,573.04,578.29,570.3,11268384
META,2024-10-17,573.18,581.17,571.46,8701158
META,2024-10-18,572.72,580.17,571.51,7694274
META,2024-10-21,571.42,573.49,565.41,8171879
META,2024-10-22,578.22,579.73,568.4,8544463
META,2024-10-23,560.02,581.19,558.84,14248419
META,2024-10-24,564.09,565.18,557.87,7184651
META,2024-10-25,569.52,577.51,568,11337874
META,2024-10-28,574.4,579.95,570.39,10925131
META,2024-10-29,589.42,589.81,571.66,13019092
META,2024-10-30,587.95,597.29,585.55,26864925
META,2024-10-31,563.89,586.06,559.35,26838395
META,2024-11-01,563.47,569.94,558.9,15303235
META,2024-11-04,557.03,564.99,554.26,12064601
META,2024-11-05,568.71,569.75,562.98,9775379
META,2024-11-06,568.33,569.27,551.56,18305429
META,2024-11-07,587.85,590.93,571.47,14653708
META,2024-11-08,585.51,589.24,580.72,9415699
META,2024-11-11,579.38,583.18,572.76,10209051
META,2024-11-12,581.02,595.76,576.6,16287724
META,2024-11-13,576.23,581.83,571.43,10757583
META,2024-11-14,573.41,576.98,569.28,11053743
META,2024-11-15,550.48,568.85,547.91,17712864
META,2024-11-18,550.79,556.26,546.51,14349882
META,2024-11-19,557.44,557.78,547.02,9522445
META,2024-11-20,561.84,562.67,550.6,9777015
META,2024-11-21,559.43,566.29,545.48,11154749
META,2024-11-22,555.5,560.16,550.98,9164004
META,2024-11-25,561.43,568.87,552.77,13599830
META,2024-11-26,569.81,573.74,561.52,10356550
META,2024-11-27,565.5,571.24,560.43,7200228
META,2024-11-29,570.58,574.7,563.21,7130519
META,2024-12-02,588.97,590.63,571.83,12522371
META,2024-12-03,609.66,610.2,587.4,14907164
META,2024-12-04,609.79,613.76,601.16,14697006
META,2024-12-05,604.97,615.87,603.1,8081212
META,2024-12-06,619.71,625.69,604.57,16943420
META,2024-12-09,609.58,622.33,602.23,11426015
META,2024-12-10,615.29,621.52,608.75,10938854
META,2024-12-11,628.56,634.25,617.49,10837228
META,2024-12-12,626.69,632.52,623.13,7474717
META,2024-12-13,616.31,626.98,612.87,8453349
META,2024-12-16,620.68,627.55,615.05,10885625
META,2024-12-17,615.91,628.76,613.02,12897842
META,2024-12-18,593.78,623.78,592.92,17075480
META,2024-12-19,592.17,608.03,591.61,14958082
META,2024-12-20,581.91,599.67,576.69,48989390
META,2024-12-23,596.43,597.66,582.91,10205750
META,2024-12-24,604.28,604.52,595.87,4726056
META,2024-12-26,599.91,602.84,595.52,6091239
META,2024-12-27,596.39,598.42,586.44,8084229
META,2024-12-30,587.87,593.54,582.24,7025864
META,2024-12-31,582.17,590.58,580.52,6019520
META,2025-01-02,595.82,601.46,584.47,12682269
META,2025-01-03,601.18,606.02,593.01,11436784
META,2025-01-06,626.61,627.39,602.17,14560754
META,2025-01-07,614.37,628.5,604.76,12071479
META,2025-01-08,607.24,612.92,599.35,10085846
META,2025-01-10,612.35,626.32,593.93,19256564
META,2025-01-13,604.86,605.5,595.03,10785031
META,2025-01-14,590.86,602.04,585.19,13598342
META,2025-01-15,613.6,618.91,603.04,15524302
META,2025-01-16,607.81,612.74,606.23,8355349
META,2025-01-17,609.28,621.41,600.23,17280600
META,2025-01-21,612.94,617.96,605.53,11674016
META,2025-01-22,619.94,630.09,615.9,12274011
META,2025-01-23,632.82,632.97,617.61,9910163
META,2025-01-24,643.8,648.28,630.58,19065329
META,2025-01-27,656.12,660.08,621.53,28399190
META,2025-01-28,670.48,678.69,655.7,20950107
META,2025-01-29,672.63,677.16,661.87,21377820
META,2025-01-30,683.08,706.74,672.24,29322898
META,2025-01-31,685.25,701.28,681.67,19331660
META,2025-02-03,693.48,699.99,671.4,21407254
META,2025-02-04,700.17,703.67,687.67,13780701
META,2025-02-05,700.85,714.04,695.02,17793766
META,2025-02-06,707.93,714.8,699.49,13080690
META,2025-02-07,710.45,720.88,707.69,16351458
META,2025-02-10,713.31,717.09,707.27,12901224
META,2025-02-11,715.69,719.53,705.99,12997959
META,2025-02-12,721.24,722.95,708.54,12016517
META,2025-02-13,724.4,724.84,713.94,12569064
META,2025-02-14,732.47,736.68,721.48,16901249
META,2025-02-18,712.28,732.8,702.41,21938703
META,2025-02-19,699.76,702.97,691.42,17517397
META,2025-02-20,690.88,701.61,689.68,12587408
META,2025-02-21,679.65,699.86,678.47,15660355
META,2025-02-24,664.32,683.35,658.67,15676994
META,2025-02-25,653.75,664.19,638.2,20579662
META,2025-02-26,669.86,679.11,654.25,14488705
META,2025-02-27,654.49,684.72,653.82,12500013
META,2025-02-28,664.39,665.81,638.94,17534168
META,2025-03-03,651.31,677.36,647.13,10843763
META,2025-03-04,636.35,646.04,620.09,21495208
META,2025-03-05,652.73,655.74,634.02,13770026
META,2025-03-06,624.35,646.85,620.55,13446454
META,2025-03-07,622.09,631.17,597.18,21375671
META,2025-03-10,594.58,606.63,583.52,21999943
META,2025-03-11,602.26,611.43,589.95,17401469
META,2025-03-12,616.03,629.72,605.87,15746966
META,2025-03-13,587.27,616.96,583.17,16480324
META,2025-03-14,604.67,605.93,591.91,12364505
META,2025-03-17,601.99,610.15,595.12,15473909
META,2025-03-18,579.55,597.36,571.89,20297708
META,2025-03-19,581.25,589.47,572,20537498
META,2025-03-20,583.18,607.26,576.72,24336505
META,2025-03-21,593.38,594.67,578.15,25015864
META,2025-03-24,615.87,619.54,609.25,15741274
META,2025-03-25,623.29,630.83,618.19,15312540
META,2025-03-26,608.04,623.73,603.69,12661891
META,2025-03-27,599.68,611.29,597.21,10436524
META,2025-03-28,573.96,598.85,571.15,17602823
META,2025-03-31,573.58,575.91,550.63,21124677
META,2025-04-01,583.18,587.07,567.25,12836574
META,2025-04-02,581.12,589.8,570.6,13470778
META,2025-04-03,529.06,549.9,527.74,34777460
META,2025-04-04,502.3,515.5,491.82,38589124
META,2025-04-07,513.76,536.77,479.58,36606136
META,2025-04-08,507.99,544.79,500.44,28031766
META,2025-04-09,582.95,585.06,499.69,39212535
META,2025-04-10,543.66,578.5,532.72,28173491
META,2025-04-11,540.95,544.76,526.04,17642327
META,2025-04-14,528.92,555.08,525.73,14130928
META,2025-04-15,519.01,535.35,515.01,15558659
META,2025-04-16,499.89,510.9,493.24,18735075
META,2025-04-17,499.06,504.86,495.61,14593474
META,2025-04-21,482.32,491.12,477.49,16165982
META,2025-04-22,497.87,504.44,484.02,17399336
META,2025-04-23,517.76,532.76,514.03,18173910
META,2025-04-24,530.58,531.33,515.01,13910011
META,2025-04-25,544.63,547.21,533.67,17098921
META,2025-04-28,547.09,555.8,537.99,15178995
META,2025-04-29,551.77,553.89,541.5,11835036
META,2025-04-30,546.35,546.45,526.95,29243971
META,2025-05-01,569.45,590.09,567.75,31159033
META,2025-05-02,594.14,601.43,575.54,24739260
META,2025-05-05,596.38,600.3,585.22,13887724
META,2025-05-06,584.48,593.16,583.75,10600650
META,2025-05-07,593.93,600.17,583.84,13160976
META,2025-05-08,595.13,608.35,593.75,14622805
META,2025-05-09,589.64,604.05,588.86,10427286
META,2025-05-12,636.35,637.3,618.04,21965085
META,2025-05-13,652.87,657.74,639.73,18570821
META,2025-05-14,656.18,659.48,651.16,12348179
META,2025-05-15,640.78,654.14,635.5,14341835
META,2025-05-16,637.25,637.35,623.13,18518972
META,2025-05-19,637.34,639.9,624.77,9592374
META,2025-05-20,634.03,636.27,629.21,6743473
META,2025-05-21,632.44,643.49,627.13,11464569
META,2025-05-22,633.5,640.15,627.67,8228443
META,2025-05-23,624.04,629.4,619.65,8454067
META,2025-05-27,639.22,639.98,629.7,9508367
META,2025-05-28,640.48,647.74,639.45,9042874
META,2025-05-29,641.94,650.17,636.42,8883436
META,2025-05-30,644.37,646.28,629.73,16240951
META,2025-06-02,667.67,670.02,641.16,15766258
META,2025-06-03,663.64,672.32,661.83,11585031
META,2025-06-04,684.64,685.68,665.35,14031931
META,2025-06-05,681.32,691.03,678.96,13120335
META,2025-06-06,694.35,699.42,688.54,11727961
META,2025-06-09,690.72,701.79,690.6,12773221
META,2025-06-10,699.02,699.84,688.23,10850146
META,2025-06-11,690.8,705.45,688.66,9582508
META,2025-06-12,690.02,692.03,683.69,7322730
META,2025-06-13,679.58,691.22,677.73,9274441
META,2025-06-16,699.27,704.28,690.7,13720288
META,2025-06-17,694.4,703.11,693.24,10066110
META,2025-06-18,692.95,698.75,692.08,10068255
META,2025-06-20,679.58,698.98,675.92,22538640
META,2025-06-23,695.7,696.22,676,11080055
META,2025-06-24,709.31,710.3,699.26,13823180
META,2025-06-25,705.81,713.68,702.52,9320436
META,2025-06-26,723.15,725.27,708.17,13964793
META,2025-06-27,730.66,732.45,722.92,18775735
META,2025-06-30,735.1,744.87,731.27,15402105
META,2025-07-01,716.31,734.76,712.47,13431248
META,2025-07-02,710.68,717.38,709.91,9336740
META,2025-07-03,716.1,726.08,711.52,8601653
META,2025-07-07,715.44,724.05,710.62,9457080
META,2025-07-08,717.75,719.98,711.91,7770693
META,2025-07-09,729.81,734.54,719.79,11417963
META,2025-07-10,724.29,732.82,716.68,9922249
META,2025-07-11,714.6,722.22,706.82,10873880
META,2025-07-14,718,725.05,713.64,8939399
META,2025-07-15,707.51,721.54,706.94,11529511
META,2025-07-16,700.06,711.08,696.44,13066181
META,2025-07-17,698.57,703.04,694.28,11802964
META,2025-07-18,701.43,701.85,688.85,12779416
META,2025-07-21,710.08,714.09,702.9,9404391
META,2025-07-22,701.95,713.7,698.57,8921064
META,2025-07-23,710.69,711.73,702.07,8771615
META,2025-07-24,711.9,720.69,711.11,10920836
META,2025-07-25,709.79,717.73,709.01,8271698
META,2025-07-28,714.72,721.8,709.79,8715743
META,2025-07-29,697.16,721.53,697.07,13267032
META,2025-07-30,692.39,705.63,688.4,27076604
META,2025-07-31,770.31,781.57,762.41,38831098
META,2025-08-01,746.97,762.9,742.29,19028710
META,2025-08-04,773.22,773.7,755.34,15801727
META,2025-08-05,760.37,779.96,759.91,11640294
META,2025-08-06,768.86,770.5,757.38,9733910
META,2025-08-07,758.74,771.86,756.47,9019691
META,2025-08-08,766.18,766.78,755.51,7320755
META,2025-08-11,762.77,770.32,761.57,7611964
META,2025-08-12,786.8,790.45,769.3,14579765
META,2025-08-13,776.92,792.23,775.08,8811750
META,2025-08-14,778.96,784.62,769.38,8116193
META,2025-08-15,782.05,793.02,777.66,13375361
META,2025-08-18,764.26,772.67,753.49,16513737
META,2025-08-19,748.43,764.06,746.32,12286690
META,2025-08-20,744.69,747.16,728.04,11898190
META,2025-08-21,736.1,742.48,730.14,8876307
META,2025-08-22,751.73,753.83,731.41,10612667
META,2025-08-25,750.25,755.8,747.09,6861158
META,2025-08-26,751.04,751.81,744.91,7601800
META,2025-08-27,744.35,751.09,739.83,8315435
META,2025-08-28,748.07,750,737.79,7467955
META,2025-08-29,735.71,744.11,732.37,9068273
META,2025-09-02,732.13,733.02,718.81,9350857
META,2025-09-03,734.06,737.25,731.01,7699332
META,2025-09-04,745.62,758.08,742.8,11439078
META,2025-09-05,749.4,754.88,742.01,9654264
META,2025-09-08,749.25,763.4,748.97,13087816
META,2025-09-09,762.6,763.19,750.38,10999026
META,2025-09-10,748.93,762.6,747.96,12478276
META,2025-09-11,747.86,754.03,745.34,7914682
META,2025-09-12,752.53,754.5,740.75,8248557
META,2025-09-15,761.6,770.93,748.94,10533780
META,2025-09-16,775.84,778.19,762,11782482
META,2025-09-17,772.57,780.12,763.2,9400867
META,2025-09-18,777.09,785.58,770.23,10954949
META,2025-09-19,775.23,787.6,766.07,23696824
META,2025-09-22,762.57,783.07,761.89,11706946
META,2025-09-23,752.85,767.99,748.53,10872592
META,2025-09-24,758.09,758.54,749.98,8828227
META,2025-09-25,746.38,754.21,742.03,10591065
META,2025-09-26,741.24,749.39,734.86,9696338
META,2025-09-29,740.89,748.24,736.65,9246768
META,2025-09-30,731.9,740.46,723.84,16226750
META,2025-10-01,714.91,719.41,707.8,20419633
META,2025-10-02,724.59,725.31,715.71,11415271
META,2025-10-03,708.16,728.53,707.78,16154305
META,2025-10-06,713.24,714.46,688.18,21654738
META,2025-10-07,710.67,716.07,703.36,12062928
META,2025-10-08,715.41,717.22,705.42,10790571
META,2025-10-09,731.03,731.03,710.03,12717172
META,2025-10-10,702.92,732.78,702.13,16980091
META,2025-10-13,713.28,717.51,705.25,9251796
META,2025-10-14,706.25,713.13,696.97,8829757
META,2025-10-15,715.12,721.45,707.11,10246766
META,2025-10-16,709.66,723.04,701.5,9017010
META,2025-10-17,714.49,716.11,703.73,12232441
META,2025-10-20,729.69,731.29,717.75,9036204
META,2025-10-21,730.79,736,726.29,7647163
META,2025-10-22,730.93,738.1,721.58,8734491
META,2025-10-23,731.52,739.9,730.62,9855974
META,2025-10-24,735.86,738.7,728.68,9151267
META,2025-10-27,748.28,753.2,745.48,11321080
META,2025-10-28,748.9,755.84,743,12193818
META,2025-10-29,749.13,756.59,740,26818592
META,2025-10-30,664.22,678.66,647.97,88439991
META,2025-10-31,646.16,672.61,643.39,56953101
META,2025-11-03,635.55,657.1,634.03,33003599
META,2025-11-04,625.2,639.57,623.89,27356553
META,2025-11-05,633.8,640.06,624.42,20219855
META,2025-11-06,616.85,633.85,615.91,23628750
META,2025-11-07,619.61,620.03,599.17,29946826
META,2025-11-10,629.62,632.85,616.02,19245000
META,2025-11-11,624.96,627.43,617.3,13302187
META,2025-11-12,606.95,626.86,605.72,24493272
META,2025-11-13,607.83,615.56,600.96,20973845
META,2025-11-14,607.4,611.61,593.19,20724146
META,2025-11-17,599.97,609.62,593.39,16501331
META,2025-11-18,595.67,601.62,581.81,25500647
META,2025-11-19,588.32,593.32,579.29,24744703
META,2025-11-20,587.16,604.67,581.38,20603024
META,2025-11-21,592.24,596.1,579.89,21052624
META,2025-11-24,610.98,614.62,595.61,23554932
META,2025-11-25,634.07,634.89,616.21,25212978
META,2025-11-26,631.47,636.2,629.49,15209481
META,2025-11-28,645.76,645.86,633.35,11033198
META,2025-12-01,638.7,643.14,635.6,13029922
META,2025-12-02,644.91,645.68,635.91,11640869
META,2025-12-03,637.44,646.66,635.39,11134305
META,2025-12-04,659.29,673.81,657.82,29874622
META,2025-12-05,671.14,672.41,660.16,21207861
META,2025-12-08,664.55,674.42,662.82,13160976
META,2025-12-09,654.74,662.23,651.13,12997116
META,2025-12-10,647.93,652.3,641.22,16910883
META,2025-12-11,650.5,653.06,638.63,13056726
META,2025-12-12,642.05,708.6,636.45,14016915
META,2025-12-15,645.85,651.32,637.06,15549088
META,2025-12-16,655.46,660.84,641.55,14309136
META,2025-12-17,647.83,659.53,647.53,15598548
META,2025-12-18,662.74,668.84,654.77,20260295
META,2025-12-19,657.08,669.28,656.49,49977051
META,2025-12-22,659.8,671.85,654.96,15659385
META,2025-12-23,663.23,664.29,656.56,8486847
META,2025-12-24,665.84,666.46,660.5,5627512
META,2025-12-26,661.59,667.23,659.62,7133813
META,2025-12-29,657,658.55,652.71,8506477
META,2025-12-30,664.24,670.49,656.15,9187483
META,2025-12-31,658.4,663.29,657.75,7940359
META,2026-01-02,648.74,662.68,641.85,13726517
META,2026-01-05,657.1,662.83,646.09,12198536
META,2026-01-06,658.92,663.81,650.23,11074419
META,2026-01-07,647.02,657.46,643.15,12846273
META,2026-01-08,644.4,645.44,634.09,11921708
META,2026-01-09,651.38,653.27,641.2,11634944
META,2026-01-12,640.32,652.29,639.58,14797197
META,2026-01-13,629.47,640.62,622.5,18030395
META,2026-01-14,613.94,626.84,613.24,15527875
META,2026-01-15,619.21,622.57,612.65,13076058
META,2026-01-16,618.66,627.46,618.49,17012516
META,2026-01-20,602.57,609.83,598.46,15169565
META,2026-01-21,611.39,616.68,598.54,14494655
META,2026-01-22,645.97,658.87,624.94,21394669
META,2026-01-23,657.07,664.78,642.79,22797723
META,2026-01-26,670.63,673.55,659.59,16327378
META,2026-01-27,671.24,675.08,662.95,13297350
META,2026-01-28,667.01,675.94,664.39,25709600
META,2026-01-29,736.41,742.09,710.72,59852903
META,2026-01-30,714.66,730.29,711.76,23744573
META,2026-02-02,704.6,719.45,701.71,14365224
META,2026-02-03,689.92,715.16,684.65,13760663
META,2026-02-04,667.27,687.06,665.75,16882761
META,2026-02-05,668.49,679.75,651.82,17131791
META,2026-02-06,659.76,670.26,644.84,18159253
META,2026-02-09,675.48,681.56,657.09,14837529
META,2026-02-10,669,678.9,668.07,10455816
META,2026-02-11,666.97,677.52,655.41,14323818
META,2026-02-12,648.14,674.26,643.62,14960108
META,2026-02-13,638.13,649.76,632.94,12336363
META,2026-02-17,637.65,640.95,627.19,12674739
META,2026-02-18,641.57,643.34,626.53,14649196
META,2026-02-19,643.12,645.53,635.09,10035698
META,2026-02-20,653.98,661.65,637.14,14183512
META,2026-02-23,635.61,656.01,634.37,8664743
META,2026-02-24,637.66,639.46,627.36,10187366
META,2026-02-25,652.01,652.2,640.49,11377695
META,2026-02-26,655.32,659.3,645.84,10684837
META,2026-02-27,646.52,647.77,636.48,15756425
META,2026-03-02,651.88,658.25,632.87,9877126
META,2026-03-03,653.4,657.35,637.2,12313257
META,2026-03-04,666.02,671.04,655.98,10858260
META,2026-03-05,658.87,668.98,648.64,13391845
META,2026-03-06,643.2,647.8,634.48,13209000
META,2026-03-09,645.73,646.09,625.17,13552917
META,2026-03-10,652.39,658.6,647.33,9909930
META,2026-03-11,653.18,657.43,646.7,9022933
META,2026-03-12,636.54,651.82,635.26,11668599
META,2026-03-13,612.13,627.55,607.98,19036838
META,2026-03-16,626.37,633.66,622.03,15206094
META,2026-03-17,621.59,635.46,620.63,10397516
META,2026-03-18,614.62,621.58,613.56,11779216
META,2026-03-19,605.66,611.95,601.23,13310781
META,2026-03-20,592.64,602.92,586.24,21286423
META,2026-03-23,603.02,607.6,597.98,13708822
META,2026-03-24,591.9,599.97,589.99,10799492
META,2026-03-25,593.87,602.64,592.38,12640131
META,2026-03-26,546.6,582,542.42,35889010
META,2026-03-27,524.82,542.67,519.37,30231617
META,2026-03-30,535.46,538.63,527.63,22876236
META,2026-03-31,571.15,572.71,545.83,32969663
META,2026-04-01,578.24,591.53,572.84,23674252
META,2026-04-02,573.48,577.51,558.74,13579945
META,2026-04-06,572.04,581.79,571.02,9580374
META,2026-04-07,574.06,574.24,563.79,9640784
META,2026-04-08,611.37,628.87,590.82,32116998
META,2026-04-09,627.31,636.41,621.93,19078592
META,2026-04-10,628.78,637.49,623.26,13347958
META,2026-04-13,633.44,633.91,623.33,9597036
META,2026-04-14,661.35,665.12,638.27,17876642
META,2026-04-15,670.43,677.34,663.08,15004980
META,2026-04-16,675.71,676.42,666.61,9593722
META,2026-04-17,687.37,690.33,673.97,16336947
META,2026-04-20,669.76,682.21,666.86,12580100
META,2026-04-21,667.69,675.04,666.19,8704625
META,2026-04-22,673.56,677.22,668.6,9256284
META,2026-04-23,658.02,668.41,651.93,11725662
META,2026-04-24,673.87,679.5,652.72,13402532
META,2026-04-27,677.46,681.33,669.69,12852283
META,2026-04-28,670.19,677.02,664.48,10655834
META,2026-04-29,667.97,673.09,662.67,19015131
META,2026-04-30,610.86,619.79,598.97,52926537
META,2026-05-01,607.7,617.82,605.07,21481724
META,2026-05-04,609.36,612.95,601.72,16288176
META,2026-05-05,603.92,613.3,599.33,17250129
META,2026-05-06,611.83,618.89,597.07,19986214
META,2026-05-07,615.75,623.91,612.49,12358206
META,2026-05-08,608.59,615.71,605.02,13625240
META,2026-05-11,597.83,603.87,597.06,16031053
META,2026-05-12,601.97,602.71,591.58,11408166
META,2026-05-13,615.57,618.84,595.64,14684405
META,2026-05-14,617.37,622.66,613.95,10699053
META,2026-05-15,613.18,620.14,608.27,13320681
META,2026-05-18,610.16,614.53,602.66,13829081
META,2026-05-19,601.58,612.88,599.52,11799740
META,2026-05-20,604.02,606.96,596.79,11375610
META,2026-05-21,606.34,608.56,593.79,13528321
META,2026-05-22,609.21,613.76,605.91,11732317
META,2026-05-26,611.29,613.42,604.26,12294889
META,2026-05-27,634.17,637.41,607.96,23192548
META,2026-05-28,634.2,641.9,628.23,16824489
META,2026-05-29,631.43,633.41,622.28,19862316
META,2026-06-01,599.44,634.66,598.5,29236934
META,2026-06-02,596.61,607.84,595.66,18314032
META,2026-06-03,621.91,623.08,599.24,23077203
META,2026-06-04,626.49,641.3,621.36,21519983
META,2026-06-05,591.98,628.07,581.91,30165101
META,2026-06-08,584.39,590.99,578.23,19590876
META,2026-06-09,583.59,596.61,580.01,17023970
META,2026-06-10,570,590.31,569.62,17127228
META,2026-06-11,567.46,571.19,556.06,17696750
META,2026-06-12,566.01,575.08,559.94,14408377
META,2026-06-15,593.01,600.8,578.84,17715392
META,2026-06-16,599.74,605.33,591.53,11394920
META,2026-06-17,567.13,593.34,565.74,20551498
META,2026-06-18,576.76,579.76,562.66,28877898
META,2026-06-22,563.41,575.36,559.37,15483958
META,2026-06-23,561.76,571.75,560.58,13149174
META,2026-06-24,557.23,568.59,555.11,14015412
META,2026-06-25,542.44,555.9,539.75,17031545
META,2026-06-26,549.82,556.41,539.97,18914057
META,2026-06-29,562.16,570.45,557.56,15060731
META,2026-06-30,562.85,565.09,551,18162140
META,2026-07-01,612.43,627.78,594.63,45610127
META,2026-07-02,582.44,609.52,579.96,21816746
META,2026-07-06,599.82,603.1,581.3,17733415
META,2026-07-07,615.09,624.88,603.18,18606087
META,2026-07-08,602.64,615.51,597.54,13647332
META,2026-07-09,630.98,632.77,576.61,26627785
META,2026-07-10,668.68,677.33,657.49,40680999
META,2026-07-13,656.21,676.09,653.68,19893457
META,2026-07-14,660.52,665.97,648.54,16784053
META,2026-07-15,680.77,685.54,656.14,19046772
META,2026-07-16,664.02,681.36,659.64,15854034
META,2026-07-17,645.5,651.69,625.51,22318610
META,2026-07-20,645.34,652.78,635.51,10267147
META,2026-07-21,643.3,655.36,642.69,9174837
META,2026-07-22,626.68,648.49,623.51,11061896
META,2026-07-23,605.62,614.17,596.75,15543745
META,2026-07-24,594.72,609.5,593.98,11543707
META,2026-07-27,593.4,610.78,592.66,11242604
META,2026-07-28,592.94,600.53,586.54,12050227
META,2026-07-29,585.15,599.5,581.76,22421272
META,2026-07-30,538.6,539.45,524.08,42387237
META,2026-07-31,556.27,557.89,539.79,24325425
META,2026-08-03,589.77,597.05,558.92,26008954
META,2026-08-04,587.48,592.32,577.79,18014981
META,2026-08-05,588.31,600.53,579.66,14941981
META,2026-08-06,589.43,594.84,585.53,11849892
META,2026-08-07,591.63,598.27,585.16,11290667
META,2026-08-10,594.45,607.73,591.56,15018528
META,2026-08-11,598.65,611.95,592.93,13184344
META,2026-08-12,578.39,604.02,577.75,16243495
META,2026-08-13,594.5,595.38,578.93,11202731
META,2026-08-14,589.38,601.39,588.83,8800012
META,2026-08-17,568.52,589.77,564.3,17310370
META,2026-08-18,543.24,560.22,542.78,27191926
META,2026-08-19,545.6,553.63,536.85,17028496
META,2026-08-20,545.4,549.55,538.88,13924935
META,2026-08-21,549.47,553.44,542.8,13892224
META,2026-08-24,558.58,560.98,545.87,13057697
META,2026-08-25,569.6,570.35,560.96,9808534
META,2026-08-26,575.69,592.87,561.44,31455956
META,2026-08-27,570.65,587.93,567.17,15264023
META,2026-08-28,577.56,588.73,570.55,16080243
META,2026-08-31,571.89,578.22,568.69,13437655
META,2026-09-01,578.08,584.49,555.66,15842964
META,2026-09-02,592.38,599.91,576.54,16587136
META,2026-09-03,610.2,618.97,603.87,19777877
META,2026-09-04,616.28,616.97,604.79,15997345
META,2026-09-08,613,624.31,609.26,18960568
META,2026-09-09,653.17,657.34,638.06,35951549
META,2026-09-10,643.87,662.98,641.63,21562629
META,2026-09-11,647.52,663.72,645.69,16957444
META,2026-09-14,665.08,668.07,648.71,19373121
META,2026-09-15,669.71,678.33,655.68,19551275
META,2026-09-16,672.78,684.77,671.38,17252682
META,2026-09-17,681.77,682.66,666.52,15964849
META,2026-09-18,665.23,689.61,660.28,27627478
META,2026-09-21,741.245,753,679.6,48777679
META,2026-09-22,736.595,757.27,730,28168357
META,2026-09-23,744.1,763.9,739.51,30867886
META,2026-09-24,777.59,779.8192,743.006,34856584
META,2026-09-25,751.66,769.57,746.5405,25868950
META,2026-09-28,715.62,750.576,713.19,27991821
META,2026-09-29,738.79,740.45,715.1,23639105
META,2026-09-30,725.18,738.25,721.3,19335922
META,2026-10-01,725.93,735.88,721.51,12448568
META,2026-10-02,728.08,741.58,726.2,13007905
QQQ,2024-10-01,476.45,483.11,472.62,42735424
QQQ,2024-10-02,477.12,479.03,472.93,23744049
QQQ,2024-10-03,476.76,479.69,474.19,25337220
QQQ,2024-10-04,482.44,482.99,477.55,30744909
QQQ,2024-10-07,477.27,481.69,476.05,24975119
QQQ,2024-10-08,484.4,485.08,479,28272017
QQQ,2024-10-09,488.21,488.78,483.06,24994950
QQQ,2024-10-10,487.65,489.52,484.63,25750446
QQQ,2024-10-11,488.42,489.44,485.26,20644497
QQQ,2024-10-14,492.52,493.83,490.3,26060145
QQQ,2024-10-15,485.93,493.51,483.78,34784506
QQQ,2024-10-16,485.99,486.76,482.68,22996776
QQQ,2024-10-17,486.33,491.52,486.27,27210658
QQQ,2024-10-18,489.52,490.6,488.36,25335030
QQQ,2024-10-21,490.46,491.26,486.39,30336549
QQQ,2024-10-22,490.99,492.46,487.04,26685841
QQQ,2024-10-23,483.47,489.3,480.19,39346565
QQQ,2024-10-24,487.39,488.06,484.54,22024930
QQQ,2024-10-25,490.36,495.27,489.48,38762143
QQQ,2024-10-28,490.44,493.53,490.14,20477778
QQQ,2024-10-29,495.15,496.33,488.9,28014059
QQQ,2024-10-30,491.41,495.34,490.92,29755960
QQQ,2024-10-31,479,487.5,478.9,41245248
QQQ,2024-11-01,482.55,485.83,480.34,33655757
QQQ,2024-11-04,481.14,484.48,479.4,23291580
QQQ,2024-11-05,487.28,487.94,482.64,24353615
QQQ,2024-11-06,500.51,501.34,494.59,43082198
QQQ,2024-11-07,508.39,509.18,503.25,32853120
QQQ,2024-11-08,508.99,509.76,507.28,22924483
QQQ,2024-11-11,508.69,510.41,505.8,24167479
QQQ,2024-11-12,507.77,509.5,504.72,25835288
QQQ,2024-11-13,507.12,509.82,504.84,24567416
QQQ,2024-11-14,503.59,507.65,502.68,28679519
QQQ,2024-11-15,491.59,498.29,489.54,51461054
QQQ,2024-11-18,495.01,497.11,491.75,27226937
QQQ,2024-11-19,498.42,498.9,492.1,24531520
QQQ,2024-11-20,498.13,498.44,491.58,29389630
QQQ,2024-11-21,499.92,501.88,492.57,34526738
QQQ,2024-11-22,500.72,501.45,497.74,23826644
QQQ,2024-11-25,501.51,506.33,499.21,26375166
QQQ,2024-11-26,504.21,505.03,502.15,26557061
QQQ,2024-11-27,500.24,503.15,496.9,24957441
QQQ,2024-11-29,504.63,505.23,500.25,15333968
QQQ,2024-12-02,510.13,511.09,505.5,25147165
QQQ,2024-12-03,511.69,511.97,508.23,18597900
QQQ,2024-12-04,518.02,518.27,514.39,26086222
QQQ,2024-12-05,516.58,518.79,516.2,18169632
QQQ,2024-12-06,521.21,521.44,517.12,23762611
QQQ,2024-12-09,517.15,521.08,516,20674405
QQQ,2024-12-10,515.38,520.12,513.96,24350040
QQQ,2024-12-11,524.61,525.29,519.33,32168579
QQQ,2024-12-12,521.22,523.66,520.75,23577504
QQQ,2024-12-13,525.21,527.82,522.02,28780405
QQQ,2024-12-16,532.78,533.75,527.66,31979863
QQQ,2024-12-17,530.43,532.09,528.78,28579070
QQQ,2024-12-18,511.3,531.5,509.85,54703155
QQQ,2024-12-19,509.02,516.53,508.68,46441754
QQQ,2024-12-20,513.46,519.56,504.19,60529961
QQQ,2024-12-23,518.47,518.84,511.78,29672800
QQQ,2024-12-24,525.5,525.59,519.77,17558215
QQQ,2024-12-26,525.14,526.77,521.88,19141494
QQQ,2024-12-27,518.16,522.02,513.5,33839555
QQQ,2024-12-30,511.27,514.99,507.52,34584028
QQQ,2024-12-31,506.92,513.3,505.96,29117028
QQQ,2025-01-02,505.93,512.29,501.45,36389783
QQQ,2025-01-03,514.21,515.27,508.21,29059520
QQQ,2025-01-06,520.12,523.47,517.63,36109734
QQQ,2025-01-07,510.84,521.56,508.96,36690272
QQQ,2025-01-08,510.93,512.57,506.27,30777777
QQQ,2025-01-10,502.92,507.27,499.68,40532495
QQQ,2025-01-13,501.3,501.76,495.49,31694210
QQQ,2025-01-14,500.83,505.86,497.36,33737237
QQQ,2025-01-15,512.35,513.49,507.15,34957554
QQQ,2025-01-16,508.76,514.69,508.63,28231787
QQQ,2025-01-17,517.35,519.66,508.79,51837941
QQQ,2025-01-21,520.38,521.54,515.68,23627971
QQQ,2025-01-22,527.03,529.32,524.8,33592988
QQQ,2025-01-23,528.15,528.27,524,23096588
QQQ,2025-01-24,525.17,529.29,523.7,19878251
QQQ,2025-01-27,509.88,513.63,505.85,60771695
QQQ,2025-01-28,517.41,518.59,507.47,33194214
QQQ,2025-01-29,516.44,518.19,512.54,26649011
QQQ,2025-01-30,518.64,521.66,513.84,27431302
QQQ,2025-01-31,517.89,527.04,516.8,38845467
QQQ,2025-02-03,513.75,516.46,506.75,40455918
QQQ,2025-02-04,520.05,520.69,513.86,25828954
QQQ,2025-02-05,522.41,522.57,516.23,21134070
QQQ,2025-02-06,525.14,525.35,521.31,19434454
QQQ,2025-02-07,518.52,527.62,517.79,29346102
QQQ,2025-02-10,524.79,525.89,522.31,20841774
QQQ,2025-02-11,523.54,525.46,521.4,19325500
QQQ,2025-02-12,523.85,524.73,517.55,25009362
QQQ,2025-02-13,531.39,531.7,524.73,28714799
QQQ,2025-02-14,533.62,534.3,531.16,17862572
QQQ,2025-02-18,534.83,535.45,531.52,20565028
QQQ,2025-02-19,534.98,536.25,531.94,19614695
QQQ,2025-02-20,532.7,534.56,527.97,26550753
QQQ,2025-02-21,521.65,533.86,521.28,47093750
QQQ,2025-02-24,515.49,524.61,515.15,39268392
QQQ,2025-02-25,509,514.95,505.15,48940025
QQQ,2025-02-26,510.23,515.28,507.06,34457618
QQQ,2025-02-27,496.06,514.7,495.84,52447966
QQQ,2025-02-28,503.89,504.49,492.74,47654043
QQQ,2025-03-03,492.86,508.72,489.42,44587204
QQQ,2025-03-04,491.38,499.5,483.63,67875402
QQQ,2025-03-05,497.78,499.39,487.12,46323725
QQQ,2025-03-06,484.09,494.38,482.1,57574332
QQQ,2025-03-07,487.65,489.12,476.48,54714726
QQQ,2025-03-10,468.75,479.89,464.71,76668029
QQQ,2025-03-11,467.63,474.77,463.08,68760771
QQQ,2025-03-12,472.9,477.01,467.82,46971082
QQQ,2025-03-13,464.39,472.27,462.5,46563349
QQQ,2025-03-14,475.62,476.51,469.13,43563010
QQQ,2025-03-17,478.7,481.75,473.78,41744354
QQQ,2025-03-18,470.54,475.57,468.43,39072265
QQQ,2025-03-19,476.84,481.24,470.87,40430334
QQQ,2025-03-20,475.22,480.47,472.17,36780549
QQQ,2025-03-21,476.79,477.55,468.92,42234874
QQQ,2025-03-24,487.25,488.1,481.04,34567186
QQQ,2025-03-25,490.03,490.19,487.01,26035241
QQQ,2025-03-26,481.02,489.73,479.47,35043357
QQQ,2025-03-27,478.27,483.2,476.91,33469817
QQQ,2025-03-28,465.68,477.18,464.8,46363797
QQQ,2025-03-31,465.66,466.6,454.15,52999898
QQQ,2025-04-01,469.42,470.34,461.19,41156226
QQQ,2025-04-02,472.84,476.23,462.62,49894489
QQQ,2025-04-03,447.53,456.87,447.01,70455738
QQQ,2025-04-04,419.73,437.31,419.73,117117172
QQQ,2025-04-07,420.75,440.06,399.6,161556970
QQQ,2025-04-08,413.17,440.06,406.94,101233138
QQQ,2025-04-09,462.76,464.58,412.54,142857727
QQQ,2025-04-10,443.08,452.43,429.63,108384092
QQQ,2025-04-11,451.24,452.62,438.26,52483779
QQQ,2025-04-14,454.3,461.82,449.49,43941179
QQQ,2025-04-15,454.81,459.17,452.98,35404210
QQQ,2025-04-16,441.09,449.48,434.72,48980552
QQQ,2025-04-17,441.02,444.64,438.29,44836453
QQQ,2025-04-21,430.1,436.03,424.96,44149313
QQQ,2025-04-22,441.39,444.47,434.58,52303763
QQQ,2025-04-23,451.4,460.16,449.73,55801136
QQQ,2025-04-24,464.1,464.41,452.66,45956136
QQQ,2025-04-25,469.28,469.8,462.16,38697063
QQQ,2025-04-28,469.13,471.51,462.79,33550778
QQQ,2025-04-29,472.23,473.12,466.33,30613120
QQQ,2025-04-30,472.17,473.89,459.22,46810610
QQQ,2025-05-01,478.33,483.8,477.4,43316539
QQQ,2025-05-02,485.43,487.5,481.46,39218082
QQQ,2025-05-05,482.55,485.63,480.74,28309490
QQQ,2025-05-06,478.07,481.68,474.87,32786310
QQQ,2025-05-07,479.94,482.43,473.47,38109864
QQQ,2025-05-08,484.9,489.28,480.81,39577592
QQQ,2025-05-09,484.58,488.13,482.82,27767416
QQQ,2025-05-12,504.32,504.36,498,45090616
QQQ,2025-05-13,512.01,513.8,504.89,53269573
QQQ,2025-05-14,515.08,515.62,512.17,47014516
QQQ,2025-05-15,515.64,518.3,511.59,50153275
QQQ,2025-05-16,517.89,518.08,513.51,48394603
QQQ,2025-05-19,518.38,518.9,510.67,52536154
QQQ,2025-05-20,516.66,517.31,513.07,42517561
QQQ,2025-05-21,509.48,519.37,507.69,71292831
QQQ,2025-05-22,510.43,514.11,508.74,55607169
QQQ,2025-05-23,505.7,508.28,502.07,58368075
QQQ,2025-05-27,517.6,518.09,511.02,47226323
QQQ,2025-05-28,515.31,520.04,514.79,46637175
QQQ,2025-05-29,516.32,522.82,513.73,58724069
QQQ,2025-05-30,515.5,517.06,508.37,67662836
QQQ,2025-06-02,519.58,519.81,512.39,44762817
QQQ,2025-06-03,523.64,525.07,519.06,44070330
QQQ,2025-06-04,525.1,526.16,522.32,41359322
QQQ,2025-06-05,521.15,529.35,519.03,61286623
QQQ,2025-06-06,526.24,528.11,524.54,42467021
QQQ,2025-06-09,527.01,528.65,525.34,33688671
QQQ,2025-06-10,530.5,531.18,525.22,40664795
QQQ,2025-06-11,528.71,533.05,526.43,53701033
QQQ,2025-06-12,529.95,530.93,527.15,34104887
QQQ,2025-06-13,523.3,528.18,522.08,55814443
QQQ,2025-06-16,530.58,531.65,526.77,37622051
QQQ,2025-06-17,525.41,529.62,524.24,42180866
QQQ,2025-06-18,525.32,528.85,523.74,43983522
QQQ,2025-06-20,523.17,529.85,521.23,61643519
QQQ,2025-06-23,528.55,529.07,520.6,50666146
QQQ,2025-06-24,536.63,537.55,533.14,45441982
QQQ,2025-06-25,538,540.14,536.24,44804168
QQQ,2025-06-26,543.04,543.48,538.36,43811432
QQQ,2025-06-27,544.89,546.78,541.37,57577147
QQQ,2025-06-30,548.42,549.58,545.81,45548742
QQQ,2025-07-01,543.8,547.5,541.48,56166736
QQQ,2025-07-02,547.59,547.79,542.94,36538281
QQQ,2025-07-03,552.98,553.95,549.95,26443524
QQQ,2025-07-07,548.81,551.11,546.38,45349323
QQQ,2025-07-08,549.12,550.78,547.89,36153258
QQQ,2025-07-09,553.01,554.38,549.88,43045534
QQQ,2025-07-10,552.21,554.05,549.53,34710913
QQQ,2025-07-11,550.97,552.55,548.83,39618635
QQQ,2025-07-14,552.97,553.7,548.41,36453314
QQQ,2025-07-15,553.47,557.53,553.41,43277661
QQQ,2025-07-16,554.04,556.94,548.34,52303155
QQQ,2025-07-17,558.52,559.03,553.96,40423344
QQQ,2025-07-18,557.99,561.43,556.72,50480824
QQQ,2025-07-21,560.88,562.76,558.78,39595214
QQQ,2025-07-22,557.98,561.06,555.35,43288647
QQQ,2025-07-23,560.52,560.56,556.32,40215259
QQQ,2025-07-24,561.72,562.94,560.01,42275541
QQQ,2025-07-25,563.07,564.39,560.98,30630614
QQQ,2025-07-28,564.83,565.72,563.57,31498739
QQQ,2025-07-29,563.95,568.77,563.23,45463317
QQQ,2025-07-30,564.71,567.29,561.76,43426423
QQQ,2025-07-31,561.72,571.28,560.58,64613590
QQQ,2025-08-01,550.65,555.76,548.46,69400789
QQQ,2025-08-04,560.81,561.03,555.69,47669751
QQQ,2025-08-05,557,563.26,556.47,48666640
QQQ,2025-08-06,564.01,564.45,557.36,41823677
QQQ,2025-08-07,565.92,569.98,561.82,44462972
QQQ,2025-08-08,571.2,571.42,566.83,35255472
QQQ,2025-08-11,569.51,573.44,568.24,33112917
QQQ,2025-08-12,576.67,576.97,569.15,42271441
QQQ,2025-08-13,576.96,579.92,575.56,41209294
QQQ,2025-08-14,576.51,578.49,574.54,45425043
QQQ,2025-08-15,573.97,576.46,572.22,49480161
QQQ,2025-08-18,573.75,574.4,571.89,29830957
QQQ,2025-08-19,565.96,573.2,564.94,53752635
QQQ,2025-08-20,562.6,565.14,555.58,76781087
QQQ,2025-08-21,560,563.19,557.71,46436899
QQQ,2025-08-22,568.64,570.64,559.99,51502129
QQQ,2025-08-25,566.99,569.94,565.84,34044749
QQQ,2025-08-26,569.27,569.58,565.48,34103014
QQQ,2025-08-27,570.15,571.06,567.04,36927144
QQQ,2025-08-28,573.72,574.63,569.12,46787857
QQQ,2025-08-29,567.07,571.68,565.23,56009920
QQQ,2025-09-02,562.32,562.67,556.27,65876765
QQQ,2025-09-03,566.75,568.36,563.42,54230213
QQQ,2025-09-04,571.88,572.24,565.71,47526280
QQQ,2025-09-05,572.7,577.73,568.2,68321394
QQQ,2025-09-08,575.5,577.45,574.4,46370954
QQQ,2025-09-09,577.13,577.55,573.68,44007592
QQQ,2025-09-10,577.31,580.37,575.18,49307959
QQQ,2025-09-11,580.67,581.47,578.23,44709014
QQQ,2025-09-12,583.24,584.43,580.69,50745886
QQQ,2025-09-15,588.23,588.34,584.87,44360315
QQQ,2025-09-16,587.73,589.4,587.05,36942130
QQQ,2025-09-17,586.56,588.3,580.96,69384820
QQQ,2025-09-18,591.85,594.65,589.5,61069293
QQQ,2025-09-19,595.86,596.55,592.38,58196109
QQQ,2025-09-22,599.38,600.05,594.92,57154769
QQQ,2025-09-23,595.4,599.75,594.19,64635486
QQQ,2025-09-24,593.31,597.09,590.58,49850301
QQQ,2025-09-25,590.75,592.33,585.75,70920209
QQQ,2025-09-26,593.18,593.51,588.3,54337416
QQQ,2025-09-29,595.93,599.23,594.62,48332934
QQQ,2025-09-30,597.56,597.9,593.31,46533814
QQQ,2025-10-01,600.43,600.97,593.55,46899612
QQQ,2025-10-02,602.9,604.32,600.11,43765410
QQQ,2025-10-03,600.36,604.48,598.57,46482098
QQQ,2025-10-06,604.87,606.51,603.14,42172115
QQQ,2025-10-07,601.68,606.86,600.21,58209463
QQQ,2025-10-08,608.58,608.89,602.43,50629754
QQQ,2025-10-09,607.84,608.75,604.64,45550958
QQQ,2025-10-10,586.74,610.31,586.29,97614783
QQQ,2025-10-13,599.19,600.13,594.44,65872584
QQQ,2025-10-14,595.2,599.87,587.37,69203187
QQQ,2025-10-15,599.4,603.86,593.14,62805456
QQQ,2025-10-16,597.18,605.46,592.71,70981963
QQQ,2025-10-17,601.11,602.68,593.58,72203372
QQQ,2025-10-20,608.68,609.93,604.23,45761697
QQQ,2025-10-21,608.52,609.86,606.47,44535178
QQQ,2025-10-22,602.66,608.55,596.93,61478802
QQQ,2025-10-23,607.72,608.51,601.69,42844298
QQQ,2025-10-24,614.21,615.53,612.25,47632473
QQQ,2025-10-27,625.15,625.61,621.11,54098611
QQQ,2025-10-28,629.96,631.71,626.31,61195733
QQQ,2025-10-29,632.8,634.03,627.3,67422576
QQQ,2025-10-30,623.12,630.54,623.01,61628511
QQQ,2025-10-31,626.13,631.23,623.76,66305047
QQQ,2025-11-03,629.12,632.85,626.9,37154307
QQQ,2025-11-04,616.35,624.02,615.56,63830768
QQQ,2025-11-05,620.36,623.67,614.32,48688484
QQQ,2025-11-06,608.81,619.13,607.45,72115128
QQQ,2025-11-07,606.89,607.1,595.87,81835388
QQQ,2025-11-10,620.31,621.39,614,55919931
QQQ,2025-11-11,618.66,619.81,614.63,44868841
QQQ,2025-11-12,618.17,621.94,614.92,47444384
QQQ,2025-11-13,605.55,615.23,603.24,71333634
QQQ,2025-11-14,606.01,610.48,594.38,80087291
QQQ,2025-11-17,600.84,609.62,597.06,63850367
QQQ,2025-11-18,593.52,599.49,588.57,83327279
QQQ,2025-11-19,597.06,603.32,591.81,73111487
QQQ,2025-11-20,582.93,611.16,582.01,117766195
QQQ,2025-11-21,587.31,594.19,578.02,103344155
QQQ,2025-11-24,602.33,603.84,592.38,60168149
QQQ,2025-11-25,606.04,607.41,594.53,57560867
QQQ,2025-11-26,611.4,613.31,607.53,42393598
QQQ,2025-11-28,616.35,616.42,612.54,23034394
QQQ,2025-12-01,614.28,616.54,609.65,40957588
QQQ,2025-12-02,619.09,620.83,614.7,54541834
QQQ,2025-12-03,620.6,621.3,615.14,47841627
QQQ,2025-12-04,620.03,622.02,616.64,47067751
QQQ,2025-12-05,622.55,625.98,620.79,53614169
QQQ,2025-12-08,621.36,625.9,618.78,43462406
QQQ,2025-12-09,622.13,622.94,618.1,37155999
QQQ,2025-12-10,624.67,626.27,618.09,55031384
QQQ,2025-12-11,622.65,622.85,614.83,58272844
QQQ,2025-12-12,610.75,620.62,608.5,75158726
QQQ,2025-12-15,607.68,615.53,606.47,49538197
QQQ,2025-12-16,608.89,610.64,604.07,55152819
QQQ,2025-12-17,597.6,610.78,597.47,70654327
QQQ,2025-12-18,606.26,610.06,604.08,78875824
QQQ,2025-12-19,614.16,614.73,609.01,60369829
QQQ,2025-12-22,617.11,619.54,615.67,43703101
QQQ,2025-12-23,620,620.3,615.68,41120445
QQQ,2025-12-24,621.81,622.16,619.61,18468707
QQQ,2025-12-26,621.77,623.39,621.02,28959778
QQQ,2025-12-29,618.76,620.67,616.63,32458308
QQQ,2025-12-30,617.33,620.07,617.11,31226754
QQQ,2025-12-31,612.22,617.86,611.97,40746527
QQQ,2026-01-02,611.04,620.74,608.08,61859163
QQQ,2026-01-05,615.89,618.7,614.63,46680984
QQQ,2026-01-06,621.3,621.9,616.44,43137520
QQQ,2026-01-07,621.9,625.81,620.45,44880339
QQQ,2026-01-08,618.36,621.3,615.7,50435941
QQQ,2026-01-09,624.52,625.76,616.96,49688734
QQQ,2026-01-12,625.04,626.71,620.15,37388651
QQQ,2026-01-13,624.11,627.33,621.58,44481380
QQQ,2026-01-14,617.45,621.33,612.47,72598700
QQQ,2026-01-15,619.67,627.86,618.64,53934892
QQQ,2026-01-16,619.15,623.95,616.78,61058094
QQQ,2026-01-20,606,612.97,604.99,81988898
QQQ,2026-01-21,614.19,618.31,605.8,79837881
QQQ,2026-01-22,618.65,620.35,615.68,42254757
QQQ,2026-01-23,620.61,623.28,616.55,43645825
QQQ,2026-01-26,623.34,625.48,620.01,35983008
QQQ,2026-01-27,628.99,629.9,625.21,38997212
QQQ,2026-01-28,631.07,634.44,629.66,50691691
QQQ,2026-01-29,627.29,631.52,616.17,79944047
QQQ,2026-01-30,619.76,626.12,617.19,65650714
QQQ,2026-02-02,624.01,626.36,616.56,49020292
QQQ,2026-02-03,614.43,627.84,608.89,81233969
QQQ,2026-02-04,603.69,613.01,598.43,81850748
QQQ,2026-02-05,595,602.76,592.74,89354492
QQQ,2026-02-06,607.58,609.33,596.74,78019338
QQQ,2026-02-09,612.23,614.37,603.02,56797557
QQQ,2026-02-10,609.39,614.93,608.94,53938859
QQQ,2026-02-11,611.03,615.42,605.63,58575101
QQQ,2026-02-12,598.6,613.72,597.53,81378903
QQQ,2026-02-13,599.88,604.42,594.4,69237547
QQQ,2026-02-17,599.26,601.9,591.33,69013763
QQQ,2026-02-18,603.73,607.7,598.68,64250668
QQQ,2026-02-19,601.42,603.76,598.71,60960839
QQQ,2026-02-20,606.74,608.28,597.2,74127323
QQQ,2026-02-23,599.37,605.95,597.02,64081578
QQQ,2026-02-24,605.81,606.92,597.69,55208211
QQQ,2026-02-25,614.59,614.74,608.93,55901647
QQQ,2026-02-26,607.17,613.5,601.93,96373229
QQQ,2026-02-27,605.23,606.25,600.15,68321763
QQQ,2026-03-02,606.03,607.85,595.96,75491851
QQQ,2026-03-03,599.54,601.91,589.86,97161036
QQQ,2026-03-04,608.68,610.8,601.38,71132195
QQQ,2026-03-05,606.84,610.68,600.22,89805388
QQQ,2026-03-06,597.71,603.94,596.3,86499838
QQQ,2026-03-09,605.7,607.2,589.32,93301445
QQQ,2026-03-10,605.71,611.21,603.36,64287780
QQQ,2026-03-11,605.63,610.35,602.98,60311178
QQQ,2026-03-12,595.23,602.09,595.02,72035364
QQQ,2026-03-13,591.7,601.55,590.56,63353549
QQQ,2026-03-16,598.34,601.81,597.08,49292890
QQQ,2026-03-17,601.26,603.84,599.83,47290016
QQQ,2026-03-18,592.88,601.11,592.54,56322801
QQQ,2026-03-19,591.01,593.78,585.09,75801535
QQQ,2026-03-20,580.08,589.16,576.58,92182061
QQQ,2026-03-23,586.74,593.81,584.71,90168988
QQQ,2026-03-24,582.73,586.67,580.69,57950425
QQQ,2026-03-25,586.56,590.11,584.44,60669208
QQQ,2026-03-26,572.56,583.38,572.2,81695752
QQQ,2026-03-27,561.38,569.8,560.37,82919838
QQQ,2026-03-30,557.09,566.84,554.41,70829885
QQQ,2026-03-31,575.95,577.4,563,96077732
QQQ,2026-04-01,583.06,586.48,579.18,79637608
QQQ,2026-04-02,583.73,584.8,570.7,51134459
QQQ,2026-04-06,587.24,589.35,583.44,35335045
QQQ,2026-04-07,587.33,587.72,577.16,50149078
QQQ,2026-04-08,604.79,608.6,600.83,63276468
QQQ,2026-04-09,608.88,609.19,601.74,38015692
QQQ,2026-04-10,609.76,612.36,608.28,34226288
QQQ,2026-04-13,616.07,625.4,606.81,33181579
QQQ,2026-04-14,627.26,627.26,618.77,50110064
QQQ,2026-04-15,636.04,636.47,626.86,50298595
QQQ,2026-04-16,639.1,640.81,633.9,42508118
QQQ,2026-04-17,647.46,648.61,642.69,53683354
QQQ,2026-04-20,645.41,647.37,641.15,37199532
QQQ,2026-04-21,642.95,648.81,640.84,39777578
QQQ,2026-04-22,653.71,653.93,647.13,37556607
QQQ,2026-04-23,650.03,655.51,644.14,40298058
QQQ,2026-04-24,662.46,663.09,655.13,45679889
QQQ,2026-04-27,662.81,663.01,659.28,32779242
QQQ,2026-04-28,656.14,658.23,652.41,34350368
QQQ,2026-04-29,660.16,660.3,655.19,31871952
QQQ,2026-04-30,666.31,667.47,656.15,40756052
QQQ,2026-05-01,672.71,674.52,667.37,39310559
QQQ,2026-05-04,671.44,675.28,667.47,34691789
QQQ,2026-05-05,680.15,681.31,676.06,37236247
QQQ,2026-05-06,694.28,694.44,685.01,38924917
QQQ,2026-05-07,693.45,699.74,690.29,43920820
QQQ,2026-05-08,709.71,709.71,698,44473535
QQQ,2026-05-11,711.76,713.06,707.39,36206650
QQQ,2026-05-12,705.73,708.66,695.15,46036764
QQQ,2026-05-13,713.18,715.12,703.32,40166020
QQQ,2026-05-14,718.25,720.49,712.69,33481364
QQQ,2026-05-15,707.41,713.6,704.04,51965148
QQQ,2026-05-18,704.37,710.55,697.36,50025890
QQQ,2026-05-19,700.03,704.98,693.76,46986377
QQQ,2026-05-20,711.62,711.62,702.28,36933905
QQQ,2026-05-21,712.98,715.59,705.26,36571423
QQQ,2026-05-22,716.01,720.58,714.42,33287345
QQQ,2026-05-26,728.72,729.61,722.61,34470924
QQQ,2026-05-27,727.89,731.75,723.89,35325379
QQQ,2026-05-28,734.03,735.02,724.86,33009342
QQQ,2026-05-29,736.73,740.04,733.68,37723619
QQQ,2026-06-01,741.15,744.06,734.42,34120302
QQQ,2026-06-02,744.56,744.84,737.65,30270214
QQQ,2026-06-03,742.62,747.05,739.43,40456726
QQQ,2026-06-04,739.03,741.91,731.05,40965116
QQQ,2026-06-05,703.55,730.13,702.81,99828731
QQQ,2026-06-08,714.54,721.48,711.54,47619570
QQQ,2026-06-09,706.32,724.11,684.9,92073922
QQQ,2026-06-10,692.21,709.76,691.45,65524808
QQQ,2026-06-11,715.59,716.84,693.51,71976381
QQQ,2026-06-12,719.8,722.46,709.76,51428388
QQQ,2026-06-15,742.41,743.17,735.8,46933005
QQQ,2026-06-16,728.3,742.63,728.08,45537235
QQQ,2026-06-17,720.96,734.11,719.31,52051227
QQQ,2026-06-18,739.04,740.23,730.94,50508986
QQQ,2026-06-22,737.18,744.67,733.63,43759956
QQQ,2026-06-23,712.91,722.86,711.37,53550278
QQQ,2026-06-24,709.88,719.18,703.72,52665626
QQQ,2026-06-25,715.63,726.07,704.57,50327101
QQQ,2026-06-26,705.78,714.81,702.08,47271660
QQQ,2026-06-29,723.33,723.83,704.44,45276538
QQQ,2026-06-30,735.63,736.85,723.16,42306635
QQQ,2026-07-01,724.41,731.16,723.85,41001262
QQQ,2026-07-02,711.86,730.07,706.82,51281435
QQQ,2026-07-06,722.07,725.32,717.7,30454611
QQQ,2026-07-07,708.69,715.6,704.17,42677770
QQQ,2026-07-08,710.7,711.52,700.18,35787848
QQQ,2026-07-09,722.53,723.48,714.38,33826749
QQQ,2026-07-10,724.75,725.63,716.25,26605173
QQQ,2026-07-13,711,717.99,709.34,36770660
QQQ,2026-07-14,718.94,721.54,713.6,29622333
QQQ,2026-07-15,716.99,723.61,709.49,32812430
QQQ,2026-07-16,705.2,712.86,701.88,39586910
QQQ,2026-07-17,694.61,701.57,686.04,54306136
QQQ,2026-07-20,695.34,705.06,694.79,29891050
QQQ,2026-07-21,708.23,709.31,702.07,33901626
QQQ,2026-07-22,704.62,708.91,702.89,23863333
QQQ,2026-07-23,691.24,697.93,687.07,44215945
QQQ,2026-07-24,683.52,691.91,681.77,43059137
QQQ,2026-07-27,681.41,691.58,675.24,42895615
QQQ,2026-07-28,674.79,678.69,667.18,51579967
QQQ,2026-07-29,661.04,679.34,660.45,57414433
QQQ,2026-07-30,682.84,684.41,672.6,66920022
QQQ,2026-07-31,687.27,695.05,679.34,50715774
QQQ,2026-08-03,699.34,700.86,685.11,45170192
QQQ,2026-08-04,723.1,724.9,706.79,59948149
QQQ,2026-08-05,716.55,727.78,716.17,33715462
QQQ,2026-08-06,713.91,718.57,707.76,33201840
QQQ,2026-08-07,722.28,722.88,715.76,31239539
QQQ,2026-08-10,720.12,723.92,719.58,26444234
QQQ,2026-08-11,717.7,722.6,714.75,29452625
QQQ,2026-08-12,722.95,726.49,722.17,29229923
QQQ,2026-08-13,731.31,733.2,723.28,31764441
QQQ,2026-08-14,730.31,733.63,727.56,23967013
QQQ,2026-08-17,729.11,733.81,728.51,26655147
QQQ,2026-08-18,716.76,721.38,715.17,49173071
QQQ,2026-08-19,715.33,720.75,711.87,35971998
QQQ,2026-08-20,710.19,714.2,707.78,32805327
QQQ,2026-08-21,712.7,714.93,708.46,33572671
QQQ,2026-08-24,705.58,709.05,701.97,37732948
QQQ,2026-08-25,709.98,713.3,706.71,24035386
QQQ,2026-08-26,710.63,712.28,707.23,20560410
QQQ,2026-08-27,720.36,720.6,713.78,28881899
QQQ,2026-08-28,715.68,723.37,714.34,34274930
QQQ,2026-08-31,716.01,716.83,712.42,32457615
QQQ,2026-09-01,706.9,711.56,703.93,35412823
QQQ,2026-09-02,708.5,709.06,704.37,23649221
QQQ,2026-09-03,716.92,718.17,708.95,29605900
QQQ,2026-09-04,718.21,721.11,715.81,33032085
QQQ,2026-09-08,717.61,721.13,714.82,28574813
QQQ,2026-09-09,715.56,718.95,713.28,26962497
QQQ,2026-09-10,707.95,711.32,706.12,31606849
QQQ,2026-09-11,714.14,716.88,712.89,26840235
QQQ,2026-09-14,708.44,712.21,702.01,35438003
QQQ,2026-09-15,703.81,708.79,702.9,26843591
QQQ,2026-09-16,703.99,711.14,699.27,35817025
QQQ,2026-09-17,716.17,717.29,712.58,37399770
QQQ,2026-09-18,720.7,720.98,714.34,48626900
QQQ,2026-09-21,741.47,743.22,727.81,46894554
QQQ,2026-09-22,747.46,748.349,740.94,40283455
QQQ,2026-09-23,741.21,747.13,738.191,33330340
QQQ,2026-09-24,741.1,742.66,734.62,29091669
QQQ,2026-09-25,744.5,745.915,739.64,30392820
QQQ,2026-09-28,736.53,741.42,731.63,41910459
QQQ,2026-09-29,737.93,740.5799,735.34,27212834
QQQ,2026-09-30,739.77,745.1,739.46,29986429
QQQ,2026-10-01,742.03,744.67,736.25,35902346
QQQ,2026-10-02,749.58,754.54,747.53,34674097
XLV,2024-10-01,148.05,149.15,147.49,10560380
XLV,2024-10-02,147.75,148.21,146.75,7158480
XLV,2024-10-03,146.42,147.52,146.14,5550985
XLV,2024-10-04,146.53,146.9,145.8,6591450
XLV,2024-10-07,145.88,146.99,145.61,5922859
XLV,2024-10-08,146.68,146.91,146.14,4726590
XLV,2024-10-09,148.17,148.29,146.46,7840031
XLV,2024-10-10,147.62,148.29,147.26,4385633
XLV,2024-10-11,148.71,148.88,147.87,9354102
XLV,2024-10-14,149.53,149.79,148.36,4819781
XLV,2024-10-15,147.7,149.38,147.37,9088576
XLV,2024-10-16,148.12,148.43,147.11,4510189
XLV,2024-10-17,147.26,147.86,147.16,5430044
XLV,2024-10-18,147.97,148.32,146.94,9823968
XLV,2024-10-21,146.23,147.98,146.09,4825870
XLV,2024-10-22,146.02,146.29,145.33,5166889
XLV,2024-10-23,145.33,145.84,144.56,4910436
XLV,2024-10-24,144.38,145.92,144.34,5066266
XLV,2024-10-25,143.58,144.95,143.42,5314527
XLV,2024-10-28,143.8,144.45,143.61,4923484
XLV,2024-10-29,143.4,144.29,143.33,7342579
XLV,2024-10-30,143.13,143.18,140.71,9211829
XLV,2024-10-31,141.92,142.95,141.89,6701204
XLV,2024-11-01,142.76,143.47,142.46,6896929
XLV,2024-11-04,141.83,143.1,141.54,5985990
XLV,2024-11-05,142.87,142.91,141.02,5035268
XLV,2024-11-06,143.05,145.83,142.39,10685862
XLV,2024-11-07,144.09,144.26,143.22,9381574
XLV,2024-11-08,145.12,145.86,144.12,8701068
XLV,2024-11-11,144.27,145.53,144.06,6072124
XLV,2024-11-12,142.26,144.28,142.23,7022700
XLV,2024-11-13,141.88,142.63,141.73,5981289
XLV,2024-11-14,139.65,141.65,139.5,7936741
XLV,2024-11-15,137.06,139,136.8,14246068
XLV,2024-11-18,137.16,137.3,136.55,7933235
XLV,2024-11-19,136.45,136.84,135.53,6205830
XLV,2024-11-20,138.07,138.26,136.52,9328748
XLV,2024-11-21,139.18,139.37,137.35,7969570
XLV,2024-11-22,139.3,140.13,139.09,6330311
XLV,2024-11-25,140.49,140.94,139.91,6834366
XLV,2024-11-26,141.25,141.4,139.82,6018641
XLV,2024-11-27,142,142.78,141.38,5953240
XLV,2024-11-29,142.44,142.81,141.77,3521247
XLV,2024-12-02,142.19,142.41,141.46,6220907
XLV,2024-12-03,141.87,142.46,141.8,4236349
XLV,2024-12-04,141.8,142.61,141.43,5597844
XLV,2024-12-05,140.21,141.32,139.95,8948940
XLV,2024-12-06,139.42,140.56,139.25,6545159
XLV,2024-12-09,139.82,140.2,139.07,6258634
XLV,2024-12-10,139.25,140.21,138.78,7200614
XLV,2024-12-11,137.35,138.8,137.32,6895008
XLV,2024-12-12,136.26,137.74,136.16,5994213
XLV,2024-12-13,136.24,136.68,135.41,7599399
XLV,2024-12-16,134.62,136.88,134.51,9476630
XLV,2024-12-17,134.52,135.52,133.93,10280072
XLV,2024-12-18,132.69,135.32,132.6,14448057
XLV,2024-12-19,131.69,133.16,131.36,11929337
XLV,2024-12-20,133.35,134.6,132.43,12098414
XLV,2024-12-23,134.68,134.87,132.97,8050472
XLV,2024-12-24,135.24,135.24,133.99,3139251
XLV,2024-12-26,135.51,135.62,134.61,4720422
XLV,2024-12-27,134.88,135.71,134.3,5948122
XLV,2024-12-30,133.22,134.1,132.72,6890556
XLV,2024-12-31,133.54,134.07,132.77,6627203
XLV,2025-01-02,133.58,134.7,133.1,8973032
XLV,2025-01-03,134.89,135.26,133.7,8289345
XLV,2025-01-06,134.94,135.93,134.5,8653497
XLV,2025-01-07,135.61,136.8,135.27,12639744
XLV,2025-01-08,136.31,136.51,134.62,7827396
XLV,2025-01-10,135.55,136.82,135.27,10344054
XLV,2025-01-13,137.31,137.66,135.57,9422242
XLV,2025-01-14,135.9,137.13,134.81,10277827
XLV,2025-01-15,136.45,137.1,135.67,11388426
XLV,2025-01-16,136.99,137.2,135.49,8512136
XLV,2025-01-17,136.07,137.25,136.07,7668273
XLV,2025-01-21,138.32,138.33,136.77,7257829
XLV,2025-01-22,138.01,138.45,136.99,8189904
XLV,2025-01-23,139.86,139.87,137.71,8032946
XLV,2025-01-24,140.08,140.37,139.07,8127872
XLV,2025-01-27,143.22,143.25,140.72,12311304
XLV,2025-01-28,142.22,143.41,142.19,9686428
XLV,2025-01-29,141.39,142.28,141.04,8159200
XLV,2025-01-30,143.02,143.41,141.95,7705191
XLV,2025-01-31,142.56,144.23,142.51,9213355
XLV,2025-02-03,143.12,143.82,141.66,12894148
XLV,2025-02-04,142.73,142.88,141.32,11558569
XLV,2025-02-05,144.1,144.35,142.79,10042275
XLV,2025-02-06,142.81,144.11,142.59,12422219
XLV,2025-02-07,142.14,143.58,142.03,10373485
XLV,2025-02-10,142.01,142.35,141.2,7339149
XLV,2025-02-11,141.75,142.03,141.18,6635040
XLV,2025-02-12,141.54,142.31,141.11,7572280
XLV,2025-02-13,142.1,142.41,140.9,6293261
XLV,2025-02-14,140.55,142.4,140.55,5299228
XLV,2025-02-18,140.28,140.64,139.62,11366845
XLV,2025-02-19,142.11,142.15,140.26,6252919
XLV,2025-02-20,142.9,142.98,141.82,6264773
XLV,2025-02-21,142.14,142.83,141.08,8646974
XLV,2025-02-24,143.29,143.87,141.98,7559370
XLV,2025-02-25,144.52,144.71,143.09,11981261
XLV,2025-02-26,143.49,144.58,143.02,6566828
XLV,2025-02-27,142.9,144.54,142.85,7377044
XLV,2025-02-28,144.56,144.79,142.2,8453744
XLV,2025-03-03,145.19,145.91,144.59,9459273
XLV,2025-03-04,143.85,145.67,143.63,10804677
XLV,2025-03-05,145.29,145.51,142.92,7597734
XLV,2025-03-06,144.89,145.1,143.59,7122176
XLV,2025-03-07,144.9,145.88,144.09,8532510
XLV,2025-03-10,143.34,145.51,143.02,13577787
XLV,2025-03-11,141.78,143.55,141.03,9411939
XLV,2025-03-12,140.36,141.71,139.89,7141081
XLV,2025-03-13,139.61,140.82,139.28,8041574
XLV,2025-03-14,140.68,140.89,139.21,6761296
XLV,2025-03-17,142.47,142.8,140.48,6017373
XLV,2025-03-18,142.53,142.75,141.76,5528032
XLV,2025-03-19,142.61,142.99,141.62,6156298
XLV,2025-03-20,142.7,143.31,142.21,8034118
XLV,2025-03-21,142.3,142.55,141.46,7635316
XLV,2025-03-24,143.39,143.62,142.37,6500813
XLV,2025-03-25,141.56,143.82,140.66,6502030
XLV,2025-03-26,141.04,142.24,140.7,8759221
XLV,2025-03-27,141.26,141.7,140.77,6264332
XLV,2025-03-28,140.83,141.53,140.76,6210808
XLV,2025-03-31,142.28,142.87,139.81,8085570
XLV,2025-04-01,139.68,141.76,139.24,9906066
XLV,2025-04-02,140.61,140.71,138.55,6392678
XLV,2025-04-03,139.47,141.48,139.39,10990921
XLV,2025-04-04,131.82,138.09,131.77,21341039
XLV,2025-04-07,131.03,133.86,126.35,29940306
XLV,2025-04-08,129.58,135.87,127.92,20855791
XLV,2025-04-09,135.21,135.68,126.36,39435132
XLV,2025-04-10,131.44,134.22,127.97,21957352
XLV,2025-04-11,133.37,134.24,130.23,10755630
XLV,2025-04-14,135,135.49,133.46,7437345
XLV,2025-04-15,134.17,135.49,133.78,6239000
XLV,2025-04-16,132.81,135.08,132.17,8150800
XLV,2025-04-17,132.03,133.08,131.65,9662773
XLV,2025-04-21,129.18,131.9,128.2,6456085
XLV,2025-04-22,131.61,131.82,129.73,8011402
XLV,2025-04-23,132.26,134.4,131.68,9503247
XLV,2025-04-24,133.88,134.02,131.67,5432961
XLV,2025-04-25,134.52,134.67,132.41,6438431
XLV,2025-04-28,135.06,135.48,133.89,5803428
XLV,2025-04-29,135.72,136.39,134.21,7812100
XLV,2025-04-30,136.88,137.2,134.73,6827847
XLV,2025-05-01,133.15,135.55,132.98,10363184
XLV,2025-05-02,134.99,135.46,134.03,9777135
XLV,2025-05-05,134.61,135.13,134.06,5479960
XLV,2025-05-06,130.9,133.68,130.54,11625944
XLV,2025-05-07,131.9,132.28,130.96,6440514
XLV,2025-05-08,130.71,131.87,130.27,10558242
XLV,2025-05-09,129.29,131.32,129.23,7555209
XLV,2025-05-12,132.48,132.65,129.25,15211487
XLV,2025-05-13,128.5,130.52,128.46,17816962
XLV,2025-05-14,125.48,129.16,125.39,19579482
XLV,2025-05-15,127.12,127.2,124.09,18792674
XLV,2025-05-16,129.69,129.74,126.98,12901782
XLV,2025-05-19,130.93,131,129.25,11645235
XLV,2025-05-20,131.26,131.64,130.75,11644698
XLV,2025-05-21,128.22,130.71,128.16,16635924
XLV,2025-05-22,127.21,127.88,126.66,12722641
XLV,2025-05-23,127.01,127.26,126.23,9127098
XLV,2025-05-27,128.78,129.01,127.81,12304443
XLV,2025-05-28,128.12,129.19,127.78,11087470
XLV,2025-05-29,128.98,129.37,127.93,10673735
XLV,2025-05-30,129.25,129.93,127.53,11651333
XLV,2025-06-02,129.33,129.39,127.76,11845031
XLV,2025-06-03,129.63,130.11,128.36,14304622
XLV,2025-06-04,129.88,130.9,129.88,9986080
XLV,2025-06-05,129.71,130.48,129.18,13705543
XLV,2025-06-06,130.94,131.39,130.37,9153482
XLV,2025-06-09,130.72,131.36,129.98,9976863
XLV,2025-06-10,132.21,132.61,130.82,11488020
XLV,2025-06-11,132.28,133.08,131.88,13644041
XLV,2025-06-12,133.31,133.34,132.02,9809545
XLV,2025-06-13,132.65,133.82,132.21,13722759
XLV,2025-06-16,132.24,133.33,131.63,14170992
XLV,2025-06-17,130.06,131.95,129.88,13506002
XLV,2025-06-18,129.83,130.69,129.1,12185261
XLV,2025-06-20,129.21,130.38,129.02,13745102
XLV,2025-06-23,129.4,129.96,128.24,14181644
XLV,2025-06-24,130.98,131.28,129.24,11272914
XLV,2025-06-25,131.1,131.49,129.99,11996841
XLV,2025-06-26,131.41,132.33,130.95,13177723
XLV,2025-06-27,131.13,132.3,130.9,13818457
XLV,2025-06-30,131.97,132.13,131,12407654
XLV,2025-07-01,133.85,134.88,131.65,21204317
XLV,2025-07-02,132.53,133.44,132.41,13720388
XLV,2025-07-03,132.67,133.06,132.34,7282662
XLV,2025-07-07,131.55,132.62,130.86,14052702
XLV,2025-07-08,132.15,133.37,131.21,19486044
XLV,2025-07-09,132.66,133.08,131.61,13963895
XLV,2025-07-10,133.47,134.75,132.18,17665054
XLV,2025-07-11,132.36,133.04,131.54,14246953
XLV,2025-07-14,132.21,132.48,131.59,11095395
XLV,2025-07-15,129.83,132.64,129.7,17095552
XLV,2025-07-16,131.44,131.6,130.22,14137486
XLV,2025-07-17,129.94,130.88,129.51,15740942
XLV,2025-07-18,129.08,130.45,128.91,13245079
XLV,2025-07-21,128.35,129.55,128.28,9468736
XLV,2025-07-22,130.74,131.01,128.56,16681891
XLV,2025-07-23,133.42,133.46,131.98,16623992
XLV,2025-07-24,132.92,134.07,132.71,11054765
XLV,2025-07-25,133.63,133.84,132.9,9540321
XLV,2025-07-28,132.46,133.53,132.11,9780254
XLV,2025-07-29,131.62,132.27,130.16,14967647
XLV,2025-07-30,131.38,132.36,130.85,11634227
XLV,2025-07-31,127.7,131,127.26,26441560
XLV,2025-08-01,128.39,128.65,127.14,20736159
XLV,2025-08-04,130.23,130.28,128.61,11331033
XLV,2025-08-05,129.73,130.17,129.28,14319632
XLV,2025-08-06,127.78,129.29,127.62,14342796
XLV,2025-08-07,126.31,127.52,125.28,24421932
XLV,2025-08-08,127.44,127.71,126.52,13747116
XLV,2025-08-11,127.57,128.57,127.42,14473985
XLV,2025-08-12,128.45,128.49,127.41,17221273
XLV,2025-08-13,130.5,130.58,128.9,15069862
XLV,2025-08-14,131.16,131.3,129.64,15463979
XLV,2025-08-15,133.36,133.74,132.35,13929623
XLV,2025-08-18,133.05,134.32,132.97,12572019
XLV,2025-08-19,133.9,134.35,132.94,13578230
XLV,2025-08-20,134.62,135.31,134.14,14607012
XLV,2025-08-21,134.17,135.56,134.08,13218890
XLV,2025-08-22,135.28,136.11,134.92,11898622
XLV,2025-08-25,133.35,135.37,133.25,10680951
XLV,2025-08-26,134.18,134.3,133.49,11397519
XLV,2025-08-27,134.11,134.83,133.87,8321680
XLV,2025-08-28,133.58,133.99,132.92,9165745
XLV,2025-08-29,134.56,134.59,133.52,9652487
XLV,2025-09-02,134.68,134.86,133.61,13325289
XLV,2025-09-03,134.05,134.88,133.39,12585986
XLV,2025-09-04,134.56,134.59,133.23,11778622
XLV,2025-09-05,135.02,135.48,134.18,14646453
XLV,2025-09-08,134.97,134.98,133.52,15753324
XLV,2025-09-09,135.69,136.06,134.84,12249641
XLV,2025-09-10,134.46,135.61,133.94,13588587
XLV,2025-09-11,136.8,137.07,135.01,16467715
XLV,2025-09-12,135.22,136.89,135.21,11345384
XLV,2025-09-15,134.07,135.64,133.8,11233821
XLV,2025-09-16,134.07,134.52,133.68,12443784
XLV,2025-09-17,134.33,135.4,133.98,12501479
XLV,2025-09-18,134.6,135.06,134.03,11472923
XLV,2025-09-19,134.42,135.02,134.31,11281215
XLV,2025-09-22,134.38,135,133.65,9732678
XLV,2025-09-23,134.69,135.09,133.91,9902975
XLV,2025-09-24,134.15,134.81,133.92,7472029
XLV,2025-09-25,131.93,133.94,131.53,14099731
XLV,2025-09-26,133.27,133.39,132.43,10070970
XLV,2025-09-29,133.67,133.74,132.52,7735785
XLV,2025-09-30,136.88,137.2,133.44,19313484
XLV,2025-10-01,141.11,141.37,137.31,23657940
XLV,2025-10-02,140.84,141.21,139.81,15176210
XLV,2025-10-03,142.44,143.73,141.2,15829184
XLV,2025-10-06,141.75,142.68,141.6,12879875
XLV,2025-10-07,141.86,142.28,140.93,12479060
XLV,2025-10-08,142.13,142.58,141.65,8925752
XLV,2025-10-09,141.82,142.86,141.59,7657022
XLV,2025-10-10,139.77,142.36,139.61,13350120
XLV,2025-10-13,139.62,140.59,139.3,8257651
XLV,2025-10-14,140,140.51,138.73,10044898
XLV,2025-10-15,140.22,140.9,139.04,7260807
XLV,2025-10-16,139.98,141.28,139.63,11194125
XLV,2025-10-17,140.92,141.06,139.06,8160283
XLV,2025-10-20,142.41,142.61,141.2,8435874
XLV,2025-10-21,142.74,143.23,141.97,9028673
XLV,2025-10-22,143.56,144.32,143.15,12697036
XLV,2025-10-23,143.64,144.1,142.98,7924931
XLV,2025-10-24,143.63,144.35,143.48,7007605
XLV,2025-10-27,143.96,144.04,142.83,6466708
XLV,2025-10-28,143.06,144.13,142.8,8647931
XLV,2025-10-29,141.61,143.05,141.21,12416716
XLV,2025-10-30,141.93,143.05,141.41,10756064
XLV,2025-10-31,141.88,142.12,140.35,10581161
XLV,2025-11-03,142.08,142.18,140.48,12279262
XLV,2025-11-04,142.72,143.09,141.13,14182235
XLV,2025-11-05,143.27,143.86,142.01,13154600
XLV,2025-11-06,143.54,143.71,142.56,14395750
XLV,2025-11-07,143.74,143.75,142.34,14522910
XLV,2025-11-10,144.86,145,143.33,12305941
XLV,2025-11-11,148.2,148.34,145.17,12659543
XLV,2025-11-12,150.31,150.64,148.24,17847485
XLV,2025-11-13,150.23,151.98,149.36,21807600
XLV,2025-11-14,149.33,150.4,148.71,15468941
XLV,2025-11-17,149.21,150.8,148.66,17516532
XLV,2025-11-18,150.08,150.61,148.67,24494241
XLV,2025-11-19,149.83,150.42,149.08,17352598
XLV,2025-11-20,148.93,150.82,148.64,25278517
XLV,2025-11-21,152.07,153.15,149.22,25526095
XLV,2025-11-24,152.71,153.59,151.94,17928640
XLV,2025-11-25,156.16,156.28,153.21,17298557
XLV,2025-11-26,155.82,156.34,155.56,12399075
XLV,2025-11-28,155.06,155.65,154.58,8559710
XLV,2025-12-01,152.74,155.27,152.62,17321233
XLV,2025-12-02,151.82,152.91,151.6,16150322
XLV,2025-12-03,152.53,153.22,152.12,12724849
XLV,2025-12-04,151.37,152.48,150.85,13674602
XLV,2025-12-05,150.74,152.09,150.45,8868992
XLV,2025-12-08,148.94,150.9,148.71,10996043
XLV,2025-12-09,147.5,150.17,147.39,11543305
XLV,2025-12-10,149.64,149.68,147.41,15534765
XLV,2025-12-11,151.06,151.76,149.76,14703435
XLV,2025-12-12,151.53,152.02,150.89,13175937
XLV,2025-12-15,153.53,153.74,151.9,14681832
XLV,2025-12-16,151.54,153.55,150.57,12491637
XLV,2025-12-17,151.26,152.24,151.14,9093708
XLV,2025-12-18,151.38,152.62,151.15,8876431
XLV,2025-12-19,152.39,153.21,151.39,8571505
XLV,2025-12-22,153.4,153.47,151.92,7063672
XLV,2025-12-23,153.09,153.75,152.75,7465847
XLV,2025-12-24,153.89,154.03,153.25,3085686
XLV,2025-12-26,154.14,154.21,153.45,4439338
XLV,2025-12-29,153.9,154.57,153.77,6357305
XLV,2025-12-30,153.77,154.07,153.29,4355090
XLV,2025-12-31,152.9,153.93,152.87,4199871
XLV,2026-01-02,153.61,153.66,151.69,10997959
XLV,2026-01-05,153.14,153.49,151.1,17736586
XLV,2026-01-06,156.15,156.39,153.24,17783789
XLV,2026-01-07,157.7,158.62,156.6,14505685
XLV,2026-01-08,156.18,158.53,155.67,17610979
XLV,2026-01-09,155.38,156.98,155.33,12352031
XLV,2026-01-12,155.45,155.57,154.1,12250050
XLV,2026-01-13,154.82,155.74,153.83,11756519
XLV,2026-01-14,155.93,156.05,154.56,13516844
XLV,2026-01-15,155.04,155.52,153.47,15303752
XLV,2026-01-16,153.83,155.05,153.8,11950342
XLV,2026-01-20,153.5,154.01,151.35,12775604
XLV,2026-01-21,156.32,156.57,153.24,16393897
XLV,2026-01-22,156.35,157.28,155.57,10881377
XLV,2026-01-23,155.55,156.44,154.74,10191324
XLV,2026-01-26,156.16,156.39,154.98,6810415
XLV,2026-01-27,153.55,155.17,153.23,12697519
XLV,2026-01-28,152.42,153.25,151.59,11426592
XLV,2026-01-29,151.94,152.78,151.62,12167310
XLV,2026-01-30,152.84,153.03,151.41,11863923
XLV,2026-02-02,153.78,154.1,152.51,11005278
XLV,2026-02-03,152.21,155.2,151.97,21141876
XLV,2026-02-04,154.12,154.85,152.34,22951614
XLV,2026-02-05,152.94,155.05,152.79,21421561
XLV,2026-02-06,155.78,155.86,154,13616185
XLV,2026-02-09,154.41,156.21,154.12,11822965
XLV,2026-02-10,153.43,155.24,153.34,11103681
XLV,2026-02-11,154.34,154.46,152.49,11738571
XLV,2026-02-12,154.09,155.49,153.58,19409285
XLV,2026-02-13,155.74,156.85,154.6,16647937
XLV,2026-02-17,155.44,156.96,155.21,14881059
XLV,2026-02-18,155.74,155.87,154.56,11886340
XLV,2026-02-19,155.33,155.79,154.27,11227277
XLV,2026-02-20,154.9,155.32,153.96,13368518
XLV,2026-02-23,156.6,156.74,155.21,17055561
XLV,2026-02-24,155.94,156.56,155.38,12889137
XLV,2026-02-25,155.9,157.28,155.69,11013386
XLV,2026-02-26,155.49,156.23,154.18,15346148
XLV,2026-02-27,158.24,158.28,154.79,14251991
XLV,2026-03-02,156.59,157.88,156.05,18643687
XLV,2026-03-03,154.82,155.46,153.1,21434518
XLV,2026-03-04,155.13,155.65,153.76,12747393
XLV,2026-03-05,152.02,153.79,150.85,20479028
XLV,2026-03-06,150.83,151.12,149.1,18176218
XLV,2026-03-09,152.37,152.66,149.28,18677822
XLV,2026-03-10,151.27,152.65,151.13,17249552
XLV,2026-03-11,150.98,151.28,150.07,12505545
XLV,2026-03-12,148.32,150.62,148.19,15672156
XLV,2026-03-13,147.96,150.43,147.84,15131093
XLV,2026-03-16,149.16,149.87,148.54,10898432
XLV,2026-03-17,147.81,149.99,147.71,11940384
XLV,2026-03-18,145.34,147.22,145.21,15567501
XLV,2026-03-19,144.81,146.28,144.51,16914829
XLV,2026-03-20,143.55,145.22,142.89,16584292
XLV,2026-03-23,143.58,145.56,143.42,21817389
XLV,2026-03-24,143.6,144.11,142.21,24232641
XLV,2026-03-25,145.04,145.49,144.16,17744918
XLV,2026-03-26,144.55,145.7,144.44,13322581
XLV,2026-03-27,142.09,144.61,141.9,12934205
XLV,2026-03-30,142.64,143.44,142.26,14801706
XLV,2026-03-31,145.41,145.55,143.41,17867660
XLV,2026-04-01,146.52,147.54,145.75,16901086
XLV,2026-04-02,145.61,147.14,145.07,11089547
XLV,2026-04-06,145.08,145.93,144.57,7274769
XLV,2026-04-07,145.37,145.71,143.69,10265234
XLV,2026-04-08,148.44,148.47,146.29,8132477
XLV,2026-04-09,148.11,148.98,147.09,6408105
XLV,2026-04-10,146.1,148.61,145.91,6219965
XLV,2026-04-13,146.76,146.83,145.04,6185011
XLV,2026-04-14,147.61,148.38,146.03,7724526
XLV,2026-04-15,146.56,147.99,145.68,6671399
XLV,2026-04-16,145.41,146.99,145.09,9074333
XLV,2026-04-17,147.58,147.89,146.15,8339955
XLV,2026-04-20,146.21,147.52,145.94,6327341
XLV,2026-04-21,144.72,147.34,144.69,8737394
XLV,2026-04-22,145.18,146.37,144.81,8318572
XLV,2026-04-23,145.04,145.57,143.97,7613793
XLV,2026-04-24,143,144.34,142.5,7972273
XLV,2026-04-27,142.29,144.02,142.25,6573778
XLV,2026-04-28,142.66,143.67,142.11,8614172
XLV,2026-04-29,141.67,142.07,140.81,11887514
XLV,2026-04-30,144.79,145.09,142.48,12589657
XLV,2026-05-01,143.97,145.4,143.96,8867814
XLV,2026-05-04,143.54,144.02,143.14,10877749
XLV,2026-05-05,144.11,144.46,143.23,7176909
XLV,2026-05-06,144.21,144.95,143.71,10615271
XLV,2026-05-07,143.53,144.65,143.08,7610130
XLV,2026-05-08,142.31,143.88,142,10167860
XLV,2026-05-11,141.87,143.83,141.5,9258140
XLV,2026-05-12,144.66,145.44,142.02,11899373
XLV,2026-05-13,145.51,145.77,143.94,15843502
XLV,2026-05-14,145.43,146.19,144.74,7765645
XLV,2026-05-15,143.91,145.95,143.7,9041736
XLV,2026-05-18,144.53,144.6,142.94,7951007
XLV,2026-05-19,146.11,146.86,143.66,12389817
XLV,2026-05-20,145.93,146.81,145.09,10529426
XLV,2026-05-21,146.94,147.09,144.65,7169198
XLV,2026-05-22,148.66,149.09,147.78,6919085
XLV,2026-05-26,147.29,149.07,147.22,6598448
XLV,2026-05-27,147.57,148.97,147.07,10064207
XLV,2026-05-28,149.64,150.11,147.89,10401576
XLV,2026-05-29,148.25,149.8,147.88,13201736
XLV,2026-06-01,146.63,147.66,146.05,12585434
XLV,2026-06-02,145.2,146.06,144.12,12026376
XLV,2026-06-03,146.34,146.84,144.87,9837657
XLV,2026-06-04,150.83,151.29,149.06,14053792
XLV,2026-06-05,151.76,153.43,151.67,20725417
XLV,2026-06-08,151.4,153.2,151.16,10641838
XLV,2026-06-09,153.3,153.71,151.93,13093795
XLV,2026-06-10,151.6,153.86,151.57,11714033
XLV,2026-06-11,152.83,153.89,151.61,10550354
XLV,2026-06-12,152.55,153.88,152.11,9112840
XLV,2026-06-15,151.64,152.62,150.52,9527870
XLV,2026-06-16,151.69,152.46,150.48,8631695
XLV,2026-06-17,149.48,151.32,148.74,10993110
XLV,2026-06-18,148.18,150.03,147.57,10911352
XLV,2026-06-22,149.49,150.05,148.49,11708357
XLV,2026-06-23,151.6,151.84,150.42,9481534
XLV,2026-06-24,152.77,154.08,151.88,10071963
XLV,2026-06-25,155.04,156.61,153,9427495
XLV,2026-06-26,159.73,160.03,155.58,16566242
XLV,2026-06-29,160.13,160.48,159.27,12937642
XLV,2026-06-30,158.05,160.64,157.36,11561794
XLV,2026-07-01,158.93,159.35,157.9,10125800
XLV,2026-07-02,163.12,163.23,159.77,14724764
XLV,2026-07-06,161.34,162.83,159.64,16126586
XLV,2026-07-07,163.81,164.97,163.25,12145956
XLV,2026-07-08,161.68,163.36,161.64,9289988
XLV,2026-07-09,161.55,162.8,160.74,9578457
XLV,2026-07-10,160.23,162.04,159.63,9499323
XLV,2026-07-13,160.79,161.62,159.71,6875070
XLV,2026-07-14,157.69,159.47,157.18,11525503
XLV,2026-07-15,157.69,158.74,156.65,10887183
XLV,2026-07-16,161.18,162.02,159.33,11821040
XLV,2026-07-17,160.48,163.37,160.27,9168561
XLV,2026-07-20,158.64,160.87,158.57,6635663
XLV,2026-07-21,159.64,159.76,156.63,6594084
XLV,2026-07-22,158.82,160.36,158.34,5601064
XLV,2026-07-23,160.82,160.99,158.71,6447593
XLV,2026-07-24,161.95,162.63,160.96,7647419
XLV,2026-07-27,162.78,163.94,161.73,8068028
XLV,2026-07-28,166.62,167.89,165.12,12773969
XLV,2026-07-29,165.61,167.51,165.14,11653156
XLV,2026-07-30,162.9,163.32,161.24,12486441
XLV,2026-07-31,161.93,162.61,160.12,9593996
XLV,2026-08-03,161.62,164.1,160.73,10988149
XLV,2026-08-04,161.48,161.87,160.36,15122400
XLV,2026-08-05,163.53,164.71,162,15217400
XLV,2026-08-06,163.82,166.38,162.4,9424940
XLV,2026-08-07,165.05,165.14,162.29,7973129
XLV,2026-08-10,167.8,167.86,164.92,6989537
XLV,2026-08-11,167.37,169.01,167,6682458
XLV,2026-08-12,167.8,168.23,165.13,7138475
XLV,2026-08-13,167.74,169.06,167.19,6731892
XLV,2026-08-14,166.73,167.13,165.81,5022276
XLV,2026-08-17,166.41,167.23,165.23,7226395
XLV,2026-08-18,169.08,169.65,167.81,7530438
XLV,2026-08-19,175.01,175.92,171.63,16540866
XLV,2026-08-20,171.73,174.52,171.68,9674735
XLV,2026-08-21,173.95,174.93,171.13,10170277
XLV,2026-08-24,174.03,174.25,172.67,5933259
XLV,2026-08-25,174.62,175.15,173.38,5436037
XLV,2026-08-26,172.88,174.17,172.79,5621342
XLV,2026-08-27,170.93,172.45,170.78,7111600
XLV,2026-08-28,170.51,171.06,169.93,4913135
XLV,2026-08-31,169.89,170.33,168.55,7470055
XLV,2026-09-01,171.02,172.86,170.38,7820974
XLV,2026-09-02,172.29,173.82,171.43,7797875
XLV,2026-09-03,172.6,173.5,170.73,5932403
XLV,2026-09-04,170.8,171.87,170.58,6088209
XLV,2026-09-08,166.49,168.11,166.3,11064377
XLV,2026-09-09,165.94,166.77,165.76,8014673
XLV,2026-09-10,165.03,166.44,164.95,7929664
XLV,2026-09-11,164.73,166.49,164.48,6498971
XLV,2026-09-14,167.11,168.13,166.39,9388794
XLV,2026-09-15,167.02,167.56,165.54,7430844
XLV,2026-09-16,167.13,168.16,166.77,7153717
XLV,2026-09-17,168.17,168.46,167.12,5833585
XLV,2026-09-18,167.75,168.42,167.14,11436556
XLV,2026-09-21,169.01,169.53,166.85,7614917
XLV,2026-09-22,169.89,170.72,167.86,7122735
XLV,2026-09-23,168.8,171.02,168.19,7422865
XLV,2026-09-24,169.87,171.535,168.72,8866928
XLV,2026-09-25,170.7,170.97,168.67,5990603
XLV,2026-09-28,171.26,171.87,169.58,6059694
XLV,2026-09-29,170.73,171.54,168.82,8982173
XLV,2026-09-30,168.42,170.535,168.39,12136712
XLV,2026-10-01,166.2,168.6,165.83,10033169
XLV,2026-10-02,166.18,166.85,165.27,7150907
BTC/USD,2024-10-01,60838.4405,64127.52,60190.355,6.075582902
BTC/USD,2024-10-02,60641.395,62364.36,59970.561,0.936190033
BTC/USD,2024-10-03,60781.02,61464,59869.758312655,1.341013014
BTC/USD,2024-10-04,62094.993,62469.2875,60453.235,1.953355402
BTC/USD,2024-10-05,62099.191,62381.274,61709.445,0.206787786
BTC/USD,2024-10-06,62854.602,62970.5045,61810.3685,1.405073773
BTC/USD,2024-10-07,62267.115,64443.824,62126.75,2.267809941
BTC/USD,2024-10-08,62149.1885,64014,61845.41,0.866669534
BTC/USD,2024-10-09,60582.6405,62520.2,60313.1648746895,0.780705214
BTC/USD,2024-10-10,60277.9,61259.234,58885.24,2.645875732
BTC/USD,2024-10-11,62461.7915,63405.125,60033.4,2.991107441
BTC/USD,2024-10-12,63198.695,63446.91336272,62461.3615,0.149859108
BTC/USD,2024-10-13,62829.22,63285.76,62042.5855,0.216566992
BTC/USD,2024-10-14,66053.554,66476.470277078,62451.624,6.389558091
BTC/USD,2024-10-15,67043.812,67926.179,64806.65,3.294656509
BTC/USD,2024-10-16,67625,68386.6455,66776.2,3.566741722
BTC/USD,2024-10-17,67447.035,67937.02,66648.4,0.983118249
BTC/USD,2024-10-18,68438.9375,68993.85,67201.65,1.889606019
BTC/USD,2024-10-19,68362.242,68684.265,68025.387,0.686842752
BTC/USD,2024-10-20,68978.937,69368.243455919,68099.7,1.393562563
BTC/USD,2024-10-21,67366.6485,69486.4165,66807.77,1.095367099
BTC/USD,2024-10-22,67354.335,67784.4675,66548.5925,1.126217335
BTC/USD,2024-10-23,66650.16,67450.86,65179.8285,1.872891696
BTC/USD,2024-10-24,68156.027,68813.595,66452.705,0.582161234
BTC/USD,2024-10-25,66616.9465,68735.8,65524.865,0.538198324
BTC/USD,2024-10-26,67016.805,67371.35,66369.382,0.22015165
BTC/USD,2024-10-27,67962.3005,68228.76,66878.16,0.426543582
BTC/USD,2024-10-28,69888.128,70239.754,67554.0485,3.537041272
BTC/USD,2024-10-29,72746.71,73613.9585,69746.9945,9.511634986
BTC/USD,2024-10-30,72333.68,72932.4565,71408.8,2.975771945
BTC/USD,2024-10-31,70258.732,72668.837,69597.1825,2.145466229
BTC/USD,2024-11-01,69476.927,71589.35,68774.109,3.926322415
BTC/USD,2024-11-02,69296.085,69893.7,69018.05,0.414356869
BTC/USD,2024-11-03,68747.4745,69358.4775,67444.08,3.069634227
BTC/USD,2024-11-04,67825.215,69435.547,66816.2,2.034560989
BTC/USD,2024-11-05,69348.75,70521.85,67457.7085,1.839609105
BTC/USD,2024-11-06,75663.88,76519.772,69311.7305,13.270590657
BTC/USD,2024-11-07,75949.163,77380.352644836,74508.668,5.043139116
BTC/USD,2024-11-08,76581.395,77288.92,75685.4165,2.690053313
BTC/USD,2024-11-09,76774.507,76961.3045,75789.194,1.386565503
BTC/USD,2024-11-10,80485.5,81514.6205,76551.545,5.183822699
BTC/USD,2024-11-11,88748.812,89650.522040302,80294.243,6.998998466
BTC/USD,2024-11-12,88081.1615,90000,85146.173,12.80368339
BTC/USD,2024-11-13,90562.2165,93483.05,86292.0245,8.527487041
BTC/USD,2024-11-14,87286.94,91747.205,86720.7,15.351000099
BTC/USD,2024-11-15,91101.142,91959.62,87114.0895,20.60078636
BTC/USD,2024-11-16,90561.352,91747.82,90113.105,9.135060984
BTC/USD,2024-11-17,89794.815,91439.82,88774.35,4.641146297
BTC/USD,2024-11-18,90552.1455,92662.12,89402.336,2.835986902
BTC/USD,2024-11-19,92345.65,93986.725,90419.432,3.093358124
BTC/USD,2024-11-20,94330.585,94959.72,91624.29,3.878366841
BTC/USD,2024-11-21,98522.6225,98985.53,94131.585,8.455853977
BTC/USD,2024-11-22,98978.82,99736.701,97270.471464019,6.124456341
BTC/USD,2024-11-23,97742.5735,99066.325,97302.3607320095,1.397564477
BTC/USD,2024-11-24,98025.1815,98739.649,95786.22,2.242819848
BTC/USD,2024-11-25,93090.65,98907.5095,92589.532,7.147671052
BTC/USD,2024-11-26,91913.08,95000,90744.92,14.01414974
BTC/USD,2024-11-27,96003.055,97372.65,91725.1,7.95423902
BTC/USD,2024-11-28,95713.4915,96702.7,94660.272,1.958981321
BTC/USD,2024-11-29,97492.05,98700.3525780855,95432.93,2.258513292
BTC/USD,2024-11-30,96474.766,97509.98,96173.3245,0.434386416
BTC/USD,2024-12-01,97337.071,97880.765,95810.192,1.019016918
BTC/USD,2024-12-02,95843.4,98214.796,94446.245,1.110686702
BTC/USD,2024-12-03,96027.4,96303.65,93583,2.805720807
BTC/USD,2024-12-04,98835.9765,99250,94763.6955,3.270622608
BTC/USD,2024-12-05,97114.93,104100.83,92433.2,17.636317851
BTC/USD,2024-12-06,99963.071,102086.4025,96486.2705,6.449483415
BTC/USD,2024-12-07,99867.847,100615.907,99066.167,1.228075944
BTC/USD,2024-12-08,101316.487,101430.45,98858.560794044,1.788088062
BTC/USD,2024-12-09,97432.7315,101303.1825,94440.663,3.955615826
BTC/USD,2024-12-10,96737.262,98338.325,94353.6019851115,2.659400538
BTC/USD,2024-12-11,101222.05,102048.132,95758.45,3.200329269
BTC/USD,2024-12-12,100067.2,102549.56,99331.77,3.76707693
BTC/USD,2024-12-13,101494.59,101949.46,99288.25,1.773841536
BTC/USD,2024-12-14,101416.555,102640.612594458,100627.1595,0.864122319
BTC/USD,2024-12-15,104362.247,105141.1,101270.451,3.596792322
BTC/USD,2024-12-16,106088.6445,107953.4,103320.399,5.194192078
BTC/USD,2024-12-17,106135.771,108401.732,105338.4935,3.00434414
BTC/USD,2024-12-18,100248.785,106498.6,100016.05,8.622652566
BTC/USD,2024-12-19,97471.05,102695.9,95598.255,6.620463859
BTC/USD,2024-12-20,97724.145,98110.2,92120.638,6.618055845
BTC/USD,2024-12-21,97270.4115,99544.137,96417.614,1.603841137
BTC/USD,2024-12-22,95108.964,97395.115,94281.6,0.876911737
BTC/USD,2024-12-23,94717.027,96419.664,92431.047445409,4.960707819
BTC/USD,2024-12-24,98647.0385,99497.079,93471.2,3.696515184
BTC/USD,2024-12-25,99338.9335,99475.1255,97588.033,0.676118011
BTC/USD,2024-12-26,95766.9,99860.02,95134.845,4.744147919
BTC/USD,2024-12-27,94219.5945,97345.5385,93336.5740694785,2.776340037
BTC/USD,2024-12-28,95164.46,95496.2175,94015.05,1.203702329
BTC/USD,2024-12-29,93607.075,95149,92871.75,0.74227764
BTC/USD,2024-12-30,92666.99,94827.455,91348.4565173695,5.967734996
BTC/USD,2024-12-31,93470.52,96119.02,91934.61,4.599376496
BTC/USD,2025-01-01,94455.287,94976.936,92772.2,0.484562819
BTC/USD,2025-01-02,96828.83,97784.17075,94222.25,2.680558076
BTC/USD,2025-01-03,98094.423,98946.1865,96028.515,3.850015809
BTC/USD,2025-01-04,98288.378,98744.462,97551.235,0.812106587
BTC/USD,2025-01-05,98322.42,98779.7655,97296.4857320095,1.830606246
BTC/USD,2025-01-06,102295.81,102522.228,98009.8875,3.735269706
BTC/USD,2025-01-07,96901.0615,102692.5,96113.238,2.966401719
BTC/USD,2025-01-08,95055.5295,97232.509,92551.15,2.978469114
BTC/USD,2025-01-09,92497.1035,95323.562,91260.4,3.890927791
BTC/USD,2025-01-10,94742.267,95808.025,92285.4,0.850907664
BTC/USD,2025-01-11,94572.4965,95003.96,93875.2645,0.580357649
BTC/USD,2025-01-12,94469.8685,95384.25,93697.85,0.481656308
BTC/USD,2025-01-13,94551.525,95830.9,89422.0615,7.194265448
BTC/USD,2025-01-14,96588.05,97326.5335,94354.3905,2.525406052
BTC/USD,2025-01-15,100416.199,100705.89,96499.65,6.122161876
BTC/USD,2025-01-16,100032.7645,100827.758975,97349.5105,2.277757366
BTC/USD,2025-01-17,104130.517,105945.06,100024.1465,6.417519134
BTC/USD,2025-01-18,104444.965,104912.47,102292.703,1.687632062
BTC/USD,2025-01-19,101184.45,106271.315,99561.455,6.152436106
BTC/USD,2025-01-20,102152.434,109379.685,99525.005,6.309827283
BTC/USD,2025-01-21,106131.05,107283.004,100104.205,3.391899747
BTC/USD,2025-01-22,103701.3455,106386.455,103352.6,2.986415961
BTC/USD,2025-01-23,103981.7745,106843.157,101294.4105,4.933114549
BTC/USD,2025-01-24,104856.041,107152.468,102789.3,1.314869187
BTC/USD,2025-01-25,104706.705,105334.846,104110.7825,0.465646015
BTC/USD,2025-01-26,102622.6915,105469.985,102517.75,1.561154229
BTC/USD,2025-01-27,102116.1645,103277.68,97786.435,7.045614473
BTC/USD,2025-01-28,101343.35,103703.135,100259.877,3.303055097
BTC/USD,2025-01-29,103737.25,104769.0065,101319.85,1.703057733
BTC/USD,2025-01-30,104805.7615,106398.52224,103274.793,1.222920289
BTC/USD,2025-01-31,102433.53,106027.53,101544.669,2.318476332
BTC/USD,2025-02-01,100668.6635,102828.21,100301.25,1.267547534
BTC/USD,2025-02-02,97702.73,101408.833,96272.507,3.502057442
BTC/USD,2025-02-03,101471.13,102604.875,91321.568238213,5.778418529
BTC/USD,2025-02-04,97862.73,101778.7245,96254.373,3.126193486
BTC/USD,2025-02-05,96586.635,99155.5,96252.8,2.518482549
BTC/USD,2025-02-06,96621.985,99199.9,95768.55,1.84397208
BTC/USD,2025-02-07,96564.85,100207.495,95646.31,0.961011966
BTC/USD,2025-02-08,96471.345,96890.68,95713.9358,0.288658256
BTC/USD,2025-02-09,96572.2,97374.21,94816.0755,0.719374716
BTC/USD,2025-02-10,97355.55105,98361.4185,95283.0115,1.570576348
BTC/USD,2025-02-11,95801.311,98495.7,94862.918,3.42262018
BTC/USD,2025-02-12,97878.0595,98137.265,94129.461401985,3.980487415
BTC/USD,2025-02-13,96619.971,98097.923,95271.5355,2.64931792
BTC/USD,2025-02-14,97558.062,98883.5742,96311.7105,1.809589383
BTC/USD,2025-02-15,97549.9795,97979.425,97282.468,0.430149745
BTC/USD,2025-02-16,96192.49,97810.9,96097.45,0.509040752
BTC/USD,2025-02-17,95843.96,97032.005,95280.34,0.500028015
BTC/USD,2025-02-18,95546.374,96717.8,93386.284686104,1.800930528
BTC/USD,2025-02-19,96645.3475,96902.868,94994.94,0.649553872
BTC/USD,2025-02-20,98371.1,98717,96431.5248,0.906406501
BTC/USD,2025-02-21,96118.7,99523.394,94822.484442928,0.78225926
BTC/USD,2025-02-22,96557.045,96944.912,95691.6,0.499709669
BTC/USD,2025-02-23,96341.5,96705.238,95273.9615,0.562160259
BTC/USD,2025-02-24,91457.54,96504.85,91372.135,2.355146058
BTC/USD,2025-02-25,88653.7,92919,85981.583066502,9.580204059
BTC/USD,2025-02-26,84155.09,89302.755,82163.305,2.435742124
BTC/USD,2025-02-27,84669.8,86987.65,82578.6085,3.420908152
BTC/USD,2025-02-28,84377.1045,85082.71,78194.386,24.710967518
BTC/USD,2025-03-01,85982.365,86542.509,83810.55,0.838865762
BTC/USD,2025-03-02,94217.16,95104.9835,85082.04,3.081718602
BTC/USD,2025-03-03,86077.7135,94417.1005,85056.75,3.403851972
BTC/USD,2025-03-04,87224.4,88954.47,81463.8795,3.41131758
BTC/USD,2025-03-05,90598.6595,91009.7745,86378.851,1.237477751
BTC/USD,2025-03-06,89956.4325,92807.535,87848.375,2.049731338
BTC/USD,2025-03-07,86707.4605,91303.53,84695.149,1.308773584
BTC/USD,2025-03-08,86115.058,86865.64,85210.405,0.407947506
BTC/USD,2025-03-09,80640.2495,86492.568,80057.25,1.308229828
BTC/USD,2025-03-10,78491.166,84004.0035,77357.23,3.573373766
BTC/USD,2025-03-11,82851.31,83659.014,76579.9905,3.885396956
BTC/USD,2025-03-12,83685.51,84391.155,80593.05,2.420038658
BTC/USD,2025-03-13,81106.112,84298.432,79935.465,0.495179312
BTC/USD,2025-03-14,84048.9273,85360.755,80801.6555,0.730890094
BTC/USD,2025-03-15,84331.3225,84720.6,83655.675,0.345989707
BTC/USD,2025-03-16,82623.75,85074.7045,81986.4,0.280681762
BTC/USD,2025-03-17,84063.9445,84711.96,82080.049507389,0.962775992
BTC/USD,2025-03-18,82775.321,83978.7265,81121.1115,0.475716055
BTC/USD,2025-03-19,86841.8675,87028.1905,82590.595,1.167605943
BTC/USD,2025-03-20,84147.25,87477.519,83653.35,1.249700553
BTC/USD,2025-03-21,84046.373,84792.55,83139.45,1.005360008
BTC/USD,2025-03-22,83803.4,84484.9,83664.317,0.209926349
BTC/USD,2025-03-23,86050.1,86113.54,83871.18,0.55935619
BTC/USD,2025-03-24,87550.14,88774.089,85571.9,1.741837217
BTC/USD,2025-03-25,87484.7065,88614.7,86361.15,2.124844966
BTC/USD,2025-03-26,86894.825,88355.431,85880.041,0.5782036
BTC/USD,2025-03-27,87241.615,87786.515,85851.23,0.303597731
BTC/USD,2025-03-28,84363.2045,87483.65,83546.798029556,0.809322979
BTC/USD,2025-03-29,82585.005,84586.444,81696.709,0.629778592
BTC/USD,2025-03-30,82311.8,83510.0775,81563.581,0.344960619
BTC/USD,2025-03-31,82518.1215,83888.0545,81303.9345886695,3.091799528
BTC/USD,2025-04-01,85201.63,85571.1,82412.25,0.814124488
BTC/USD,2025-04-02,82535.9635,88474.982,82351.6227637178,0.61425801
BTC/USD,2025-04-03,83114.538,83920,81192.2445,2.695231616
BTC/USD,2025-04-04,83780.5745,84675.2,81660.1345,0.909504416
BTC/USD,2025-04-05,83482.7095,84237.478,82364.665,0.376594794
BTC/USD,2025-04-06,78391.6,83720.894,77098.75,0.87836668
BTC/USD,2025-04-07,79173.605,81583.875,74407.78,5.816912402
BTC/USD,2025-04-08,76230.5425,80909.01,76178.9345,1.516625295
BTC/USD,2025-04-09,82566.1765,83582.48,74587.063,1.917647551
BTC/USD,2025-04-10,79605.615,82685.0605,78470.475,1.815232163
BTC/USD,2025-04-11,83431.1,84244.5060625,78919,1.172183104
BTC/USD,2025-04-12,85293.47,85915.4815,82825.5095,1.341581214
BTC/USD,2025-04-13,83659.245,86090.681,83021.692,0.931296978
BTC/USD,2025-04-14,84588.525,85795.441,83663.0285,1.802542064
BTC/USD,2025-04-15,83699.8045,86445.9245,83601.684,1.840348464
BTC/USD,2025-04-16,84043.3115,85497.95,83122.06,1.498651491
BTC/USD,2025-04-17,84911.41,85538.42,83749.35,0.373887741
BTC/USD,2025-04-18,84409.6465,85105.42,84326.86,0.300295601
BTC/USD,2025-04-19,85088.235,85632.935,84377.6365,0.107453216
BTC/USD,2025-04-20,85129.297,85322.0125,83962.965,0.682361385
BTC/USD,2025-04-21,87551.4385,88534.27,85158.135,1.680439083
BTC/USD,2025-04-22,93428.3,93914.667,87046.509,3.541827858
BTC/USD,2025-04-23,93669.148,94650.921,92000,2.195892285
BTC/USD,2025-04-24,93917.885,94016,91739.4,1.726182032
BTC/USD,2025-04-25,94690.348,95839.25,92925.587,1.497516071
BTC/USD,2025-04-26,94650.5545,95256.42,93947.3,1.30873407
BTC/USD,2025-04-27,93830.619,95376.4235,93685.982,0.314988153
BTC/USD,2025-04-28,94970.57,95616.2,92869.6165,1.631923863
BTC/USD,2025-04-29,94311.38,95541.72,93830.585,0.872523744
BTC/USD,2025-04-30,94154.666,95279.83,93008.447,1.022011423
BTC/USD,2025-05-01,96488.828,97443.364467005,94146.5695,1.773802489
BTC/USD,2025-05-02,96854.77,97924.896573604,96036.9458128075,1.374452225
BTC/USD,2025-05-03,95844.45,96978.421,95821.2795,0.658213027
BTC/USD,2025-05-04,94324.5605,96318.96,94187.6925,0.319311741
BTC/USD,2025-05-05,94776.66,95162.262,93541.3965,1.420457511
BTC/USD,2025-05-06,96779.45,96868.98,93318.87,0.601511642
BTC/USD,2025-05-07,97011.9005,97704.1,95852.904,2.015786844
BTC/USD,2025-05-08,103204.425,104153.56,96852.1,5.570097867
BTC/USD,2025-05-09,103043.07,104353.913,102342.6,2.740456246
BTC/USD,2025-05-10,104761.44,104967.55,101200,1.843188199
BTC/USD,2025-05-11,104080.765,104977.7445,103423.045,1.941529592
BTC/USD,2025-05-12,102798.15,105688.1355,100741.3,4.956350839
BTC/USD,2025-05-13,104227.6695,105000,101459.14,2.069181085
BTC/USD,2025-05-14,103583.45,104373.505,102628.9825,0.981662645
BTC/USD,2025-05-15,103785.25,104267.9,101424.622,0.823260871
BTC/USD,2025-05-16,103510.39,105376,102212.836,0.818656992
BTC/USD,2025-05-17,103214.14,103727.6,102655.93,0.606481369
BTC/USD,2025-05-18,106582.022,106659.93,103161.6,1.505619072
BTC/USD,2025-05-19,105661.295,107106.5315,102092.234,1.46864782
BTC/USD,2025-05-20,106840.22,107344.9,104259.15,2.094708141
BTC/USD,2025-05-21,109628.362,110732.385,106144.819,3.43199734
BTC/USD,2025-05-22,111650.983,112000,109265.06,3.468368107
BTC/USD,2025-05-23,107263.0025,111865.356,106855.76,3.314995251
BTC/USD,2025-05-24,107860.32,109519.255,106869.44,0.353909556
BTC/USD,2025-05-25,109044.77,109384.1,106708.562,1.175267974
BTC/USD,2025-05-26,109461.54,110450.971,108756.44,3.211151817
BTC/USD,2025-05-27,109037.4645,110780.918,107574.925,1.108282737
BTC/USD,2025-05-28,107802.393,109320.67,106801.725,4.261776561
BTC/USD,2025-05-29,105637.4505,109000,105427.206105911,2.026123819
BTC/USD,2025-05-30,104057.575,106386.68,103653.6,1.835566389
BTC/USD,2025-05-31,104667.0285,105003.02,103143.2765,0.354558174
BTC/USD,2025-06-01,105662.3885,105935.2,103838.48,0.697462579
BTC/USD,2025-06-02,105973.435,106023.3,103738.7855,1.03004567
BTC/USD,2025-06-03,105469.3155,106880.48,104944.67,1.448923788
BTC/USD,2025-06-04,104753.673,106000,104232.11,0.525535749
BTC/USD,2025-06-05,101608.352,105963.505,100433.675,2.790226001
BTC/USD,2025-06-06,104422.48,105465.6,101148.1415,1.441123451
BTC/USD,2025-06-07,105634.81,106000,104034.095,1.024748621
BTC/USD,2025-06-08,105761.525,106480.7865,105047.08,0.186536366
BTC/USD,2025-06-09,110348.065,110606.1492385785,105344.6,2.05499713
BTC/USD,2025-06-10,110258.8,110400.8,108369.12,1.634750898
BTC/USD,2025-06-11,108723.43,110345.1175,108120.5825,1.839505386
BTC/USD,2025-06-12,105787.1765,108790.84,105787.1765,1.043444114
BTC/USD,2025-06-13,106098.942,106231.3,102813.77,3.293854258
BTC/USD,2025-06-14,105484.73,106500,102955.66502463,0.523613094
BTC/USD,2025-06-15,105576.462,107000,104050.246305418,0.575773223
BTC/USD,2025-06-16,106766.9335,108974.225,104917.24,2.158533057
BTC/USD,2025-06-17,104626.6675,107762.8,103464.647931034,2.140773855
BTC/USD,2025-06-18,104883.491,105615.644,103519.1155,1.382333471
BTC/USD,2025-06-19,104730.2,105258.425,103931.46,1.809484536
BTC/USD,2025-06-20,103317.013,106558.345,102395.2,1.774350811
BTC/USD,2025-06-21,102178.24,104101,101033,1.153941176
BTC/USD,2025-06-22,100980.775,103385.5165,98262.963,2.782905424
BTC/USD,2025-06-23,105392.7805,106152.07,99688.796,3.034905276
BTC/USD,2025-06-24,106042.0755,106370.188,104689.945,1.722114163
BTC/USD,2025-06-25,107382.05,108189.085,105874.519,2.866407146
BTC/USD,2025-06-26,106984.02,108324.4905,106670.435,1.010061496
BTC/USD,2025-06-27,107032.664,107760.95,106407.925,1.129013047
BTC/USD,2025-06-28,107356.194,107622.95,106868.722,1.372285548
BTC/USD,2025-06-29,108421.4665,108491.615,107216.7,0.223420874
BTC/USD,2025-06-30,107106.2,108872.7,106782.7075,2.11173656
BTC/USD,2025-07-01,105677.215,107577.8,105277.2505,0.375042263
BTC/USD,2025-07-02,108786.783,109779.849,105135.6,2.234390275
BTC/USD,2025-07-03,109649.47,110588.2,108525.25,1.386530456
BTC/USD,2025-07-04,107993.715,109841.79,107293.535,3.627813826
BTC/USD,2025-07-05,108233.3735,108419.137,107823.925,0.247888966
BTC/USD,2025-07-06,109293.7255,109626.6050253805,107913.65,0.743208163
BTC/USD,2025-07-07,108235.195,109730.7845,107544.265,1.188132687
BTC/USD,2025-07-08,109010.68,109313.73,107493.569,0.429157983
BTC/USD,2025-07-09,111306.75,112000,107688.583793103,1.972927624
BTC/USD,2025-07-10,115932.065,116843.2755,110561.745,3.618193798
BTC/USD,2025-07-11,117578.3365,118863.26,115267.0815,2.626651362
BTC/USD,2025-07-12,117451.894,118283.004,116976.84,0.53141555
BTC/USD,2025-07-13,119110.54,119454.693654822,117254.44,0.548391048
BTC/USD,2025-07-14,119880.798,123207.2895,118953.64,3.820794029
BTC/USD,2025-07-15,117808.9005,119948.65,115321.182266009,2.305075617
BTC/USD,2025-07-16,118702.2915,120118.625,117070.185,1.622514655
BTC/USD,2025-07-17,119272.0695,120957.85,117537.7195,1.127388078
BTC/USD,2025-07-18,118011.247,120908.914,116915.9,1.581022605
BTC/USD,2025-07-19,117923.53,118612.99,117387.415,0.774973313
BTC/USD,2025-07-20,117356,119066.38,116563.985,2.225859189
BTC/USD,2025-07-21,117440.444,119647.2165,116596.92,1.722651108
BTC/USD,2025-07-22,120051.7,120304.568527918,116276.8288177335,1.184911663
BTC/USD,2025-07-23,118778.3,120124.45,117305.4,1.703350068
BTC/USD,2025-07-24,118384.01,119528.3,117205.516,1.023088847
BTC/USD,2025-07-25,117677.992,118570.7,114843.7,3.156501231
BTC/USD,2025-07-26,117975.6295,118430,117153.1,0.536413938
BTC/USD,2025-07-27,119468.649,119873.59,117865.8245,0.277455923
BTC/USD,2025-07-28,118047.339,119808.17,117367.6,0.963426281
BTC/USD,2025-07-29,117952.185,119275.791,117048.7,0.949719056
BTC/USD,2025-07-30,117839.795,118892.7,115867.85,1.391174515
BTC/USD,2025-07-31,115753.1085,118927.945,115529.175,4.230239352
BTC/USD,2025-08-01,113277.955,116097.566,112727.0798029555,7.508886373
BTC/USD,2025-08-02,112572.565,114111.1,112054.8,2.603161923
BTC/USD,2025-08-03,114237.095,114813.3,111981.015,0.652421945
BTC/USD,2025-08-04,115084.3735,115688.9775,114133.77,0.902562903
BTC/USD,2025-08-05,114172.193,115158.8,112656.475,1.902997143
BTC/USD,2025-08-06,115059.26,115774.4,113340.656,3.119830753
BTC/USD,2025-08-07,117523.545,117704.635,114284.981,3.14277121
BTC/USD,2025-08-08,116680.1745,117655.877,115902.428,2.447216191
BTC/USD,2025-08-09,116511.8,117961.2855,116352.4,0.410253592
BTC/USD,2025-08-10,119256.920050761,119289.340101522,116472.03,0.542803966
BTC/USD,2025-08-11,118703.75,122290.345,118091.999,2.858151076
BTC/USD,2025-08-12,120134.4135,120388.21,118156.6,1.48288136
BTC/USD,2025-08-13,123345.813,123656.032,118974.42,3.726474435
BTC/USD,2025-08-14,118413.45,124513.7139593905,117273.35,1.775154732
BTC/USD,2025-08-15,117443.576,119340.03,116840.03,2.376452689
BTC/USD,2025-08-16,117463.378,118045.74,117250.9,0.637302608
BTC/USD,2025-08-17,117486.1685,118638.805,117200.93,0.575660918
BTC/USD,2025-08-18,116267.825,117624.06,114778.325123152,3.108988231
BTC/USD,2025-08-19,112885.706,116787.15,112698.9,1.979655493
BTC/USD,2025-08-20,114242.6065,114694,112504.085,1.198608697
BTC/USD,2025-08-21,112443.5385,114789.874,111946.62,1.242537969
BTC/USD,2025-08-22,116938.33,117340.03,111713.8605,1.947992891
BTC/USD,2025-08-23,115399.922,117010.56,114560.5,1.215279709
BTC/USD,2025-08-24,113457.215,115603.9,110782.11,1.854725757
BTC/USD,2025-08-25,110152.061,114840.03,109393.402955665,4.160782596
BTC/USD,2025-08-26,111796.166,112380.25,108761.215,2.092338591
BTC/USD,2025-08-27,111261.8,112673.1,110378.536,0.687820226
BTC/USD,2025-08-28,112604.43,113524.8,110913.2055,0.566764652
BTC/USD,2025-08-29,108366.22,112721.7,107586.3134482755,19.140452025
BTC/USD,2025-08-30,108798.765,110113.578680203,107418.281280788,0.636205545
BTC/USD,2025-08-31,108211.56,109606.94,108098.69,0.667591958
BTC/USD,2025-09-01,109241.544,109982.9515373236,107315.2238723491,1.383663425
BTC/USD,2025-09-02,111238.015,111797.8555,108428.87,1.393160953
BTC/USD,2025-09-03,111755.6435,112581.1,110552.72,1.288388808
BTC/USD,2025-09-04,110677.4315,112227.946,109290.307,0.87016891
BTC/USD,2025-09-05,110700.561,113389.9775,110236.1,1.957725602
BTC/USD,2025-09-06,110224.175,111357.0316624406,109987.985,0.223499125
BTC/USD,2025-09-07,111152.3805,111581.73,110203.685,0.634079847
BTC/USD,2025-09-08,112068.4915,112908.05,110650.0255,1.780541147
BTC/USD,2025-09-09,111504.2705,113330.4,110695.2,2.102133084
BTC/USD,2025-09-10,113953.1,114346.8,110886.699507389,3.588047381
BTC/USD,2025-09-11,115530.25,115582.8,113025.430721912,1.540091497
BTC/USD,2025-09-12,116103.75,116782.0681,114623.8017241375,1.210827479
BTC/USD,2025-09-13,115991.38,116450.97,115202.374,0.633092624
BTC/USD,2025-09-14,115356.875,116230.95,115207.56,0.482440377
BTC/USD,2025-09-15,115414.76,116738.70905,114408.38,0.931277976
BTC/USD,2025-09-16,116869.4,117091.9,114727.15,1.702307191
BTC/USD,2025-09-17,116497.54,117394.59,114743.1,0.903514547
BTC/USD,2025-09-18,117126.96,117992.927,116129.5,2.229185745
BTC/USD,2025-09-19,115695.92,117525.4835,115073.952,0.605225547
BTC/USD,2025-09-20,115700.585,116242.6,115398.48,0.306557396
BTC/USD,2025-09-21,115287.91,115906.2915,114882,1.176013345
BTC/USD,2025-09-22,112736.454,115882,111937.765,2.347344398
BTC/USD,2025-09-23,112019.76,113537.412614,111492.87,1.329823039
BTC/USD,2025-09-24,113330.6525,114028.5,111122.577421182,1.986861739
BTC/USD,2025-09-25,109031.745,113570.599,108661.585,2.92293097
BTC/USD,2025-09-26,109695.45,110403.216,108665.135,3.370233796
BTC/USD,2025-09-27,109692.019,110002.3992385785,109101.644,0.603292767
BTC/USD,2025-09-28,112188.55,112397.3525,109213.41,1.582027282
BTC/USD,2025-09-29,114378.43,114546.9,111588.0065,1.275954188
BTC/USD,2025-09-30,114071.25,114820.715,112680.118,1.858501705
BTC/USD,2025-10-01,118655.86,118720.5815,113971.25,1.620920228
BTC/USD,2025-10-02,120619.95,121126.76,118377.015,6.343584887
BTC/USD,2025-10-03,122330.885,124053.57,119364.615,1.988671768
BTC/USD,2025-10-04,122428.3,122840.03,121575.35,1.753794355
BTC/USD,2025-10-05,123486.132,125692.5539776,122194.801,2.022308445
BTC/USD,2025-10-06,124720.323,126262.032,123120.75,2.397245746
BTC/USD,2025-10-07,121408.895,125227.98,120628.281,1.994512881
BTC/USD,2025-10-08,123346.3,124273.5,121116.351,2.275585595
BTC/USD,2025-10-09,121729.5965,123780.72,119786.505,3.22955628
BTC/USD,2025-10-10,112995.4165,122593.62,103325.1231527085,5.606306723
BTC/USD,2025-10-11,110787.75,113535.236,109735.985,4.213912351
BTC/USD,2025-10-12,115080.2045,115749.22,109671.23,3.874536777
BTC/USD,2025-10-13,115262,116114.36,113741.309,1.815675799
BTC/USD,2025-10-14,113075.3285,115551.78,109952.1,2.723394537
BTC/USD,2025-10-15,110835.7,113642.6518781725,110191.2,3.315306329
BTC/USD,2025-10-16,108211,112039.791,107501.676600985,2.928955054
BTC/USD,2025-10-17,106470.4275,109353.54,103529.5,8.015115332
BTC/USD,2025-10-18,107255.5225,107739.5655093691,106330,1.797261219
BTC/USD,2025-10-19,108656.7425,109528.676,106112.75,0.679097581
BTC/USD,2025-10-20,110562.505,112885.84,107394.88775,2.6913656
BTC/USD,2025-10-21,108365.71,114078.265,107578.6105,2.107224187
BTC/USD,2025-10-22,107605.5145,109666.4036223907,106639.049,1.916511912
BTC/USD,2025-10-23,110135.211,111394.425,107507.955,1.308979185
BTC/USD,2025-10-24,111021.4,112053.95,109727.822,1.715099542
BTC/USD,2025-10-25,111656.925,111979.75175,110598.092,0.965086919
BTC/USD,2025-10-26,114585.439,115242.84,111160,1.636665973
BTC/USD,2025-10-27,114097.01,116361.967,113748.44,2.651140736
BTC/USD,2025-10-28,112920.565,116027.762,112302,2.042282792
BTC/USD,2025-10-29,110057.383,113741.84,109201.936,1.581430217
BTC/USD,2025-10-30,108316.8615,111868.2508338874,106307.7285,2.64261035
BTC/USD,2025-10-31,109560.1965,111205.05,108259.798,1.396531583
BTC/USD,2025-11-01,110073.55,110698.633719526,109307.458,0.469326432
BTC/USD,2025-11-02,110545.09,111214.675,109464.15,0.488328373
BTC/USD,2025-11-03,106541.825,111582.4705104512,105349.160522167,8.955648746
BTC/USD,2025-11-04,101454.119,107311.71,98825.4,12.073364121
BTC/USD,2025-11-05,103883.799,104633.991,98935.1555,6.325336947
BTC/USD,2025-11-06,101319.77,104197.808,100196.6,1.429237915
BTC/USD,2025-11-07,103291.339,104143.251,99184.03,6.286516116
BTC/USD,2025-11-08,102301.2,103378.7,101386.945,0.327722996
BTC/USD,2025-11-09,104693.41,105450.05,101305.25313969,0.469646212
BTC/USD,2025-11-10,105989.357,106608.1,104249.435,4.897033013
BTC/USD,2025-11-11,103031.1335,107487.98,102384.9495,2.026714424
BTC/USD,2025-11-12,101628.102,105322.35,100794.6825862065,1.861029802
BTC/USD,2025-11-13,99596.376,104072.612,98006.6,6.49575525
BTC/USD,2025-11-14,94500.87,101806.6564977115,93954.4425,27.089798234
BTC/USD,2025-11-15,95530.08,98231.4213197965,94477.5075,1.561572682
BTC/USD,2025-11-16,94176.7615,98170.935960591,93004.926108374,2.711154953
BTC/USD,2025-11-17,92107.35,96453.1604,91240.938546798,5.614016859
BTC/USD,2025-11-18,92944.656,94091.4404,89192.89,11.549698692
BTC/USD,2025-11-19,91469.5295,94073.1754,88574.9,19.183754773
BTC/USD,2025-11-20,86531.3125,93153.7604,85981.945,30.795296715
BTC/USD,2025-11-21,85102.8455,89689.5287243859,80527.97,12.009904648
BTC/USD,2025-11-22,84686.9,88326.1233777595,83443.25,3.675133708
BTC/USD,2025-11-23,86824.1,88127.942,86694.1,0.279506309
BTC/USD,2025-11-24,88290.289,90050.261308794,85212.665,23.046595793
BTC/USD,2025-11-25,87337.275,90444.349978745,86084.597608374,2.216431497
BTC/USD,2025-11-26,90492.175,90642.88,86282.298275862,1.354251223
BTC/USD,2025-11-27,91349.401,91966.5,90062.5,2.488910396
BTC/USD,2025-11-28,90887.995,93011.3426395935,90226.6361256155,2.868205899
BTC/USD,2025-11-29,90854.245,92185.566752519,90191.6,0.509428099
BTC/USD,2025-11-30,90363.02,92071.1,90340.7475,0.47864893
BTC/USD,2025-12-01,86289.15,91939.2613338,83870.65,12.307527971
BTC/USD,2025-12-02,91298.385,92544.132114213,89602.3682237864,0.375158828
BTC/USD,2025-12-03,93470.08,94180.6635,89655.172413793,4.356576767
BTC/USD,2025-12-04,92080.4,94107.949,90647.6896806465,0.98311331
BTC/USD,2025-12-05,89338.34,92810.7,88183.6699507385,3.376402609
BTC/USD,2025-12-06,89261.4355,91010.8204433495,89000,2.525105185
BTC/USD,2025-12-07,90397.4175,91783.5315,87734.305,2.997436327
BTC/USD,2025-12-08,90638.6,91558.1005726285,89692.422,0.46961316
BTC/USD,2025-12-09,92681.575,94646.745,89548.042,3.422342472
BTC/USD,2025-12-10,92029.619,94524.78,91260.47276975,5.288116389
BTC/USD,2025-12-11,92550.4265,93616.2325,89262.146,1.529215575
BTC/USD,2025-12-12,90276.6635,93194.53890625,89054.1514532015,2.386006908
BTC/USD,2025-12-13,90278.9165,91458.8964532015,89771.253,0.855688983
BTC/USD,2025-12-14,88171.12,90240.3049507385,87631.6642237864,0.198374147
BTC/USD,2025-12-15,86391.0875,90171.3394334975,85165.65,2.941905504
BTC/USD,2025-12-16,87857.25,88155.32,85251.14,1.649654772
BTC/USD,2025-12-17,86192.7275,90332.8,85267.6724384235,1.663143653
BTC/USD,2025-12-18,85457.75,89421.936,84402.748,3.034058334
BTC/USD,2025-12-19,88083.95,89348.5375,85061.155,0.555759818
BTC/USD,2025-12-20,88323.1825,89153.637135,87780.57,0.664754505
BTC/USD,2025-12-21,88651.7895,89255.083275862,87565.8135,0.478431397
BTC/USD,2025-12-22,88574.855,90547.1415,87855.06,1.438780463
BTC/USD,2025-12-23,87416.55,89501.388694581,86545.001,1.802761014
BTC/USD,2025-12-24,87623.52,89255.083275862,86356.4915,6.064685126
BTC/USD,2025-12-25,87170.4,88537.1,86871.48,1.447382512
BTC/USD,2025-12-26,87287.8,89506.316,86580.775,1.683340439
BTC/USD,2025-12-27,87812.9,88926.6584981615,87151.9,0.781249368
BTC/USD,2025-12-28,87888.52,89393.0143103445,87366.219,0.389592494
BTC/USD,2025-12-29,87122.985,90315.655,86699.507389162,1.24196069
BTC/USD,2025-12-30,88395.268,89314.650761421,86699.507389162,1.135230451
BTC/USD,2025-12-31,87488.274,89090.4,87074.155,2.651245998
BTC/USD,2026-01-01,88756.746,88814.006,87351.4,1.002216725
BTC/USD,2026-01-02,89962.89,90937.2725,87463.92575,1.177251878
BTC/USD,2026-01-03,90596.725,90712.964,89268.393,0.76324075
BTC/USD,2026-01-04,91499.4,91770.989,90519.091051816,0.600166953
BTC/USD,2026-01-05,93884.5945,94819.492,91012.9779200315,3.547574464
BTC/USD,2026-01-06,93733.134,94414.815,91214.685,3.795140076
BTC/USD,2026-01-07,91285.8255,93718.695,90567.0805,2.515008737
BTC/USD,2026-01-08,91026.595,91583.585,89207.4,0.65289647
BTC/USD,2026-01-09,90526.8055,91947.9,89592.4,1.224240987
BTC/USD,2026-01-10,90375.4645,90754.4880487,90271.285,0.857221949
BTC/USD,2026-01-11,90874.475,91274.200507614,90103.0575,0.73914078
BTC/USD,2026-01-12,91189.36,93059.683029,90001.125,1.233677648
BTC/USD,2026-01-13,95366.55,96317.681842807,90938.85,2.655358781
BTC/USD,2026-01-14,96971.41,97956.175,92218.8970443345,3.358773234
BTC/USD,2026-01-15,95583.3705,97203.7,95071.5,4.161506412
BTC/USD,2026-01-16,95510.084,95839.617,94238.8375,2.403347029
BTC/USD,2026-01-17,95102.9,95620.8105,94987.2,0.235147227
BTC/USD,2026-01-18,93621.97,95552.88,93581.0559237,0.343862184
BTC/USD,2026-01-19,92559.605,95251.4124242415,92009.5625,0.758498003
BTC/USD,2026-01-20,88322.465,94402.45,87765.8,7.408685361
BTC/USD,2026-01-21,89380.784,90724.2961383929,87206.1791133,1.692477201
BTC/USD,2026-01-22,89467.8185,90304.14,88409.3985,3.651817956
BTC/USD,2026-01-23,89479.432,91141.8205,88441.593,2.467664095
BTC/USD,2026-01-24,89085.755,89820.6255,89028.5485,0.335416839
BTC/USD,2026-01-25,86582.45,89195.425,85996.755,1.488137772
BTC/USD,2026-01-26,88265.7235,88802.10301,86284.1913875,4.039533072
BTC/USD,2026-01-27,89129.7945,89434.0235,87189.535,6.794707094
BTC/USD,2026-01-28,89159.443,90493.529,88690.7316071429,3.201677201
BTC/USD,2026-01-29,84526.01,89219.672,83255.3707635465,7.283075383
BTC/USD,2026-01-30,84141.69,85802.4125,81030.4075,5.993525447
BTC/USD,2026-01-31,78664.2465,84475.6157635465,75000,8.000180097
BTC/USD,2026-02-01,76904.14,80769.0261377335,75654.856,2.430266512
BTC/USD,2026-02-02,78660.45,81334.8779822335,74541.2476485725,11.649751694
BTC/USD,2026-02-03,75655.595,79098.742816606,72865.7895,6.859570359
BTC/USD,2026-02-04,72995.1025,76890.888,71716.3,5.850627214
BTC/USD,2026-02-05,62786.261,73174.893,62224.463,18.87604872
BTC/USD,2026-02-06,70524.3035,71695.065,59968.06,15.552436362
BTC/USD,2026-02-07,69237.3855,71659.25,67296.6,3.09990233
BTC/USD,2026-02-08,70284.43,72230.3615,68827.675,2.304715653
BTC/USD,2026-02-09,70093.7595,71522.545,68255.6365,3.65646452
BTC/USD,2026-02-10,68801.8215,70497.1635,67872.723,2.783790244
BTC/USD,2026-02-11,67034.425,70323.61041,65720.38,5.030143298
BTC/USD,2026-02-12,66218.5245,68388.05,65064.4165,4.970497545
BTC/USD,2026-02-13,68828.7,70678.5,65805.943,1.113077767
BTC/USD,2026-02-14,69787.945,70647.885,68692.905,0.775774298
BTC/USD,2026-02-15,68795.485,70949.2,65942.586758,0.815983124
BTC/USD,2026-02-16,68876.089,70094.635,65471.073891625,7.093715262
BTC/USD,2026-02-17,67469.765,69494.165,66567.2065,0.667319209
BTC/USD,2026-02-18,66428.03,72420,65830.8775,1.500122978
BTC/USD,2026-02-19,66971.475,69908.58355469,64930.03030303,1.262079396
BTC/USD,2026-02-20,67998.0565,74102.0080634515,66256.8857043335,2.016378279
BTC/USD,2026-02-21,67952.7625,70687.8633020275,67410.709588374,0.969616954
BTC/USD,2026-02-22,67605.819,68262.9,67140.402921374,1.139144685
BTC/USD,2026-02-23,64628.779,68409.9252651145,63857.385,7.930917653
BTC/USD,2026-02-24,64061.71,64999.592,62549.55,4.629204541
BTC/USD,2026-02-25,67989.963,69974.7,62323.901462617,5.711977289
BTC/USD,2026-02-26,67482.7965,68865.2,65404.0659334975,3.617591146
BTC/USD,2026-02-27,65863.21,68231.243,63380.2358128075,1.903839252
BTC/USD,2026-02-28,66978.5,67731.22,59733.9901477825,8.789314422
BTC/USD,2026-03-01,65769.3445,68835.898602236,64414.7783251225,1.170976801
BTC/USD,2026-03-02,68841.1155,73105.6947027185,65261.8625,1.472738013
BTC/USD,2026-03-03,68353.501,69258.225,66282.897,2.321637984
BTC/USD,2026-03-04,72700.389,74351.269035532,67413.955,7.365375193
BTC/USD,2026-03-05,70887.205,73586.17,70634.665,2.420227579
BTC/USD,2026-03-06,68108.84,71426.625,67730.86,3.644678503
BTC/USD,2026-03-07,67269.1495,69450,66934,1.0264353
BTC/USD,2026-03-08,65969.3405,69450,65619.43,2.920406116
BTC/USD,2026-03-09,68438.995,70951.02970297,65814.995,2.481944421
BTC/USD,2026-03-10,69954.483,71788.069,68362.904,4.532637343
BTC/USD,2026-03-11,70196.607,71351.3355,69003.95,1.697578111
BTC/USD,2026-03-12,70528.61,71211.2881014865,69211.1,5.836275591
BTC/USD,2026-03-13,70928.09,73980.551,70378.85,3.183704433
BTC/USD,2026-03-14,71221.364,71496.8545,70330.85,1.559950974
BTC/USD,2026-03-15,72815.7815,73252.78,70876.815,1.327627764
BTC/USD,2026-03-16,74891.063,74930.5,72293.65,5.493906611
BTC/USD,2026-03-17,73939.296,76000,73437.349930625,2.16284034
BTC/USD,2026-03-18,71250.805,74707.82,70514.578,2.491410606
BTC/USD,2026-03-19,69916.5875,71621.335,68805.795,3.938311652
BTC/USD,2026-03-20,70504.942,71348.1,69370.245,1.307615799
BTC/USD,2026-03-21,68919.985,71049.13,68608.45,0.878047323
BTC/USD,2026-03-22,67857.105,69582.0725,67339.7325,3.792680542
BTC/USD,2026-03-23,70873.175,71803.02463153,67422.335,5.83927765
BTC/USD,2026-03-24,70523.71,71392.4425,68906.9,2.125001139
BTC/USD,2026-03-25,71285.6825,71994.6,70189,2.831221839
BTC/USD,2026-03-26,68766.1,71420.2075,68114.215,2.091267757
BTC/USD,2026-03-27,66356.101,69864.33502538,65519.025,5.102947115
BTC/USD,2026-03-28,66310.475,67244.35,65864.75,1.750383021
BTC/USD,2026-03-29,65949.275,67075.221185235,64939.094,1.264417122
BTC/USD,2026-03-30,66742.5205,68128.115,65463.58975941,1.563268046
BTC/USD,2026-03-31,68229.221,68531.12205,65900,1.707060713
BTC/USD,2026-04-01,68125.825,69466.11996627,67528.35,3.034861757
BTC/USD,2026-04-02,66908.78,68663.6,65517.24137931,1.746275131
BTC/USD,2026-04-03,66961.45,67293.2523,66252.479,1.117036142
BTC/USD,2026-04-04,67302.65,67548.663,66771.381,0.502599049
BTC/USD,2026-04-05,69010.765,69118.128,66628.09545,1.612775404
BTC/USD,2026-04-06,68854.292,70369.3615,68327.745,2.117116083
BTC/USD,2026-04-07,71904.95,72795.965,67716.315656155,3.915652417
BTC/USD,2026-04-08,71070.7255,72862.905,70712,2.930363342
BTC/USD,2026-04-09,71795.844,73136.856,70473.36,2.338176729
BTC/USD,2026-04-10,72988.8145,73450,71427.0805,0.992419421
BTC/USD,2026-04-11,73092.8525,73836.8555,72535.4,1.173089808
BTC/USD,2026-04-12,70768.5585,73252.33652416,70518.179739625,1.116048531
BTC/USD,2026-04-13,74454.93,74933.9185,70572.54,2.295846483
BTC/USD,2026-04-14,74184.345,76122.04,73850.65,8.763509504
BTC/USD,2026-04-15,74845.7925,75433.75,73544.597,2.279157195
BTC/USD,2026-04-16,75165.26,75564.889,73342.04013594,6.399676277
BTC/USD,2026-04-17,77095.58,78348.322,74558.565,6.922719998
BTC/USD,2026-04-18,75743.693,77464.31,75500.15,1.268942591
BTC/USD,2026-04-19,73821.16,76289.8675,73808.0415,1.290907477
BTC/USD,2026-04-20,75877.9125,76596.1165,73765.48,4.187057255
BTC/USD,2026-04-21,76348,76917.758,74812.89,2.97969256
BTC/USD,2026-04-22,78226.295,80841.624365481,76146.445,6.169016536
BTC/USD,2026-04-23,78278.1,78709.525,76974.494,4.533395678
BTC/USD,2026-04-24,77463.9495,78601.7,77264.1,2.940506469
BTC/USD,2026-04-25,77653.895,77910.955,77187.6385,2.406288096
BTC/USD,2026-04-26,78662.64,78960.697,77328.5094,0.842888376
BTC/USD,2026-04-27,77363.501,79469.1,76412.14,6.943869422
BTC/USD,2026-04-28,76320.193,77502.66,75639.03,0.73208484
BTC/USD,2026-04-29,75756.385,77889.8475,74924.69,1.868854038
BTC/USD,2026-04-30,76307.37,76624.8575,75312.05,6.517664849
BTC/USD,2026-05-01,78235.2,78964.386,76283.8565,1.116172928
BTC/USD,2026-05-02,78695.9795,79147.41415,78014.8,0.73418231
BTC/USD,2026-05-03,78572.25,79423.62266,78073.54464,0.541831692
BTC/USD,2026-05-04,79858.74,80770.0965,78208.265,4.135554378
BTC/USD,2026-05-05,80899.584,81796.34,79783.5,1.852143694
BTC/USD,2026-05-06,81445.9915,82826.367,80735.794371155,1.368316632
BTC/USD,2026-05-07,79994.645,81714.1095,79514.625,1.355153176
BTC/USD,2026-05-08,80188.0055,80471.23,79211.9,1.205627169
BTC/USD,2026-05-09,80656.21,81062.76,80106.4,0.596978118
BTC/USD,2026-05-10,82198.05,82437.508656,80269.1705,0.569976982
BTC/USD,2026-05-11,81738.608,82381.665,80435.65,1.044865242
BTC/USD,2026-05-12,80481.45,81791.15,79814.1,1.334063112
BTC/USD,2026-05-13,79291.35,81305.624,78667,2.591192298
BTC/USD,2026-05-14,81079.029,82069.5,78908,2.037775803
BTC/USD,2026-05-15,79062.715,81657.03,78620,2.003246859
BTC/USD,2026-05-16,78120.17241789,79213.8,77636,0.910729487
BTC/USD,2026-05-17,77404.315,78541.25,76757.850736453,0.986072805
BTC/USD,2026-05-18,76947.1,77780.3,76015.818,2.067540153
BTC/USD,2026-05-19,76762.9,77344.95,76065.965,1.777966238
BTC/USD,2026-05-20,77464.3,77788,76432.9015,1.366891148
BTC/USD,2026-05-21,77556.085,78136.65,76620.245,1.772690621
BTC/USD,2026-05-22,75437.2,77835.7,74876.84729064,2.803108688
BTC/USD,2026-05-23,76641.593,77316.489,74245.049,1.474783232
BTC/USD,2026-05-24,76982.6,77395.5505,76015.265,0.920625661
BTC/USD,2026-05-25,77255.945,77833.535,76797.1,1.505374361
BTC/USD,2026-05-26,75821.7315,78041.46,75555.095,1.302319504
BTC/USD,2026-05-27,74325.16,76020.3,74080.36,2.440209898
BTC/USD,2026-05-28,73510.345,74488.377,72430.9,2.11543041
BTC/USD,2026-05-29,73381.563,74235.2455,72413.793103448,1.361576515
BTC/USD,2026-05-30,73785.85,74023.461,73136,1.036764509
BTC/USD,2026-05-31,73591.625,74157.863,73186.63,0.64424697
BTC/USD,2026-06-01,71308.8,74006.017,70555.48,3.347867022
BTC/USD,2026-06-02,66645.9495,71315.85,66110.766,5.013468456
BTC/USD,2026-06-03,64048.185,67424.63,64004.955,6.248337478
BTC/USD,2026-06-04,63809.182,65292.62,61308.7940886695,7.957914032
BTC/USD,2026-06-05,61024.186,63907.113,59102.128,8.67914737
BTC/USD,2026-06-06,60848.615,61735.455,59460.9425,2.408691798
BTC/USD,2026-06-07,63306.91,64887.31,60711.6035,6.864359337
BTC/USD,2026-06-08,63057.16,64212.8,62370.5005,6.931700543
BTC/USD,2026-06-09,61690.4,63496.95,60731.507,2.22830145
BTC/USD,2026-06-10,61449.77,62808.225,60730.6175,1.364318602
BTC/USD,2026-06-11,63562.9535,63852.378,61444.9,1.872127754
BTC/USD,2026-06-12,63533.795,64380.3,62754.058,0.967610808
BTC/USD,2026-06-13,64424.445,64730.383,63398.1,0.479855816
BTC/USD,2026-06-14,65700.9975,65770.7725,63634.7095,1.282761264
BTC/USD,2026-06-15,66283.2705,67272.484,65307.8975,2.719675333
BTC/USD,2026-06-16,65607.131,66950.9405,65284.9,1.540537812
BTC/USD,2026-06-17,64439.135,66379.665,63850.45,1.612099818
BTC/USD,2026-06-18,62877.7515,64752.176,62171.2745,1.584112263
BTC/USD,2026-06-19,63489.2865,63597.7,62246.445,1.010594159
BTC/USD,2026-06-20,64242.124,64323.36,63137.8105,0.779100173
BTC/USD,2026-06-21,63247.14,64505.4,63206.481,0.381541329
BTC/USD,2026-06-22,63935.716,65550.975,63233.005,1.609707296
BTC/USD,2026-06-23,62649.023,64213.135,61859.6,1.513359397
BTC/USD,2026-06-24,60968.2355,63131.6,59017.2,3.376628573
BTC/USD,2026-06-25,59701.6235,61865.5285,58040.444325123,3.34578077
BTC/USD,2026-06-26,60013.14,60956.011562156,58237.6355,3.107398489
BTC/USD,2026-06-27,59953.0195,60986.911562156,59768.535,0.865739453
BTC/USD,2026-06-28,59476.28,60461.82,58825.15,1.007344574
BTC/USD,2026-06-29,60164.6785,60720.7,58814.2,1.589031708
BTC/USD,2026-06-30,58531.1355,60192.815,58065.4,2.919734199
BTC/USD,2026-07-01,59965.807,61250.3285,57722.05,2.197432038
BTC/USD,2026-07-02,61492.33,62125.1,59521.8,1.659097889
BTC/USD,2026-07-03,62514.7295,62902.762,61160.2,1.081619686
BTC/USD,2026-07-04,63089.4675,63424.27,62251.3,2.575807197
BTC/USD,2026-07-05,63591.4075,63940.6,62404.0755,1.503529602
BTC/USD,2026-07-06,64016.73,64642.195,61253.8435,1.597966861
BTC/USD,2026-07-07,63331.463,64292.805,62614.2665,1.507123381
BTC/USD,2026-07-08,62244.95,63725.5465,61459.9,1.322882472
BTC/USD,2026-07-09,63162.3145,63445.2395,61637.37,0.969252947
BTC/USD,2026-07-10,64124.2125,64682.13,62904.09,1.305639006
BTC/USD,2026-07-11,63769.195,64501.215,63768.4315,0.39318239
BTC/USD,2026-07-12,63745.485,64250.18,63614.433,0.579647496
BTC/USD,2026-07-13,62274.3835,64370.7435,61746.8,2.097888299
BTC/USD,2026-07-14,64993.4685,65052.44,62191.3025,2.787442254
BTC/USD,2026-07-15,64724.265,65536.25,64427.907,1.465639375
BTC/USD,2026-07-16,63783.116,65419.715,63684.71,1.851488178
BTC/USD,2026-07-17,63893.2235,64368.14,62451.8725,1.991405661
BTC/USD,2026-07-18,64809.186,64836.89,63818.807,0.781988902
BTC/USD,2026-07-19,64680.689,64920.09,64234.13,0.767565191
BTC/USD,2026-07-20,65206.45,65762.7,63710.3,1.542543803
BTC/USD,2026-07-21,66527.9915,66933.6,65095.84,2.017070842
BTC/USD,2026-07-22,66081.592,66720.472,65516.1,2.165775297
BTC/USD,2026-07-23,65068.3985,66290.653,64607.3,0.491874118
BTC/USD,2026-07-24,64096.493,65777.83,63642.8,3.163769108
BTC/USD,2026-07-25,64296.805,64412.5,63706.8,0.754169997
BTC/USD,2026-07-26,65334.7725,65514.9945,64200.435,1.111122215
BTC/USD,2026-07-27,63701.95,65695.5885,63533.5505,1.209465465
BTC/USD,2026-07-28,63846.5505,64033.825,62664.795,1.159690524
BTC/USD,2026-07-29,63901.2355,64662.512,63197.42,1.937077481
BTC/USD,2026-07-30,64728.6635,65079.045,63496.15,0.842642569
BTC/USD,2026-07-31,62812.559,65351.6785,62404.2115,3.301460514
BTC/USD,2026-08-01,62760.205,63122.5,62217.385,1.03753586
BTC/USD,2026-08-02,63511.33,63732.348,62747.2,1.353200754
BTC/USD,2026-08-03,63454.235,64037.84,62216.207,1.89874775
BTC/USD,2026-08-04,64062.789,64498.84,63246.715,1.736927093
BTC/USD,2026-08-05,64595.1,64980.128,63821.13,1.383129595
BTC/USD,2026-08-06,64257.835,64941.95,64079.064,0.594505423
BTC/USD,2026-08-07,64895.737,65368.08,64081.3,1.205143732
BTC/USD,2026-08-08,64895.125,65156.1,64758.238,0.533082453
BTC/USD,2026-08-09,64859.6095,65387.94,64689.1,1.059575483
BTC/USD,2026-08-10,63916.429,65364.19,63738.51,1.241577414
BTC/USD,2026-08-11,63525.9,64439.4845,63157.78,1.474746575
BTC/USD,2026-08-12,63411.795,64477.35,63243.18,0.962213735
BTC/USD,2026-08-13,63428.79,63954.07,62770.85,0.797691877
BTC/USD,2026-08-14,62978.315,63587,62467.464218781,1.170401481
BTC/USD,2026-08-15,63023.085,63139.05,62815,0.447021532
BTC/USD,2026-08-16,62852.7345,63320.032,62626.2,0.346038981
BTC/USD,2026-08-17,64485.5625,64572.9005,62678.4815,1.595465338
BTC/USD,2026-08-18,64685.7545,65028.875,63973.88,2.942936324
BTC/USD,2026-08-19,69310.8295,70016.0325,64082.455,4.87880552
BTC/USD,2026-08-20,73012.245,73387.464,68844.6075,6.035446086
BTC/USD,2026-08-21,78332.014,79490.191,73006.4635,11.346179643
BTC/USD,2026-08-22,77057.7,79061.369025481,76526,2.774891945
BTC/USD,2026-08-23,77733.4255,78045.66,75569.175,1.572955474
BTC/USD,2026-08-24,78981.3,79994.9,76669.5,4.596615094
BTC/USD,2026-08-25,78530.8,81218.274111675,77847.129,3.826329034
BTC/USD,2026-08-26,79021.975,79251.11,77623.0285,1.528273398
BTC/USD,2026-08-27,80270.715,80825.408,78558.001,2.048709172
BTC/USD,2026-08-28,77836.953,81446.881,76885.3855,3.794350842
BTC/USD,2026-08-29,78234.53,78330.4625,77375.2445,0.94595115
BTC/USD,2026-08-30,77675.675,79393.7945,77018.06,7.879305689
BTC/USD,2026-08-31,78567.102,79253.3375,77369.36,6.743332505
BTC/USD,2026-09-01,77404.84,79199.5865,76378.92,3.184998383
BTC/USD,2026-09-02,77313.05,77751.77,76222.3285,0.659961253
BTC/USD,2026-09-03,81269.4915,82233.502538071,76938.616,4.346611731
BTC/USD,2026-09-04,79676.7475,81436.469,78628.2305,2.304056527
BTC/USD,2026-09-05,79841.951,80211.8615,79462.0805,0.496231404
BTC/USD,2026-09-06,80343.4945,80558.2305,79302.9085,0.407681761
BTC/USD,2026-09-07,79096.805,80460.7655,78671.47,1.044902508
BTC/USD,2026-09-08,78448.681,79480.805,77605.345,0.629209159
BTC/USD,2026-09-09,78283.41,79748.4325,77757.591,1.768376206
BTC/USD,2026-09-10,76535.875,78530.3175,76450.69,2.618561963
BTC/USD,2026-09-11,77212.8315,79846.235,76141.915,1.685836441
BTC/USD,2026-09-12,77266.385,77487.6,77053.296,0.504737013
BTC/USD,2026-09-13,76805.278,77426.3,76487.555,0.856020992
BTC/USD,2026-09-14,78177.3755,79599.864,76355.323,1.544255403
BTC/USD,2026-09-15,75586.34,78259.214,74908.81,17.411184871
BTC/USD,2026-09-16,76145.8,76483.16625,74981.01,14.909577443
BTC/USD,2026-09-17,76356.6755,77094.4,75935.1955,2.419762221
BTC/USD,2026-09-18,80872.5325,81384.87,76227.145,2.737253259
BTC/USD,2026-09-19,81239.166,81927,80819.73,1.835942411
BTC/USD,2026-09-20,81164.345,81468.151,80103.15,0.891471902
BTC/USD,2026-09-21,86596.5,87384.8685,80843.4595,18.284198648
BTC/USD,2026-09-22,86193.985,86708.2555,85051.609,3.531050314
BTC/USD,2026-09-23,84382.297,87274.845,83516.398,17.337370984
BTC/USD,2026-09-24,84385.745,84908.692,82864.51,1.683051391
BTC/USD,2026-09-25,84085.5,85256.073,83150.45,1.693729518
BTC/USD,2026-09-26,84411.425,84446.376,83777.978,0.475761359
BTC/USD,2026-09-27,84457.95,85141.4195,84113.9685,0.472826537
BTC/USD,2026-09-28,83454.24,84986.93,82547.935,1.505409361
BTC/USD,2026-09-29,83630.32,84530.68,82739.965,0.704080262
BTC/USD,2026-09-30,83562.55,85609.3315,82916.25,1.178524667
BTC/USD,2026-10-01,84844.7065,85242.1465,83128.658,1.77654332
BTC/USD,2026-10-02,84503.075,87230.54,83858.5885,2.601904702
ETH/USD,2024-10-01,2450.082,2657.565,2415.0675,72.504733611
ETH/USD,2024-10-02,2365.145,2498.7945,2352.97,51.775390172
ETH/USD,2024-10-03,2348.6945,2402.615,2310.2,37.149008699
ETH/USD,2024-10-04,2414.655,2439.984,2339.15,70.913955682
ETH/USD,2024-10-05,2415.2715,2427.8,2390.5915,0.94276761
ETH/USD,2024-10-06,2439.3205,2456.93,2407.27,2.051246699
ETH/USD,2024-10-07,2421.7195,2520.09,2403.7388337465,107.46409995
ETH/USD,2024-10-08,2439.9275,2464.0185,2400.9985,14.203361196
ETH/USD,2024-10-09,2367.107,2471.785,2350.015,19.567768616
ETH/USD,2024-10-10,2384.305,2425.698945565,2329.031,24.413365857
ETH/USD,2024-10-11,2437.65,2470.785,2380.239,10.74534601
ETH/USD,2024-10-12,2476.0875,2488.75,2434.285,53.584749629
ETH/USD,2024-10-13,2468.57,2484.25,2437.098,26.458415769
ETH/USD,2024-10-14,2629.12,2653.1,2443.411,55.167298629
ETH/USD,2024-10-15,2605.54,2686.146095717,2538.01,25.728027524
ETH/USD,2024-10-16,2610.453,2645.3555,2589.387,16.452778356
ETH/USD,2024-10-17,2603.855,2645.5905,2575.77,3.964481868
ETH/USD,2024-10-18,2641.245,2675.6875,2595.2495,5.72309452
ETH/USD,2024-10-19,2648.35,2661.813,2631.533,1.855506859
ETH/USD,2024-10-20,2744.66,2758.304,2635.678,13.781419846
ETH/USD,2024-10-21,2666.285,2768.4965,2655.361,50.572275401
ETH/USD,2024-10-22,2619.9505,2670.1075,2604.725,26.248419807
ETH/USD,2024-10-23,2523.4975,2625.2955,2450.394,44.280475308
ETH/USD,2024-10-24,2533.8575,2558.52,2506.525,23.6968254
ETH/USD,2024-10-25,2437.77,2563.865,2380.72,23.234001094
ETH/USD,2024-10-26,2479.48,2503.54,2426.222,4.966393138
ETH/USD,2024-10-27,2505.64,2523.004735516,2461.41,1.828824306
ETH/USD,2024-10-28,2564.255,2587.415,2468.705,28.798897182
ETH/USD,2024-10-29,2638.5965,2682.11,2560.17,16.521342704
ETH/USD,2024-10-30,2655.765,2721,2600.7,86.329010791
ETH/USD,2024-10-31,2515.095,2667.5545,2501.009,52.783799366
ETH/USD,2024-11-01,2510.61,2584.881,2466.341,5.883469281
ETH/USD,2024-11-02,2491.9095,2521.52,2470.1175,9.683531172
ETH/USD,2024-11-03,2456.735,2495.3235,2410.535,25.784948436
ETH/USD,2024-11-04,2396.25,2506.92,2356.1345,18.593536597
ETH/USD,2024-11-05,2422.025,2498.1467707555,2379.7565,34.995948823
ETH/USD,2024-11-06,2722.615,2745.204469773,2420.1245,140.670715709
ETH/USD,2024-11-07,2895.1035,2918.75,2701.65,52.910853862
ETH/USD,2024-11-08,2964.4615,2985.9525,2889.8945,23.541117855
ETH/USD,2024-11-09,3130.1915,3156.93,2957.255,35.200719262
ETH/USD,2024-11-10,3188.5,3252.7455,3071.275,50.766365653
ETH/USD,2024-11-11,3378.5,3392.345,3109.09,84.552735517
ETH/USD,2024-11-12,3249.81,3445.4615,3211.9315,126.135698438
ETH/USD,2024-11-13,3193.675,3340,3122.038,69.377521098
ETH/USD,2024-11-14,3060.575,3239.8,3031.784,75.573177148
ETH/USD,2024-11-15,3089.465,3131.635,3015.248,59.596481064
ETH/USD,2024-11-16,3132.24,3219.416,3075.45,53.452829429
ETH/USD,2024-11-17,3074.5045,3161.42,3038.2075,36.936803985
ETH/USD,2024-11-18,3207.0535,3226.605,3052.7495905705,31.869063742
ETH/USD,2024-11-19,3111.9705,3222.87,3072.0838709675,26.000826283
ETH/USD,2024-11-20,3073.525,3161.087,3033.2795,31.916610971
ETH/USD,2024-11-21,3362.542,3391.05,3036.009,229.514096615
ETH/USD,2024-11-22,3334.1755,3429.2775,3262.944,71.407770827
ETH/USD,2024-11-23,3396.6035,3499.8,3317.605,96.901637673
ETH/USD,2024-11-24,3366.247,3450,3286.938,19.002903941
ETH/USD,2024-11-25,3413.0765,3546.03,3306.341,74.711570927
ETH/USD,2024-11-26,3325.906,3462.5925,3255.375,38.064504638
ETH/USD,2024-11-27,3657.99,3689.35,3302.214,84.932936914
ETH/USD,2024-11-28,3582.709,3665.53,3531.3125,33.3094698
ETH/USD,2024-11-29,3595.3605,3650.63,3536.51,22.922769213
ETH/USD,2024-11-30,3708.435,3737.91,3570.89,46.815053885
ETH/USD,2024-12-01,3713.509,3748.635,3663.145,43.660852072
ETH/USD,2024-12-02,3643.675,3764.115,3558.045,24.825356539
ETH/USD,2024-12-03,3620.14,3671,3503.715,77.611668557
ETH/USD,2024-12-04,3843.0245,3898.172,3617.8165,84.195104918
ETH/USD,2024-12-05,3791.75,3958.9615,3686.2255,110.924747382
ETH/USD,2024-12-06,4008.68,4096.657,3785.296,51.107822499
ETH/USD,2024-12-07,4004.895,4031.425,3977.05,16.391796139
ETH/USD,2024-12-08,4005.126,4018.6845,3927.635,93.015906545
ETH/USD,2024-12-09,3718.459,4008.5925,3512.419,121.379525531
ETH/USD,2024-12-10,3633.863,3782.205,3519.505,88.82420603
ETH/USD,2024-12-11,3833.1955,3852.85,3567.175,47.76348892
ETH/USD,2024-12-12,3882.5705,3988.3175,3802.578,27.838913027
ETH/USD,2024-12-13,3910.4,3968.711,3855.4895,21.017684959
ETH/USD,2024-12-14,3872.327,3946.5535,3827.3510868485,75.914226548
ETH/USD,2024-12-15,3957.028,3973.25,3831.9015,82.904153595
ETH/USD,2024-12-16,3991.25,4109.75,3881.9,81.12003975
ETH/USD,2024-12-17,3892.04,4040,3852.44,69.164286075
ETH/USD,2024-12-18,3624.108,3904.797,3617.06,81.999523776
ETH/USD,2024-12-19,3416.1275,3717.5165,3325.438,143.871603532
ETH/USD,2024-12-20,3473.341,3499.76,3098.3835,94.80162797
ETH/USD,2024-12-21,3337.478,3553.053,3292.6895,26.336538287
ETH/USD,2024-12-22,3278.15,3399.745,3218.916,6.627878641
ETH/USD,2024-12-23,3418.0675,3462.3152,3216.347,10.376913133
ETH/USD,2024-12-24,3493.8695,3537.653,3318.3423945405,27.210943844
ETH/USD,2024-12-25,3492.4785,3544.862,3440.6735,91.249105889
ETH/USD,2024-12-26,3329.475,3511.125,3302.45,29.464946809
ETH/USD,2024-12-27,3328.291,3437.495,3301.661,7.26941435
ETH/USD,2024-12-28,3397.5895,3421.201,3319.1535,27.258469592
ETH/USD,2024-12-29,3349.408,3407.411,3320.766,2.875096216
ETH/USD,2024-12-30,3358.6115,3430.2855,3297.665,14.856976527
ETH/USD,2024-12-31,3333.125,3447.941,3311.53,4.46291897
ETH/USD,2025-01-01,3354.2915,3366.959,3308.65,2.153334973
ETH/USD,2025-01-02,3451.765,3505.1286146095,3349.05,58.166149912
ETH/USD,2025-01-03,3604.91,3626.642015113,3421.558,27.598661113
ETH/USD,2025-01-04,3658.2125,3670.5,3573.7735,26.943339652
ETH/USD,2025-01-05,3636.49,3675.2635,3594.41,5.364544473
ETH/USD,2025-01-06,3688.034,3742.4195,3610.278,24.021868937
ETH/USD,2025-01-07,3383.046,3700.7735,3357.5265,42.47969325
ETH/USD,2025-01-08,3326.187,3414.376,3208.752,35.621801241
ETH/USD,2025-01-09,3220.764,3357.42,3158.5633995035,40.319477226
ETH/USD,2025-01-10,3266.7,3320.8,3156.426799007,9.459511491
ETH/USD,2025-01-11,3280.565,3318.59,3218.39,1.543888934
ETH/USD,2025-01-12,3267,3297.552,3223.45,3.978575907
ETH/USD,2025-01-13,3135.74,3335.805,2920.1615,67.864681034
ETH/USD,2025-01-14,3223.36,3256.6,3124.14,22.988677671
ETH/USD,2025-01-15,3450.394,3474.3052644835,3185.94,64.349810536
ETH/USD,2025-01-16,3305.5075,3460.015,3265.7385,65.047990018
ETH/USD,2025-01-17,3476.0145,3526.44836272,3305.9,12.879346864
ETH/USD,2025-01-18,3307.8845,3496.495,3227.0635,88.46770472
ETH/USD,2025-01-19,3213.995,3444.4219143575,3127.949934243,115.937755441
ETH/USD,2025-01-20,3278.97,3445.8344143575,3141.4,36.268427581
ETH/USD,2025-01-21,3327.2645,3367.6045,3202.5,23.044298825
ETH/USD,2025-01-22,3241.87,3365.45,3223.305,17.717518831
ETH/USD,2025-01-23,3341.02,3348.929,3183.387,41.037612488
ETH/USD,2025-01-24,3308.905,3425.346347607,3276.9105,24.581657134
ETH/USD,2025-01-25,3318.05,3348.6,3270.985,5.236744209
ETH/USD,2025-01-26,3234.173,3361.2,3228.8245,7.408749679
ETH/USD,2025-01-27,3180.842,3251.7,3022.3335,66.814366911
ETH/USD,2025-01-28,3078.329,3223.1755,3040.2075,31.404276294
ETH/USD,2025-01-29,3113.05,3180.8725,3054.8015,22.709092022
ETH/USD,2025-01-30,3247.2,3281.6505,3093.435,21.726120892
ETH/USD,2025-01-31,3298.4475,3440.1,3215.42,101.764728916
ETH/USD,2025-02-01,3119.6965,3331.2765,3102.5985,20.270697659
ETH/USD,2025-02-02,2868.7705,3161.99,2755.15,62.717671321
ETH/USD,2025-02-03,2884.5695,2923.55,2147.455,212.091602596
ETH/USD,2025-02-04,2733.53,2890.663,2635.05,76.3185687
ETH/USD,2025-02-05,2788.51,2828.4475,2699.8525,43.122591345
ETH/USD,2025-02-06,2689.224,2858.55,2657.465,74.471838872
ETH/USD,2025-02-07,2622.825,2799.0805,2564.39,39.250665798
ETH/USD,2025-02-08,2633.8175,2667.55,2590.4490818855,12.862604778
ETH/USD,2025-02-09,2629.1435,2697.632215,2524.1095,16.941513179
ETH/USD,2025-02-10,2660.3515,2692.05934005,2561.521,35.076178207
ETH/USD,2025-02-11,2603.905,2724.878,2561.3495,62.289301004
ETH/USD,2025-02-12,2736.957,2795.425,2550.271,18.038752401
ETH/USD,2025-02-13,2676.435,2756.8,2614.7025,16.012181105
ETH/USD,2025-02-14,2725.67,2791.05865,2665.877,19.459357906
ETH/USD,2025-02-15,2692.6,2739.5785,2665.85,8.534106289
ETH/USD,2025-02-16,2664.435,2725.5,2653.802,6.380866344
ETH/USD,2025-02-17,2743,2849.05,2641.2395,84.956164705
ETH/USD,2025-02-18,2669.35,2757.0135,2606.75,101.831423935
ETH/USD,2025-02-19,2715.381,2736.919,2655.5,14.100680302
ETH/USD,2025-02-20,2740.318,2770.5681,2708.515,6.210824274
ETH/USD,2025-02-21,2661.25,2843.78609,2615.108,169.87819702
ETH/USD,2025-02-22,2763.075,2797.662,2651.65,63.270423804
ETH/USD,2025-02-23,2820.86,2843.98109,2747.2835,65.710109841
ETH/USD,2025-02-24,2515.6035,2839.112,2472.8925,74.768769232
ETH/USD,2025-02-25,2494.0765,2652.5064516125,2325.883,74.153450271
ETH/USD,2025-02-26,2334.416,2504.13,2253.085,58.87111454
ETH/USD,2025-02-27,2307.3,2379,2228.28,39.420446841
ETH/USD,2025-02-28,2235.3645,2311.0995,2074.8045,100.858039931
ETH/USD,2025-03-01,2215.693,2280.0815,2142.375,83.277847421
ETH/USD,2025-03-02,2520.25,2551.195,2172.486,72.509312461
ETH/USD,2025-03-03,2146.391,2523.9,2095.78,98.125916485
ETH/USD,2025-03-04,2169.725,2294.4827586205,1994.304,45.049430237
ETH/USD,2025-03-05,2242.86,2273.0865,2155.1545,23.484549577
ETH/USD,2025-03-06,2202.357,2319.03,2178.01923075,24.68499079
ETH/USD,2025-03-07,2139.938,2257.237,2102.155,11.123247883
ETH/USD,2025-03-08,2202.22,2234.035,2105.38,9.157773945
ETH/USD,2025-03-09,2018.565,2210.3,1991.0085,46.830440553
ETH/USD,2025-03-10,1862.875,2153.075,1811.3,123.344649206
ETH/USD,2025-03-11,1921.95,1981.9884474,1755.25,97.215824182
ETH/USD,2025-03-12,1908.1545,1956.035,1830.53,54.859370314
ETH/USD,2025-03-13,1863.4,1919.955,1822.710049261,12.682024705
ETH/USD,2025-03-14,1910.461,1945.651,1860.895,34.435702965
ETH/USD,2025-03-15,1936.981,1956.857,1904.252,56.451468348
ETH/USD,2025-03-16,1888.06,1940.925,1861.74,37.433111277
ETH/USD,2025-03-17,1927.97,1951.818,1880.5365,82.22395331
ETH/USD,2025-03-18,1932.455,1935.36,1872.375,62.828726007
ETH/USD,2025-03-19,2057.86,2070.439,1928.1,33.278214576
ETH/USD,2025-03-20,1982.17,2068.083,1952.055,8.962899519
ETH/USD,2025-03-21,1964.335,1995.5,1936.4425,15.145139278
ETH/USD,2025-03-22,1978.945,2006.12,1964.385,25.735393956
ETH/USD,2025-03-23,2006.17,2020.86,1977.45,5.812709961
ETH/USD,2025-03-24,2082.8065,2103.696,1978.45,31.521279066
ETH/USD,2025-03-25,2068.108,2097.97,2019.721514039,40.23214634
ETH/USD,2025-03-26,2008.465,2079.46,1983.0372492584,44.123457931
ETH/USD,2025-03-27,2002.05,2036.7,1986.63,25.260818388
ETH/USD,2025-03-28,1895.198,2015.672,1861.063,85.860329939
ETH/USD,2025-03-29,1828.095,1945.829004926,1798.664778325,69.736624559
ETH/USD,2025-03-30,1806.7625,1919.401,1768.5605496082,20.702958452
ETH/USD,2025-03-31,1823.594,1903.8265496082,1777.1925,24.456286147
ETH/USD,2025-04-01,1906.4875,1927.2665,1818.36,8.205476567
ETH/USD,2025-04-02,1794.128,1955.299,1781.48,53.050012942
ETH/USD,2025-04-03,1816.733,1844.705,1751.01,86.964332996
ETH/USD,2025-04-04,1814.8805,1834.983,1759.505,29.928944306
ETH/USD,2025-04-05,1806.465,1826.495,1764.901,9.447806265
ETH/USD,2025-04-06,1578.5895,1816.316,1537.248,161.521900153
ETH/USD,2025-04-07,1551.686,1649.311094996,788.6624428455,141.224313234
ETH/USD,2025-04-08,1473.42,1617.763,1446.2025,159.616775685
ETH/USD,2025-04-09,1669.878,1688.05,1384.7385,69.171885799
ETH/USD,2025-04-10,1522.097,1668.745,1472.3625,45.247159065
ETH/USD,2025-04-11,1566.95,1589.528,1504.725,42.58945258
ETH/USD,2025-04-12,1642.8165,1668,1546.2975,33.632248518
ETH/USD,2025-04-13,1596.544,1649.222,1562.518,64.016941136
ETH/USD,2025-04-14,1624.415,1690.4805,1595.6675,11.013034645
ETH/USD,2025-04-15,1588.331,1660.48,1583.8175,6.482016519
ETH/USD,2025-04-16,1578.042,1634.370489901,1539.295,41.985430334
ETH/USD,2025-04-17,1582.1455,1616.18,1563.27,41.677926548
ETH/USD,2025-04-18,1588.9,1613.0634517765,1573.745,24.57540032
ETH/USD,2025-04-19,1611.4775,1630.4595,1584.645,3.291559763
ETH/USD,2025-04-20,1585.875,1618.945,1565.38,2.414820666
ETH/USD,2025-04-21,1579.1495,1657.811,1564.16,21.966181869
ETH/USD,2025-04-22,1757.915,1778.1185,1539.807,30.992163923
ETH/USD,2025-04-23,1795.1025,1835.015,1745.89,64.130116859
ETH/USD,2025-04-24,1769.295,1802.9955,1724.373965517,35.222186596
ETH/USD,2025-04-25,1786.75,1827.306583756,1739.9735,45.53598626
ETH/USD,2025-04-26,1821.146,1841.22,1780.6695,55.330339502
ETH/USD,2025-04-27,1793.4,1857.4645,1784.42,4.278618328
ETH/USD,2025-04-28,1798.9095,1846.2404040905,1746.2265,17.478138425
ETH/USD,2025-04-29,1799.04,1842.2745,1781.255,22.589041093
ETH/USD,2025-04-30,1793.1065,1817.758,1732.5065,27.499480116
ETH/USD,2025-05-01,1839.705,1873.555,1792.7925,41.540745024
ETH/USD,2025-05-02,1843.3035,1870.55,1806.84729064,10.611149998
ETH/USD,2025-05-03,1833.8245,1848.825,1811.325,8.650188346
ETH/USD,2025-05-04,1808.535,1850.15,1803.934,6.078433735
ETH/USD,2025-05-05,1818.5645,1832.399,1783.6641157635,18.380659096
ETH/USD,2025-05-06,1815.61,1821.254,1752.32,44.90188893
ETH/USD,2025-05-07,1811.12,1848.2765,1787.3545,24.561955483
ETH/USD,2025-05-08,2206.386,2224.888,1809.09,119.715221329
ETH/USD,2025-05-09,2346.475,2487.924,2184.86,108.221509822
ETH/USD,2025-05-10,2583.5325,2599.8145,2319.6045,100.790518739
ETH/USD,2025-05-11,2514.07,2606,2438.96,39.778668757
ETH/USD,2025-05-12,2496.899,2623.229,2409.657,84.550946799
ETH/USD,2025-05-13,2679.405,2736.25,2391.8881748385,79.549001754
ETH/USD,2025-05-14,2610.6685,2724.35,2548.6275,29.91349958
ETH/USD,2025-05-15,2546.924,2647.45,2479.784,62.004009692
ETH/USD,2025-05-16,2536.54,2648.1,2531,21.516322131
ETH/USD,2025-05-17,2474.7075,2538.7505,2448.3625,35.919534865
ETH/USD,2025-05-18,2499.62,2587.3,2334.77,37.329568614
ETH/USD,2025-05-19,2529.8915,2547.57,2350.58,83.452689491
ETH/USD,2025-05-20,2524.3,2588.61,2446.364,65.613269447
ETH/USD,2025-05-21,2553.63,2616.6815,2454.747,46.295534095
ETH/USD,2025-05-22,2666.64,2692.355,2545.9195,79.817239458
ETH/USD,2025-05-23,2527.95,2733.2555,2491.411551724,52.618587671
ETH/USD,2025-05-24,2532.08,2578.4,2516.665,38.478619405
ETH/USD,2025-05-25,2554.61,2555.55,2465.64,12.961410195
ETH/USD,2025-05-26,2564.36,2600.11,2527.974,35.604449622
ETH/USD,2025-05-27,2663.5865,2713.795,2511.03,42.129132244
ETH/USD,2025-05-28,2682.05,2690.5445,2611.8687192115,19.551118932
ETH/USD,2025-05-29,2632.75,2788.69,2619.757,28.061364775
ETH/USD,2025-05-30,2530.033,2648.9255,2509.152,10.976070718
ETH/USD,2025-05-31,2528.755,2551.255,2478.1215,24.245138116
ETH/USD,2025-06-01,2537.955,2549.193,2471.737,9.492323271
ETH/USD,2025-06-02,2606.8005,2616.4915,2476.2205,25.778808738
ETH/USD,2025-06-03,2593.541,2655.091,2581.785,29.996295947
ETH/USD,2025-06-04,2608.4515,2680.215,2585.72,34.42870719
ETH/USD,2025-06-05,2417.48,2641.41,2394.544334975,52.012575592
ETH/USD,2025-06-06,2478.159,2531.94,2386.3305,27.455232373
ETH/USD,2025-06-07,2527.27,2544.448,2459.406,6.531509408
ETH/USD,2025-06-08,2510.85,2551.1304926105,2493.43,4.838832305
ETH/USD,2025-06-09,2679.965,2694.55,2471.426551724,24.583863347
ETH/USD,2025-06-10,2816.051,2825.5725,2658.1215,84.874784601
ETH/USD,2025-06-11,2775.685,2879.16,2745.75,71.593656009
ETH/USD,2025-06-12,2643.45,2784.53,2618.559,36.881709111
ETH/USD,2025-06-13,2578.63,2645.9,2440.824,80.228517259
ETH/USD,2025-06-14,2533.9,2580.85,2490.5815,6.729010552
ETH/USD,2025-06-15,2546.2955,2559.036,2493.035,13.574881768
ETH/USD,2025-06-16,2543.3,2681.449,2515.55,24.692910472
ETH/USD,2025-06-17,2511.579,2618.8225,2454.605,43.541642625
ETH/USD,2025-06-18,2524.53,2548.725,2467.15,54.09504812
ETH/USD,2025-06-19,2523.37,2548.218,2486.08,9.077229582
ETH/USD,2025-06-20,2406.1105,2569.36,2368.125,47.534630441
ETH/USD,2025-06-21,2295.6495,2448.14,2216.9465,59.549776782
ETH/USD,2025-06-22,2227.4735,2314.45,2114.91,93.993239146
ETH/USD,2025-06-23,2412.25,2439.081,2191.835,65.395460473
ETH/USD,2025-06-24,2448.922,2482.487,2378.7955,18.45952144
ETH/USD,2025-06-25,2418.514,2470.668,2392.148,29.682537936
ETH/USD,2025-06-26,2417.4,2521.985,2396.19,21.836959283
ETH/USD,2025-06-27,2424.4745,2464,2384.165,9.437024591
ETH/USD,2025-06-28,2436.8895,2449.8,2407.585,33.774064237
ETH/USD,2025-06-29,2501.915,2524.8325,2413.9,5.103233678
ETH/USD,2025-06-30,2487.2635,2523.685,2435.775,41.874136287
ETH/USD,2025-07-01,2406.1285,2501.596,2389.25,26.60146633
ETH/USD,2025-07-02,2570.35,2618.635,2374.973,49.64356209
ETH/USD,2025-07-03,2591.673,2636.417,2542.432093596,25.312614129
ETH/USD,2025-07-04,2508.4505,2603.01,2475.95,26.485968479
ETH/USD,2025-07-05,2517.875,2530.6025,2490.124,3.429381088
ETH/USD,2025-07-06,2570.36,2605.1035,2505.05,14.603866549
ETH/USD,2025-07-07,2544.072,2590.48,2513.7935,29.115859872
ETH/USD,2025-07-08,2616.5125,2628.56,2524.0585,36.724754097
ETH/USD,2025-07-09,2769.91,2794.03705,2590.9,87.508149362
ETH/USD,2025-07-10,2950.82,2999.9595,2757.91,88.371226109
ETH/USD,2025-07-11,2957.857,3039.58,2914.7455,118.482738278
ETH/USD,2025-07-12,2943.12,2981.1095,2906.711970443,27.32249434
ETH/USD,2025-07-13,2972.3,3020.908,2939.12,13.160067212
ETH/USD,2025-07-14,3015.1105,3084.282,2964.732,60.92938749
ETH/USD,2025-07-15,3138.115,3143.4595,2933.909,45.686346938
ETH/USD,2025-07-16,3374.1075,3426.065,3101.966,96.041646329
ETH/USD,2025-07-17,3479.2255,3522.7363197965,3312.893,118.179270757
ETH/USD,2025-07-18,3548.2795,3676.65,3463.313,106.011018437
ETH/USD,2025-07-19,3594.71,3611.0765,3510.21,18.878590774
ETH/USD,2025-07-20,3759.9215,3825.5705,3582.4365,110.913067269
ETH/USD,2025-07-21,3763.9875,3857.868020304,3706.645,57.350865636
ETH/USD,2025-07-22,3749.1,3799.685,3619.29,83.147572662
ETH/USD,2025-07-23,3630.45,3765.95,3528.624,59.758244002
ETH/USD,2025-07-24,3708.115,3771.7,3509.363,38.418935145
ETH/USD,2025-07-25,3727.494,3745.9285,3576.211,20.58018935
ETH/USD,2025-07-26,3742.8635,3792.25431472,3701.631,21.342948465
ETH/USD,2025-07-27,3874.23,3879.6655,3733.69,39.595468092
ETH/USD,2025-07-28,3798.9365,3940.6955,3755.045,57.644558971
ETH/USD,2025-07-29,3794.6045,3885.4495,3715.6955,37.719724163
ETH/USD,2025-07-30,3809.77,3834.0185,3679.52,24.680001603
ETH/USD,2025-07-31,3698.26,3877.6975,3685.972,71.734604614
ETH/USD,2025-08-01,3486.915,3723.5005,3432.3335,86.506864993
ETH/USD,2025-08-02,3392.1675,3536.3,3368.44,61.491996116
ETH/USD,2025-08-03,3497.965,3520.405,3356.416,24.884504628
ETH/USD,2025-08-04,3721.256,3733,3493.1,27.26300247
ETH/USD,2025-08-05,3612.664,3723.516,3546.545,18.968892217
ETH/USD,2025-08-06,3684.1915,3699.915,3564.561,14.789825218
ETH/USD,2025-08-07,3912.2505,3924.93,3650.5335,69.415483032
ETH/USD,2025-08-08,4009.872,4100,3882.4,86.592493714
ETH/USD,2025-08-09,4262.81,4325.635,4006.966,140.033741255
ETH/USD,2025-08-10,4251.85,4333.162690355,4161.245,21.415882757
ETH/USD,2025-08-11,4223.477,4364.041116751,4167.175,54.366486505
ETH/USD,2025-08-12,4590.675,4640.5,4220.015,84.935288566
ETH/USD,2025-08-13,4751.8,4783.339445,4564.59,69.981017854
ETH/USD,2025-08-14,4549.4615,4788.835485,4458.143,87.415675182
ETH/USD,2025-08-15,4445.15,4670.5875,4371.35,36.068412531
ETH/USD,2025-08-16,4426.5485,4493.73,4378.255,29.39782432
ETH/USD,2025-08-17,4475.03,4576.9845,4400.525,17.556876653
ETH/USD,2025-08-18,4315.031,4484.845,4228.756589508,100.632189378
ETH/USD,2025-08-19,4076.3,4356.8555,4067.46,44.822527394
ETH/USD,2025-08-20,4336.4415,4375.627,4065.345,47.204947257
ETH/USD,2025-08-21,4223.65,4338.845,4204.8,19.260994983
ETH/USD,2025-08-22,4831.3385,4885.353,4209.5055,132.561902949
ETH/USD,2025-08-23,4777.3,4833.13,4664.6815,31.814909769
ETH/USD,2025-08-24,4778.67,4954.4605,4715.6704176675,52.276103079
ETH/USD,2025-08-25,4377.69,4797.0945,4339.913,54.146502464
ETH/USD,2025-08-26,4601.92,4634.385,4317.0425,29.380271639
ETH/USD,2025-08-27,4507.142,4664.78,4485.48375,27.293755851
ETH/USD,2025-08-28,4514.05,4631.3145,4433.9872684725,14.617904131
ETH/USD,2025-08-29,4360.195,4515.8545,4268.6005,46.748655609
ETH/USD,2025-08-30,4375.008,4415.05,4259.87,7.056395168
ETH/USD,2025-08-31,4391.0755,4497.0445,4374.3,17.590987613
ETH/USD,2025-09-01,4314.793,4489.922,4218.024384236,27.039274363
ETH/USD,2025-09-02,4325.1955,4417.557,4259.609,49.6514597
ETH/USD,2025-09-03,4451.7075,4488.6,4285.181,27.962694021
ETH/USD,2025-09-04,4296.478,4480.974264486,4265.282,14.540499542
ETH/USD,2025-09-05,4307.2045,4488.8326537175,4257.175,12.239251098
ETH/USD,2025-09-06,4274.205,4329.2995,4241.33,5.850738595
ETH/USD,2025-09-07,4304.642,4333.535,4272.905,8.717627853
ETH/USD,2025-09-08,4308.535,4383.493401015,4279.6875,42.017038958
ETH/USD,2025-09-09,4310.1785,4381.6775,4278.57,41.3937072
ETH/USD,2025-09-10,4349.6015,4454.0225,4285.193,58.570110265
ETH/USD,2025-09-11,4462.913,4480.438,4339.9675,57.923538938
ETH/USD,2025-09-12,4713.855,4745.7,4453.215,42.346737846
ETH/USD,2025-09-13,4669.4255,4762.879,4609.135,22.53620928
ETH/USD,2025-09-14,4609.2,4688.9825,4582.625,12.480208614
ETH/USD,2025-09-15,4525.7,4671.65,4468,9.60605467
ETH/USD,2025-09-16,4502.865,4538.508,4429.1315,13.980623843
ETH/USD,2025-09-17,4592.16,4617.46,4428.0295,14.381364915
ETH/USD,2025-09-18,4589.83,4644.505,4555.66,14.292153896
ETH/USD,2025-09-19,4471.1,4622.25,4438.9525,5.843069432
ETH/USD,2025-09-20,4483.655,4510.9,4456.85,3.309568442
ETH/USD,2025-09-21,4448.6485,4498.8645,4446.3,6.809227484
ETH/USD,2025-09-22,4203.955,4458.001,4075.295,96.489178511
ETH/USD,2025-09-23,4166.625,4231.4525,4119.8735,69.064155031
ETH/USD,2025-09-24,4155.109,4206.685,4077.65875,19.992621829
ETH/USD,2025-09-25,3874.635,4161.6585,3825.776,97.562403456
ETH/USD,2025-09-26,4035.311,4067.39,3869.99,72.549349119
ETH/USD,2025-09-27,4019.85,4041.3035,3974.9975,10.178207235
ETH/USD,2025-09-28,4144.86,4147.3,3968.2525,12.273315814
ETH/USD,2025-09-29,4217.556,4238.2,4085.925,17.56409386
ETH/USD,2025-09-30,4146.85,4242.31,4093.4655,19.451051351
ETH/USD,2025-10-01,4350.17,4357.217,4124.39,30.494196067
ETH/USD,2025-10-02,4488.005,4519.6095,4335.4605,45.749028474
ETH/USD,2025-10-03,4516.243,4594.47,4431.036,49.837002385
ETH/USD,2025-10-04,4489.5885,4521.01,4442.685,11.848565473
ETH/USD,2025-10-05,4515.068,4618.2431700505,4469.5355,28.159820485
ETH/USD,2025-10-06,4685.297,4740.5,4491.2755,79.604341788
ETH/USD,2025-10-07,4449.89,4757.935,4434.74,29.389866673
ETH/USD,2025-10-08,4525.59,4558.63,4416.9804988396,17.827679547
ETH/USD,2025-10-09,4368.1675,4534.4,4267.401,63.614829949
ETH/USD,2025-10-10,3834.675,4395.658,3505.525,146.416019901
ETH/USD,2025-10-11,3751.2355,3886.9635,3651.691,119.389301789
ETH/USD,2025-10-12,4157.349,4200.32,3700.4985,62.321145421
ETH/USD,2025-10-13,4244.9045,4294.275,4048.9755,34.712715584
ETH/USD,2025-10-14,4125.8,4266.813,3893.3,82.739161798
ETH/USD,2025-10-15,3986.805,4216.92,3932.25,61.296832141
ETH/USD,2025-10-16,3895.95,4085.819,3827.6005,26.588873735
ETH/USD,2025-10-17,3834.054,3948.75,3677.2810344825,55.990275806
ETH/USD,2025-10-18,3888.895,3926.083,3820.7115,15.020289605
ETH/USD,2025-10-19,3984.71,4030.7845,3835.5195,6.645825831
ETH/USD,2025-10-20,3981.085,4084.4,3912.7155,24.237621811
ETH/USD,2025-10-21,3874.195,4111.01,3843.454,30.632563351
ETH/USD,2025-10-22,3806.45,3890.96,3717.1,26.236681672
ETH/USD,2025-10-23,3856.6895,3935.891,3797.08,37.605135602
ETH/USD,2025-10-24,3935.2395,4015.6265,3848.0135,7.561181611
ETH/USD,2025-10-25,3954.9325,3970.2,3915.6825,5.175439914
ETH/USD,2025-10-26,4159.398125,4173.957,3921.5135,14.489925813
ETH/USD,2025-10-27,4121.525,4254.9175,4098.28075,36.522702312
ETH/USD,2025-10-28,3980.7895,4174.521,3935.436,19.079325232
ETH/USD,2025-10-29,3903.595,4036.759,3845.1322660095,23.25295621
ETH/USD,2025-10-30,3805.2105,3949.418,3679.543,68.565868
ETH/USD,2025-10-31,3846.29,3903.6695,3797.277,13.912546265
ETH/USD,2025-11-01,3872.315,3905.8625,3829.3,8.103273399
ETH/USD,2025-11-02,3906.564,3917.456,3839.255,3.231337567
ETH/USD,2025-11-03,3603.165,3913.445,3558.65,93.078449778
ETH/USD,2025-11-04,3285.645,3653.399,3058.625,177.94464227
ETH/USD,2025-11-05,3423.616,3482.66,3168.597,76.560143213
ETH/USD,2025-11-06,3312.921,3455.1565,3244.735,38.177480658
ETH/USD,2025-11-07,3434.0075,3471.0675,3194.3791133,30.403463871
ETH/USD,2025-11-08,3400.75,3483.7,3354.08,12.613743817
ETH/USD,2025-11-09,3582.743,3618.3155,3359.3,21.489978442
ETH/USD,2025-11-10,3565.432,3653.703553299,3506.9035,54.430835753
ETH/USD,2025-11-11,3416.4,3646.435,3404.035,41.470852668
ETH/USD,2025-11-12,3413.62,3589.1,3371.77,15.344604677
ETH/USD,2025-11-13,3230.67,3564.645,3154.9761798025,113.601758809
ETH/USD,2025-11-14,3110.685,3253.8015,3068.372,90.29901831
ETH/USD,2025-11-15,3165.654,3228.505,3108.269,3.644223579
ETH/USD,2025-11-16,3094.5605,3246.95,3005.533054187,17.371562434
ETH/USD,2025-11-17,3026.315,3219.835,2957.8451231525,26.697209347
ETH/USD,2025-11-18,3123.297,3168.847,2943.546,85.940392776
ETH/USD,2025-11-19,3023.5615,3122.9425,2870.389,35.066505827
ETH/USD,2025-11-20,2830.05,3196.1926913045,2789.12,115.380156739
ETH/USD,2025-11-21,2764.3,2882.65,2621.2635,102.815135522
ETH/USD,2025-11-22,2769.795,2797.35,2703.788,12.662730747
ETH/USD,2025-11-23,2801.369,2844.349,2795.332,0.499919272
ETH/USD,2025-11-24,2953.335,2985.552,2764.507,89.621019548
ETH/USD,2025-11-25,2958.8335,2977.4,2856.12,34.800004598
ETH/USD,2025-11-26,3027.318,3043.0850253805,2888.922,14.807031598
ETH/USD,2025-11-27,3015.4,3069.389,2984.85,10.54656813
ETH/USD,2025-11-28,3032.79,3096.17,2994.25,30.063278025
ETH/USD,2025-11-29,2990.36,3044.6335,2964.259,7.571732854
ETH/USD,2025-11-30,2991.9035,3053.2,2978.32,9.499600812
ETH/USD,2025-12-01,2798.84,2999.208,2719.007,33.484797453
ETH/USD,2025-12-02,2996.815,3033.991,2975.05,2.746724742
ETH/USD,2025-12-03,3190.41,3214.2795,3033.2,42.802348101
ETH/USD,2025-12-04,3133.9365,3237.98,3067.606,22.433073345
ETH/USD,2025-12-05,3022.53,3191.2,2988.8645,134.799367689
ETH/USD,2025-12-06,3040,3066.2,3013.377,52.59926811
ETH/USD,2025-12-07,3060.485,3149.17,2917.85,154.135071584
ETH/USD,2025-12-08,3124.5625,3152.7225,3078.7395,2.170932705
ETH/USD,2025-12-09,3318.4875,3397.7345,3091.7,127.211194246
ETH/USD,2025-12-10,3325.13,3448.592,3290.325,36.946423388
ETH/USD,2025-12-11,3238.4965,3326.915,3148.2315,44.828647782
ETH/USD,2025-12-12,3085.2055,3266.8105,3047.1445,22.073289095
ETH/USD,2025-12-13,3116.215,3134.178,3083.5,1.715115372
ETH/USD,2025-12-14,3062.2585,3104.4,3031.09373,1.248624352
ETH/USD,2025-12-15,2964.35,3178.003,2896.4305,28.101303954
ETH/USD,2025-12-16,2961.685,3038.6285,2879.874,43.070452555
ETH/USD,2025-12-17,2833.143,3027.2,2790.8995,53.117432207
ETH/USD,2025-12-18,2825.947,2994.553,2775.19,51.596107727
ETH/USD,2025-12-19,2977.633,3016.518,2808.77,25.561548841
ETH/USD,2025-12-20,2977.69175,2993.3,2966.545,3.229472963
ETH/USD,2025-12-21,3000.845,3011.4345,2944.08,4.441597959
ETH/USD,2025-12-22,3007.089,3075.068,2964.2,22.802732087
ETH/USD,2025-12-23,2963.595,3032.66,2900.87,20.067079531
ETH/USD,2025-12-24,2944.59,2974.9,2888.16,6.410696251
ETH/USD,2025-12-25,2902.95,2969.105,2890.1895,2.938971924
ETH/USD,2025-12-26,2926.056,2991.183,2892.6375,30.779799381
ETH/USD,2025-12-27,2945.842,2979.257833012,2916.4155,9.267868083
ETH/USD,2025-12-28,2949.19,2979.257833012,2924.3495,29.184537743
ETH/USD,2025-12-29,2934.3165,3053.3,2907.151970443,16.556323719
ETH/USD,2025-12-30,2971.02,3005.815,2916.2815,3.622396704
ETH/USD,2025-12-31,2967.945,3022.7735,2957.97,31.227815297
ETH/USD,2026-01-01,3000.531,3005.5845,2966.39,4.388372311
ETH/USD,2026-01-02,3123.9905,3147.95,2988.8275,30.750177124
ETH/USD,2026-01-03,3125.338125,3134.6625,3076.059,4.278933619
ETH/USD,2026-01-04,3144.3575,3165.2715,3119.051,6.566909516
ETH/USD,2026-01-05,3226.5185,3264.895,3134.804,72.400728813
ETH/USD,2026-01-06,3295.09,3307.2275,3182.33,30.61915128
ETH/USD,2026-01-07,3166.15,3294.766,3123.42,15.502483707
ETH/USD,2026-01-08,3102.832,3179.14,3050.6525,8.068078295
ETH/USD,2026-01-09,3083.88,3144.721,3055.6835,5.144191718
ETH/USD,2026-01-10,3082.875,3099.765,3074.635,11.609388309
ETH/USD,2026-01-11,3118.258,3142.025,3079.93,18.683678794
ETH/USD,2026-01-12,3091.3165,3168.175,3063.4765,10.863570098
ETH/USD,2026-01-13,3323.605,3360.19,3088.451,21.669112805
ETH/USD,2026-01-14,3354.522,3402.56,3280.035,69.511045507
ETH/USD,2026-01-15,3317.175,3383.292,3273.808,13.423410548
ETH/USD,2026-01-16,3295.192,3326.8,3252.805418719,16.325532429
ETH/USD,2026-01-17,3308.482,3328.655,3283.39,2.583824369
ETH/USD,2026-01-18,3283.2375,3367.471,3278.855,2.536902706
ETH/USD,2026-01-19,3187.4115,3283.457,3163.563,12.883160712
ETH/USD,2026-01-20,2935.92,3197.405,2927.4025,25.543141464
ETH/USD,2026-01-21,2978.6975,3065.665,2864.952,52.429347367
ETH/USD,2026-01-22,2949.691,3034.7645,2903.7,9.649811546
ETH/USD,2026-01-23,2952.8155,3014.73,2890.1105,32.329414381
ETH/USD,2026-01-24,2948.71,2965.747,2940.46,8.874870229
ETH/USD,2026-01-25,2814.831,2955.649,2785.6535,36.641401825
ETH/USD,2026-01-26,2926.089,2947.5855,2810.11,22.447443118
ETH/USD,2026-01-27,3022.05,3031.489,2896.015,35.669569035
ETH/USD,2026-01-28,3005.8375,3040.9395,2981.2605,20.050676587
ETH/USD,2026-01-29,2818.875,3009.1,2750.5375,75.535612506
ETH/USD,2026-01-30,2702.966,2874.5608029555,2633.15,31.631587756
ETH/USD,2026-01-31,2449.835,2797.8426395935,2242.9465,205.765076469
ETH/USD,2026-02-01,2267.395,2473.2,2222.1595,49.148125042
ETH/USD,2026-02-02,2344.69,2432.8723962885,2156.39,158.327598077
ETH/USD,2026-02-03,2230.9465,2452.1827411165,2108.4435,105.130197413
ETH/USD,2026-02-04,2142.615,2291.93,2072.7355,71.61473162
ETH/USD,2026-02-05,1823.588,2196.938654822,1816.2675,249.551347148
ETH/USD,2026-02-06,2061.071,2226.851354822,1740.66,132.920923153
ETH/USD,2026-02-07,2086.93,2156.5412690355,1994.5175,54.445678711
ETH/USD,2026-02-08,2089.1065,2149.31,2065.589,104.681065635
ETH/USD,2026-02-09,2103.73,2144.709,2006.915,26.970162946
ETH/USD,2026-02-10,2021.29,2122.7725,1990.0935,51.880590894
ETH/USD,2026-02-11,1940.73,2061.665,1902.99,101.720196375
ETH/USD,2026-02-12,1945.826,2017.5639518885,1897.2708620685,34.451702859
ETH/USD,2026-02-13,2047.0745,2071.385,1923.5965,8.822182977
ETH/USD,2026-02-14,2084.76,2106.197,2000.2216748765,20.082697284
ETH/USD,2026-02-15,1964.85,2101.4,1928.05,18.806689138
ETH/USD,2026-02-16,1997.275,2037.3811330045,1937.54,21.322390786
ETH/USD,2026-02-17,1990.285,2037.3811330045,1940.9945,21.473848403
ETH/USD,2026-02-18,1955.2545,2037.2915,1923.345,20.202342359
ETH/USD,2026-02-19,1947.99,2001.20027006,1905.813,13.919546139
ETH/USD,2026-02-20,1968.183,2112.322994923,1922.95,14.515695442
ETH/USD,2026-02-21,1974.19,1995.7,1955.8,7.332148428
ETH/USD,2026-02-22,1957.0945,1982.65,1934.676,7.447033815
ETH/USD,2026-02-23,1855.4645,1973.6361651384,1837.56,56.266234111
ETH/USD,2026-02-24,1851.892,1868.3995,1803.45,63.381000348
ETH/USD,2026-02-25,2056.407,2140.1785,1844.4444444444,77.68723525
ETH/USD,2026-02-26,2027.5235,2082.945,1977.7777777777778,21.334515873
ETH/USD,2026-02-27,1929.3485,2063.1475,1889.955,29.722892962
ETH/USD,2026-02-28,1964.6335,1984.508,1835.865,80.066704086
ETH/USD,2026-03-01,1938.9,2054.6,1908.2205,28.129364889
ETH/USD,2026-03-02,2026.8695,2084.055,1921.1385,13.194260294
ETH/USD,2026-03-03,1982.039,2041.14,1932.271,50.536602292
ETH/USD,2026-03-04,2128.21,2199.53,1944.918,79.264995327
ETH/USD,2026-03-05,2073.138,2164.5,2055.74,53.817576873
ETH/USD,2026-03-06,1978.68,2092.708,1956.155,46.940663156
ETH/USD,2026-03-07,1969.67,1995.59,1949.04,29.382274038
ETH/USD,2026-03-08,1937.2185,1979.555,1919.185,75.352193632
ETH/USD,2026-03-09,1994.2545,2052.9825,1931.5682113837,95.798126641
ETH/USD,2026-03-10,2037.115,2088.1875,1991.6355,63.591376295
ETH/USD,2026-03-11,2051.265,2086.248,2006.09,140.448788398
ETH/USD,2026-03-12,2073.25,2094.2115,2018.698,91.663107134
ETH/USD,2026-03-13,2092.95,2208.875,2070.9985,65.31285459
ETH/USD,2026-03-14,2096.85,2106.276,2062.08,22.510835263
ETH/USD,2026-03-15,2179.24520202,2203.15,2084,21.772992403
ETH/USD,2026-03-16,2352.14,2383.5639,2165.265,51.681947188
ETH/USD,2026-03-17,2319.185,2374.84030303,2297.785,32.98462815
ETH/USD,2026-03-18,2203.293,2349.605026195,2152.709359605,27.868408439
ETH/USD,2026-03-19,2138.27,2233.56,2099.0610837435,66.099405732
ETH/USD,2026-03-20,2146.5095,2175.896,2117.2555,13.06570043
ETH/USD,2026-03-21,2084.9185,2167.308,2071.23,36.053638284
ETH/USD,2026-03-22,2053.61,2125.9955,2005.620566502,29.816875412
ETH/USD,2026-03-23,2151.82,2196.942495,2023.06,32.810734648
ETH/USD,2026-03-24,2155.6355,2174.599,2102.4095,59.672795126
ETH/USD,2026-03-25,2169.0475,2198.6025,2146.91,54.748969945
ETH/USD,2026-03-26,2059.045,2171.3,2008.48,28.286332967
ETH/USD,2026-03-27,1990.8935,2075.15,1971.2266748765,62.439969119
ETH/USD,2026-03-28,1993.4425,2036.487,1982.07,57.999016288
ETH/USD,2026-03-29,1982.26,2017.7777221335,1938.1985,114.508193839
ETH/USD,2026-03-30,2024.115,2081.549,1972.155,25.749787753
ETH/USD,2026-03-31,2103.379,2120.785,2011.131,14.92452442
ETH/USD,2026-04-01,2139.38,2166.74,2081.371,26.971157699
ETH/USD,2026-04-02,2056.65,2159.5,2016.4,28.166154297
ETH/USD,2026-04-03,2053.767,2077.605,2042.1,15.286731575
ETH/USD,2026-04-04,2065.213,2082.4685,2043.975,10.048913572
ETH/USD,2026-04-05,2108.801,2122.032,2022.5515,11.40567879
ETH/USD,2026-04-06,2107.39,2174.313,2088.735,26.559678676
ETH/USD,2026-04-07,2239.828,2272.125,2061.204,34.348058381
ETH/USD,2026-04-08,2190.121,2271.035,2180.4,73.401857054
ETH/USD,2026-04-09,2190.35,2244.792432025,2157.7985,33.151960159
ETH/USD,2026-04-10,2246.06,2257.641624365,2176.7235,75.257229274
ETH/USD,2026-04-11,2285.65,2330.675,2230.146,115.067959518
ETH/USD,2026-04-12,2191.535,2289.7315,2176.767,21.779929979
ETH/USD,2026-04-13,2371.3535,2394.1185,2175.325,169.417693107
ETH/USD,2026-04-14,2323.8,2415.89,2304.715,111.273586655
ETH/USD,2026-04-15,2360.6435,2385.048,2310.196,19.986437345
ETH/USD,2026-04-16,2348.4520000005,2369.79,2286.41,31.264113752
ETH/USD,2026-04-17,2420.25,2464.88,2318.0495,43.12378636
ETH/USD,2026-04-18,2351.555,2427.8435,2340.57,28.532292786
ETH/USD,2026-04-19,2264.0765,2356.6,2253.924,21.834545297
ETH/USD,2026-04-20,2314.75,2347.4535,2262.195,16.999489152
ETH/USD,2026-04-21,2328.308,2338.45,2286.2,23.007815281
ETH/USD,2026-04-22,2374.9,2422.905,2313.29,28.601822147
ETH/USD,2026-04-23,2331.73,2382.012,2286.125,27.337587514
ETH/USD,2026-04-24,2315.976,2338.37,2299.934,27.325252732
ETH/USD,2026-04-25,2319.52,2324.43,2302.791,8.867645748
ETH/USD,2026-04-26,2369.85,2379.7937,2307.992,18.423241651
ETH/USD,2026-04-27,2303.202,2403.575,2266.009852216,41.608836667
ETH/USD,2026-04-28,2289.45,2310.472,2261.04,11.569301356
ETH/USD,2026-04-29,2251.96,2346.0315,2219.81,136.534882269
ETH/USD,2026-04-30,2257.165,2277.9,2230.715,36.850895906
ETH/USD,2026-05-01,2295.635,2325.2405,2257.882,31.315612593
ETH/USD,2026-05-02,2315.898,2341.2379725,2292.95,9.261556097
ETH/USD,2026-05-03,2322.55,2356.5,2297.565,14.456305252
ETH/USD,2026-05-04,2346.105,2398.7135,2308.6,48.424787586
ETH/USD,2026-05-05,2361.4395,2398.99772841,2345.31,15.729460645
ETH/USD,2026-05-06,2350.919,2422.80195,2337.725,20.602605975
ETH/USD,2026-05-07,2290.666,2352.65,2279.8635,19.738161712
ETH/USD,2026-05-08,2307.0965,2320.825,2266.311426108,17.584136492
ETH/USD,2026-05-09,2326.758919645,2338.03,2299.9965,9.044829313
ETH/USD,2026-05-10,2371.0205,2381.2371006725,2313.52,12.056017758
ETH/USD,2026-05-11,2340.2115,2373.5625,2304.1095,13.445596379
ETH/USD,2026-05-12,2274.212,2339.835,2256.1705,36.186363357
ETH/USD,2026-05-13,2257.63,2322.57,2233.4,41.917819765
ETH/USD,2026-05-14,2282.4995,2318.965,2237.665,21.580931066
ETH/USD,2026-05-15,2223.52,2299.315,2203.43,54.42580039
ETH/USD,2026-05-16,2179.45,2230.9,2162.47538043,40.495619806
ETH/USD,2026-05-17,2130.44,2197.935,2098.21,23.055818646
ETH/USD,2026-05-18,2129.15,2154.91,2077.085,55.431502118
ETH/USD,2026-05-19,2110.3055,2144.6275,2093.475,18.03841402
ETH/USD,2026-05-20,2127.6,2146.94,2101.6,15.958791578
ETH/USD,2026-05-21,2131.2205,2153.779,2103.493,17.909218566
ETH/USD,2026-05-22,2063.386,2139.7,2054.411,44.373270197
ETH/USD,2026-05-23,2115.035,2146.205,2009.585,42.837104677
ETH/USD,2026-05-24,2098.365,2127.5595,2061.4225995,13.489518683
ETH/USD,2026-05-25,2112.36,2138.727,2090.4,12.712502315
ETH/USD,2026-05-26,2070.45,2138.46,2053.74091075,26.717461467
ETH/USD,2026-05-27,2021.625,2093.568,2013.04,47.62297104
ETH/USD,2026-05-28,2006.95,2026.17,1964.705,60.422734203
ETH/USD,2026-05-29,2011.864,2042.907,1974.55,70.604686909
ETH/USD,2026-05-30,2019.05,2028.7315,1999.6,11.194585528
ETH/USD,2026-05-31,2004.0675,2034.23,1991.5435,7.494838776
ETH/USD,2026-06-01,2003.775,2018.6365,1955.3905,24.703256108
ETH/USD,2026-06-02,1856.901,2003.577,1837.547,78.93079089
ETH/USD,2026-06-03,1810.4285,1890.4,1768.9225,47.541948536
ETH/USD,2026-06-04,1768.68,1817.79,1716.41,69.682070312
ETH/USD,2026-06-05,1583.5755,1772.615,1540.365,157.771964121
ETH/USD,2026-06-06,1568.598,1601.005,1505.744,59.755437889
ETH/USD,2026-06-07,1690.44,1759.555,1563.57,40.048082725
ETH/USD,2026-06-08,1690.1055,1713.65,1644.801,59.595693869
ETH/USD,2026-06-09,1638.1045,1695.903,1612.955,32.767940019
ETH/USD,2026-06-10,1620.655,1666.594,1603.1965,43.671697004
ETH/USD,2026-06-11,1671.4415,1691.115,1620.9185,37.551294193
ETH/USD,2026-06-12,1664.82,1689.55,1650.0835,21.54293592
ETH/USD,2026-06-13,1679.974,1695.7165,1661.7115,44.428386852
ETH/USD,2026-06-14,1724.82,1729.786,1653.251,18.742727533
ETH/USD,2026-06-15,1795.17,1848.41,1709.043,56.476599109
ETH/USD,2026-06-16,1790.495,1837.081725888,1758.2525,40.11516629
ETH/USD,2026-06-17,1748.39,1806.998275,1725.525,31.539869375
ETH/USD,2026-06-18,1709.5035,1762.2,1669.631,21.992360077
ETH/USD,2026-06-19,1709.645,1717.305,1677.663,13.652290128
ETH/USD,2026-06-20,1738.745,1746.9195,1702.575,7.921808647
ETH/USD,2026-06-21,1705.7015,1738.956,1700.49,13.80933417
ETH/USD,2026-06-22,1726.451,1777.54,1706.715,24.370110589
ETH/USD,2026-06-23,1665.985,1733.711,1635.315,20.172545314
ETH/USD,2026-06-24,1619.8075,1689.49,1551.585,43.301124893
ETH/USD,2026-06-25,1565.1,1657.15,1530.9325,80.95403756
ETH/USD,2026-06-26,1576.25,1590.765,1510.25,46.107977401
ETH/USD,2026-06-27,1571.45,1607.905,1561.3095,20.937718381
ETH/USD,2026-06-28,1569.5265,1586.556,1546.26,39.08195086
ETH/USD,2026-06-29,1611.01,1634.41,1548.5,31.355807341
ETH/USD,2026-06-30,1569.652,1611.4295,1548.203,23.265171713
ETH/USD,2026-07-01,1608.25,1643.815,1550.9,31.819918072
ETH/USD,2026-07-02,1698.5345,1721.81,1595.55,45.47808113
ETH/USD,2026-07-03,1756.285,1772.971,1692.8415,21.070570527
ETH/USD,2026-07-04,1778.7475,1805.219,1743.195,12.616529512
ETH/USD,2026-07-05,1784.5315,1805.9,1748.9225,46.684914401
ETH/USD,2026-07-06,1798.3985,1831.214,1728.278,35.383258014
ETH/USD,2026-07-07,1769.75,1810.6945,1755.7,13.093472007
ETH/USD,2026-07-08,1742.0625,1783.26,1711.292,30.132085168
ETH/USD,2026-07-09,1744.102,1760.067,1720.925,11.768325701
ETH/USD,2026-07-10,1796.024,1810.305,1736.4855,21.082252562
ETH/USD,2026-07-11,1786.69,1828.1175,1785.98,10.308714229
ETH/USD,2026-07-12,1805.15,1824.562,1778.69,7.318526747
ETH/USD,2026-07-13,1774.8205,1842.6785,1749.802,16.620784311
ETH/USD,2026-07-14,1890.818,1894.0385,1771.0585,35.262026984
ETH/USD,2026-07-15,1917.075,1944.2425,1863.9,32.027894845
ETH/USD,2026-07-16,1863.255,1927.536,1856.8015,35.494015941
ETH/USD,2026-07-17,1841.07,1869.05,1801.708,27.711137042
ETH/USD,2026-07-18,1862.05,1865.043,1836.419,7.910031055
ETH/USD,2026-07-19,1871.265,1876.735,1851.8,20.314396803
ETH/USD,2026-07-20,1902.6,1916.177,1841.76,18.635834819
ETH/USD,2026-07-21,1928.121,1950.4755,1899.81,26.004434194
ETH/USD,2026-07-22,1933.595,1955.393,1910.07,13.37825352
ETH/USD,2026-07-23,1876.8095,1939.655,1868.11,28.433365248
ETH/USD,2026-07-24,1859.56,1907.835,1846.1595,26.273921066
ETH/USD,2026-07-25,1872.8,1875.583,1850,13.104642991
ETH/USD,2026-07-26,1953.5575,1964.4255,1871.9,19.451887691
ETH/USD,2026-07-27,1890.194,1977.8485,1882,29.703032982
ETH/USD,2026-07-28,1919.3615,1926.7235,1855.665,24.853876882
ETH/USD,2026-07-29,1908.345,1930.3584,1873.685,15.101504664
ETH/USD,2026-07-30,1916.84,1934.562467467,1891.567,13.63438515
ETH/USD,2026-07-31,1859.71,1933.9,1848.071820197,28.450242622
ETH/USD,2026-08-01,1843.12,1873.4265,1820.45,18.49760843
ETH/USD,2026-08-02,1883.2915,1895.8,1841.8,13.470619942
ETH/USD,2026-08-03,1858.385,1883.457,1827.193,23.006633869
ETH/USD,2026-08-04,1867.61,1880.24,1847.485,19.134661097
ETH/USD,2026-08-05,1906.383,1925.71,1854.4735,20.37506948
ETH/USD,2026-08-06,1902.555,1918.776,1891.462,14.131408977
ETH/USD,2026-08-07,1913.5995,1940.05,1893.64,25.27885184
ETH/USD,2026-08-08,1916.168,1924.8895,1910.51,21.747343344
ETH/USD,2026-08-09,1908.9255,1935.4665000005,1906.22,12.957018594
ETH/USD,2026-08-10,1871.649,1929.735,1866.69,18.02757186
ETH/USD,2026-08-11,1881.08,1896.044,1852.215,10.897364334
ETH/USD,2026-08-12,1877.7,1922.7,1871.7,18.903787289
ETH/USD,2026-08-13,1884.145,1898.1,1862.234,27.733352308
ETH/USD,2026-08-14,1880.182,1889.115,1862.4038,19.75360343
ETH/USD,2026-08-15,1881.318,1884.89,1874.53,7.29506267
ETH/USD,2026-08-16,1874.17,1889.5,1868.1358,4.041547706
ETH/USD,2026-08-17,1912.4535,1916.6,1871.0985,43.115629593
ETH/USD,2026-08-18,1916.47,1920.228,1885.5978,8.53612485
ETH/USD,2026-08-19,2251.103,2331.985,1905.5,83.432869895
ETH/USD,2026-08-20,2325.4735,2356.9752030455,2222.08,95.430893325
ETH/USD,2026-08-21,2515.933,2545.7315,2324.965,146.115559029
ETH/USD,2026-08-22,2422.9675,2529.279,2389.7955,70.278613012
ETH/USD,2026-08-23,2462.798,2483.8345,2357.14,30.633377887
ETH/USD,2026-08-24,2482.891,2531.8065,2424.457,32.96260327
ETH/USD,2026-08-25,2442.785,2531.105,2415.558,36.982049421
ETH/USD,2026-08-26,2506.742,2515.51,2432.48,21.906910357
ETH/USD,2026-08-27,2511.8095,2565.9,2481.7,42.540614839
ETH/USD,2026-08-28,2442.688,2534.602,2406.701,31.537255358
ETH/USD,2026-08-29,2457.765,2459.4915,2430.871,12.134009091
ETH/USD,2026-08-30,2416.8225,2533.474,2388.128,8.547415075
ETH/USD,2026-08-31,2467.435,2488.98,2401.7245,34.231101472
ETH/USD,2026-09-01,2417.942,2484.999,2382.6885,20.585223302
ETH/USD,2026-09-02,2391.882,2427.38,2355.79,20.986220063
ETH/USD,2026-09-03,2508.21,2528.86,2370.19,29.586608792
ETH/USD,2026-09-04,2456.376,2545.604,2432.25,30.38058854
ETH/USD,2026-09-05,2479.918,2492.5945,2445.4935,36.365778403
ETH/USD,2026-09-06,2515.445,2525.017,2465.348588337,5.316007636
ETH/USD,2026-09-07,2490.4615,2534.75,2466.4,17.26847083
ETH/USD,2026-09-08,2484.527,2506.55,2441.3,12.526154045
ETH/USD,2026-09-09,2467.7,2522.27,2443.75,54.733028936
ETH/USD,2026-09-10,2436.8075,2483.6235,2405.3715,21.67071483
ETH/USD,2026-09-11,2516.066,2664.8535,2434.1,36.476635231
ETH/USD,2026-09-12,2525.045,2544.4,2509.396,5.214953495
ETH/USD,2026-09-13,2476.5845,2526.673,2461.95,14.994214869
ETH/USD,2026-09-14,2515.02,2614.66,2465.442588337,19.070243819
ETH/USD,2026-09-15,2397.1075,2519.243,2357.457,65.032876278
ETH/USD,2026-09-16,2416.405,2427.4075,2367.4,29.776647286
ETH/USD,2026-09-17,2445.7245,2480.42,2411.815,17.514881876
ETH/USD,2026-09-18,2612.4025,2644.4710253805,2436.236,34.056819109
ETH/USD,2026-09-19,2632.425,2665.72,2602.9915,14.195736081
ETH/USD,2026-09-20,2643.9205,2648.595,2565.44253,5.809278267
ETH/USD,2026-09-21,2775.483,2806.8035,2643.923,74.85386667
ETH/USD,2026-09-22,2753.2,2776.375,2715.45,21.770695765
ETH/USD,2026-09-23,2685.2065,2787.922575,2636.7585,32.915524051
ETH/USD,2026-09-24,2687.53,2704.5985,2628.16,13.309058713
ETH/USD,2026-09-25,2690.75,2742.6375,2667.2,20.168247827
ETH/USD,2026-09-26,2695.3,2696.9,2664.449,5.658262084
ETH/USD,2026-09-27,2687.115,2721.574,2669.562,5.284209797
ETH/USD,2026-09-28,2687.8015,2718.7895,2635.5175,18.918577107
ETH/USD,2026-09-29,2676.55,2747.818,2650.938,6.454803696
ETH/USD,2026-09-30,2684.527,2737.23,2657.9115,16.483219392
ETH/USD,2026-10-01,2705.475,2720.05,2672.74,10.502741594
ETH/USD,2026-10-02,2667.926,2773.604060913,2651.495,10.892307568
SOL/USD,2024-10-01,145.215,157.3065,142.2925,7.747873696
SOL/USD,2024-10-02,140.2465,148.95,138.646,53.893878599
SOL/USD,2024-10-03,136.88,142.935,133.135,2.546366852
SOL/USD,2024-10-04,143.1625,144.5555,135.9755,1.394501097
SOL/USD,2024-10-05,142.719,144.871,141.0845,0.744485257
SOL/USD,2024-10-06,146.598,146.7635,142.05,3.044839129
SOL/USD,2024-10-07,144.045,152.25,143.46,577.254660245
SOL/USD,2024-10-08,143.355,145.5035,141.147,2.423314841
SOL/USD,2024-10-09,139.254,145.2,138.585,7.110766242
SOL/USD,2024-10-10,138.855,140.6605,135.399,1.772657428
SOL/USD,2024-10-11,145.4195,146.515,138.568,3.473146172
SOL/USD,2024-10-12,146.45,147.257,144.6925,23.973299546
SOL/USD,2024-10-13,147.572,148.797,144.4845,29.33853837
SOL/USD,2024-10-14,157.43,158.022,146.7675,133.859629009
SOL/USD,2024-10-15,154.705,159.454,150.407,152.845128551
SOL/USD,2024-10-16,154.195,158.32,153.012,175.543621565
SOL/USD,2024-10-17,150.361,155.643,147.659,881.383804226
SOL/USD,2024-10-18,155.06,156.63,149.545,89.044540037
SOL/USD,2024-10-19,159.6195,159.73,153.63,58.967535304
SOL/USD,2024-10-20,167.203,167.87,157.6,87.509992845
SOL/USD,2024-10-21,166.055,171.5,161.375,453.720438722
SOL/USD,2024-10-22,167.3585,171.1,162.9905,92.213883368
SOL/USD,2024-10-23,170.747,174,164.035,18.222722939
SOL/USD,2024-10-24,177.187,179.1665,170.36,107.035604411
SOL/USD,2024-10-25,164.762,177.4815,159.25,146.790637272
SOL/USD,2024-10-26,170.73,172.975,162.22,95.763205648
SOL/USD,2024-10-27,176.5795,178.0105,170.1,57.074823206
SOL/USD,2024-10-28,178.0775,179.6035,172.4085,455.502977733
SOL/USD,2024-10-29,179.325,183.28,176.409,24.429865196
SOL/USD,2024-10-30,174.795,181.2345,173.165,198.93696116
SOL/USD,2024-10-31,168.5595,176.405,167.3175,75.707137421
SOL/USD,2024-11-01,166.06,173.8915,163.632,287.244272946
SOL/USD,2024-11-02,166.0455,168.495,162.1045,1.774167017
SOL/USD,2024-11-03,162.326,166.4385,157.87,5.752307356
SOL/USD,2024-11-04,157.79,164.862,155,427.519847922
SOL/USD,2024-11-05,166.635,169.225,156.73,58.053079048
SOL/USD,2024-11-06,186.85,190.09,166.454,104.176230679
SOL/USD,2024-11-07,196.328,198.05,167.165,173.21360407
SOL/USD,2024-11-08,200.08,205.115,195.89,35.056568863
SOL/USD,2024-11-09,200.1315,203.4595,195.062,15.147340094
SOL/USD,2024-11-10,210.361,215.435,185.319953121,148.099443631
SOL/USD,2024-11-11,222.3075,224.33,204.3845,43.851710483
SOL/USD,2024-11-12,212.005,230.699953121,193.274953121,40.010604539
SOL/USD,2024-11-13,215.664,230.699953121,201.05,473.793373385
SOL/USD,2024-11-14,209.49,230.699953121,206.905,171.476234252
SOL/USD,2024-11-15,218.566,220.5285,204.545,172.334065822
SOL/USD,2024-11-16,215.66,230.699953121,213.55,103.970818403
SOL/USD,2024-11-17,237.54,242.1225,212.235,275.139242457
SOL/USD,2024-11-18,239.87,248.4475,230.699953121,121.960491674
SOL/USD,2024-11-19,238.105,258,233.9095,170.320034125
SOL/USD,2024-11-20,235.837,258,230.67,360.840655267
SOL/USD,2024-11-21,256.865,259.83,192.744953121,462.786977064
SOL/USD,2024-11-22,257.2,264.555,210.272453121,482.528073275
SOL/USD,2024-11-23,254.9825,264.215,251.435,234.237461344
SOL/USD,2024-11-24,252.85,260.041,239.155,863.89452749
SOL/USD,2024-11-25,233.9885,256.7255,204.699953121,478.497961269
SOL/USD,2024-11-26,230.815,239.6945,204.699953121,79.309476637
SOL/USD,2024-11-27,242.15,243.5265,204.699953121,116.348158861
SOL/USD,2024-11-28,237.8395,245.47,232.946,13.224276646
SOL/USD,2024-11-29,243.4035,246.95,236.75,19.633095393
SOL/USD,2024-11-30,237.8,245.4625,237.8,5.649100307
SOL/USD,2024-12-01,236.96,240.0405,234.335,33.902243574
SOL/USD,2024-12-02,225.798,238.3285,220.175,191.907437623
SOL/USD,2024-12-03,234.245,239.741,200.199953121,13.08508225
SOL/USD,2024-12-04,229.565,240.9505,224.885,34.359965642
SOL/USD,2024-12-05,236.32,245.1,223.33,60.58792991
SOL/USD,2024-12-06,237.1395,247.0675,231.09,87.942011903
SOL/USD,2024-12-07,238.23,243.785,234.56,40.649705131
SOL/USD,2024-12-08,237.4005,241.694,233.5,8.422633113
SOL/USD,2024-12-09,216.95,237.3325,199.199953121,16.557943509
SOL/USD,2024-12-10,213.8765,221.144,203.374,49.60229146
SOL/USD,2024-12-11,227.391,230.85,211.705,132.899587493
SOL/USD,2024-12-12,226.976,234.75,225.8,130.517725977
SOL/USD,2024-12-13,224.9485,228.4,220.674,91.5893312
SOL/USD,2024-12-14,219.805,227.37,215.2895,40.11479022
SOL/USD,2024-12-15,224.01785,225.355,215.75,32.670089344
SOL/USD,2024-12-16,216.29,227.3075,209.26,392.792628134
SOL/USD,2024-12-17,223.05,230.95,211.645,618.340069584
SOL/USD,2024-12-18,206.595,226.04,204.8905,338.224954034
SOL/USD,2024-12-19,193.7275,212.79671,186.947,671.738965719
SOL/USD,2024-12-20,194.3705,199.485,175.05,566.26533359
SOL/USD,2024-12-21,181.285,201.944,178.506141439,307.640057251
SOL/USD,2024-12-22,180.2985,187.7375,176.8355,255.952569547
SOL/USD,2024-12-23,189.85,193.2,176.3975,148.11818017
SOL/USD,2024-12-24,196.8655,198.612,185.8705,367.713584759
SOL/USD,2024-12-25,197.218,201.5695,195.069,196.490784859
SOL/USD,2024-12-26,188.35,199.5,186.515,170.413828286
SOL/USD,2024-12-27,183.85,194.155,182.7,184.746076082
SOL/USD,2024-12-28,195.25,195.5843,183.627,560.360668103
SOL/USD,2024-12-29,189.71,197.39,188.28,66.52067882
SOL/USD,2024-12-30,191.1155,196.4,185.563,123.295945919
SOL/USD,2024-12-31,189,198.8875,187.741,335.597322335
SOL/USD,2025-01-01,193.9735,194.915,187.6115,43.933021892
SOL/USD,2025-01-02,207.948,210.135,193.07,311.518335683
SOL/USD,2025-01-03,217.855,219.75,205.55,365.694494694
SOL/USD,2025-01-04,216.5855,218,211,350.931148991
SOL/USD,2025-01-05,213.3005,218.946,211.65,65.590363578
SOL/USD,2025-01-06,218.485,225.692695214,211.6155,388.816986018
SOL/USD,2025-01-07,202.2875,219.155,201.48,267.273542319
SOL/USD,2025-01-08,197.515,203.2,188.453548387,357.396674623
SOL/USD,2025-01-09,185.145,199,182.031,247.48871639
SOL/USD,2025-01-10,187.565,192.99,183.55,173.767652527
SOL/USD,2025-01-11,187.88,191.7575,184.1325,114.154401112
SOL/USD,2025-01-12,188.5,190.975,185.071,69.320516522
SOL/USD,2025-01-13,182.68,191.7575,169.15,841.981000834
SOL/USD,2025-01-14,187.4,191.1,181.82,468.25399517
SOL/USD,2025-01-15,205.8665,205.955,185.8,500.507076355
SOL/USD,2025-01-16,211.0515,218.593,198.615,871.704253276
SOL/USD,2025-01-17,219.7,221.8005,209.95,424.158965269
SOL/USD,2025-01-18,261.6,269.931,217.565,2226.854595819
SOL/USD,2025-01-19,252.4,295.089,236.49,1858.475683184
SOL/USD,2025-01-20,241.945,274.131,223.722084367,1102.640619151
SOL/USD,2025-01-21,250.514,260.21,230.15,650.827522046
SOL/USD,2025-01-22,257.52,272.040302267,248.604,365.826779487
SOL/USD,2025-01-23,253.2635,262.42591,242.3405,1610.952755361
SOL/USD,2025-01-24,253.5285,269.985,247.345,716.115621961
SOL/USD,2025-01-25,256.2515,260.7195,246.4385,546.230723342
SOL/USD,2025-01-26,240.61,259.9465,240.369255583,305.405836002
SOL/USD,2025-01-27,235.049,242.55,219.667,1097.101984664
SOL/USD,2025-01-28,227.109,243.9495,225.0455,842.202939231
SOL/USD,2025-01-29,228.0455,238.368,222.661,602.29328242
SOL/USD,2025-01-30,238.5215,244.593,226.95,257.36108204
SOL/USD,2025-01-31,231.675,242.08296,228.3544205955,426.056380491
SOL/USD,2025-02-01,212.91,234.0685,212.75,165.185734176
SOL/USD,2025-02-02,203.3325,218.84,192.5,1178.573352086
SOL/USD,2025-02-03,216.7075,218.78,176.24625,1281.078735384
SOL/USD,2025-02-04,206.89,220.025,202.153,619.867675298
SOL/USD,2025-02-05,196.105,209.485,195.1835,235.395864062
SOL/USD,2025-02-06,189.657,204.03,187.567,344.019771138
SOL/USD,2025-02-07,192.2,203.4,188.22875,325.940521425
SOL/USD,2025-02-08,199.5705,200.9035,189.8655,769.427578026
SOL/USD,2025-02-09,200.52,207.4145,193.674193548,342.703302445
SOL/USD,2025-02-10,200.7165,209.2,195.99,1401.69787046
SOL/USD,2025-02-11,198.05,208.0023885822,195.151,300.93841408
SOL/USD,2025-02-12,196.593,198.5365,188.63780397,501.366099066
SOL/USD,2025-02-13,194.35,198.4165,188.962,302.141688054
SOL/USD,2025-02-14,199.6925,205.34214,194.2,404.858928416
SOL/USD,2025-02-15,194.47,200.4,192.555831265,548.026074474
SOL/USD,2025-02-16,188.444,196.306,186.54,271.312152958
SOL/USD,2025-02-17,177.532,195.465994962,174.765,925.283115094
SOL/USD,2025-02-18,169.25,179.08,160.661,1715.792242283
SOL/USD,2025-02-19,169.052,174.268,163.785856079,1280.939395211
SOL/USD,2025-02-20,176.203,176.72,167.59,291.518518973
SOL/USD,2025-02-21,168.7625,180.6,167.03,218.379807793
SOL/USD,2025-02-22,172.25,174.8,167.9765,54.176483554
SOL/USD,2025-02-23,168.035,173.07,166.535,50.765433987
SOL/USD,2025-02-24,141.84,169.6435,137.907,434.729166941
SOL/USD,2025-02-25,144.1,152.173559762,131.9365,443.583652798
SOL/USD,2025-02-26,135.165,144.9915,130.515,400.056057808
SOL/USD,2025-02-27,137.6565,142.67,134.470241379,277.235522341
SOL/USD,2025-02-28,148.165,148.4455,125.46,381.290585758
SOL/USD,2025-03-01,143.6,150.98,138.4,125.417525563
SOL/USD,2025-03-02,178.548,190.120667506,140.02,2559.649511119
SOL/USD,2025-03-03,142.147,179.4,139.2,1333.090943543
SOL/USD,2025-03-04,144.8645,152.0579630415,130.745,501.774704875
SOL/USD,2025-03-05,146.44,149.7185,140.26,198.109901667
SOL/USD,2025-03-06,143.35,152.902,142.43,309.464376381
SOL/USD,2025-03-07,139.269,150.843,135.05,568.990145078
SOL/USD,2025-03-08,136.9005,141.018,135.25,80.373253635
SOL/USD,2025-03-09,126.4,139.809,125.553694581,301.855419966
SOL/USD,2025-03-10,118.2,131.5155,115.45,604.660638931
SOL/USD,2025-03-11,125.285,128.780725663,112.09,524.301184449
SOL/USD,2025-03-12,126.66,137.381218274,121.2235,286.834558772
SOL/USD,2025-03-13,123.3905,128.5,120.787827586,323.198236144
SOL/USD,2025-03-14,133.585,135.765,123.015,354.260307182
SOL/USD,2025-03-15,135.827,136.7895,132.1119088665,937.223724752
SOL/USD,2025-03-16,126.135,136.8,125.25,185.611744987
SOL/USD,2025-03-17,128.165,130.63,125.5655,279.158456396
SOL/USD,2025-03-18,125.3,129.620875,120.54,1048.941650301
SOL/USD,2025-03-19,135.48,136.13,124.22,337.305156368
SOL/USD,2025-03-20,127.4315,136.125,126.6555,200.111584461
SOL/USD,2025-03-21,128.5315,130.165,123.24872,645.721429906
SOL/USD,2025-03-22,128.434,131.85,127.743,402.871858185
SOL/USD,2025-03-23,132.745,134.03,128.2145,102.601325242
SOL/USD,2025-03-24,141.005,144.985,132.1,225.540006911
SOL/USD,2025-03-25,143.775,147.4815,138.3095,1074.020005203
SOL/USD,2025-03-26,137.31,145.5,135.9715,549.288518007
SOL/USD,2025-03-27,138.308,140.2085,135.665,147.705794837
SOL/USD,2025-03-28,129.335,138.986,127.675,244.661435712
SOL/USD,2025-03-29,124.51,130.511,122.715,45.864038606
SOL/USD,2025-03-30,124.695,126.975,122.996,120.37633683
SOL/USD,2025-03-31,124.559,129.63641133,122.75,203.69210447
SOL/USD,2025-04-01,126.655,130.6216330045,123.76,128.793087299
SOL/USD,2025-04-02,117.357,136.17,117.2415,270.324158609
SOL/USD,2025-04-03,117.095,123.1177014825,112.2,564.186000418
SOL/USD,2025-04-04,122.886,123.954,113.400246305,1203.562743092
SOL/USD,2025-04-05,120.344,122.765,117.1435,64.063316017
SOL/USD,2025-04-06,105.874,121.082,103.78125,139.983943053
SOL/USD,2025-04-07,106.87,112.41375,95.34875,2067.727415338
SOL/USD,2025-04-08,105.3635,112.535,102.9,566.671348747
SOL/USD,2025-04-09,119.1175,120.60125,101.2475,193.315288734
SOL/USD,2025-04-10,112.8415,119.218,108.437192118,310.031577864
SOL/USD,2025-04-11,121.361,122.618,112.109,67.804153236
SOL/USD,2025-04-12,132.2555,133.9085,119.4,418.272176707
SOL/USD,2025-04-13,128.2505,133.8845,125.3,55.970589203
SOL/USD,2025-04-14,129.34,136.005,127.34175,121.10543402
SOL/USD,2025-04-15,126.1435,134.41,125.8465,94.666073826
SOL/USD,2025-04-16,131.395,133.8775,123.505,53.508164664
SOL/USD,2025-04-17,134.8215,136.0403045685,129.58,776.477964143
SOL/USD,2025-04-18,134.1065,135.9808045685,132.485,78.403873992
SOL/USD,2025-04-19,139.7765,140.4995,133.649,429.514404032
SOL/USD,2025-04-20,137.755,141.95,135.68,86.554554276
SOL/USD,2025-04-21,136.635,143.1385,133.8765,165.113614584
SOL/USD,2025-04-22,148.865,150.183,134.7345,362.277562584
SOL/USD,2025-04-23,151.285,154.49,147.16,462.637064035
SOL/USD,2025-04-24,152.565,152.93,145.35,230.969299947
SOL/USD,2025-04-25,150.865,156.9775,150.01,388.208561661
SOL/USD,2025-04-26,149.2,153.1675,147.8916256155,222.790161294
SOL/USD,2025-04-27,148.11,150.3885,145.553,26.486996885
SOL/USD,2025-04-28,147.759,153.30445,144.699,351.809876733
SOL/USD,2025-04-29,146.425,150.4,145.03,160.103726885
SOL/USD,2025-04-30,147.585,148.6535,140.3995,189.142196311
SOL/USD,2025-05-01,150.807,154.032,146.655188916,173.345791432
SOL/USD,2025-05-02,147.9745,151.96,146.7235159954,204.23428946
SOL/USD,2025-05-03,146.8,149.143,145.87,23.038423927
SOL/USD,2025-05-04,144.048,147.785,143.65,71.82644105
SOL/USD,2025-05-05,146.604,147.6815,142.571,78.349203045
SOL/USD,2025-05-06,146.805,147.17,139.8558,288.670946534
SOL/USD,2025-05-07,147.255,149.5,144.8422440375,48.585971671
SOL/USD,2025-05-08,164.43,164.43,147.1475,900.795939866
SOL/USD,2025-05-09,172.91,176.1,161.105,491.626052471
SOL/USD,2025-05-10,177.8,178.9,167.31773399,299.456533247
SOL/USD,2025-05-11,173.15,180.12,169.4825,156.072555885
SOL/USD,2025-05-12,174.2,181.325,168.472906403,349.541157739
SOL/USD,2025-05-13,183.725,184.825,166.25,413.748360976
SOL/USD,2025-05-14,176.777,184.8965,173.37,182.607385483
SOL/USD,2025-05-15,169.14,178.356,166.845,231.435064928
SOL/USD,2025-05-16,167.45,175.4292215745,166.586231527,142.403132455
SOL/USD,2025-05-17,165.915,170.0205,164,97.112336396
SOL/USD,2025-05-18,173.5,176.94,164.705,35.670097557
SOL/USD,2025-05-19,166.84,173.953,159.45,557.234526969
SOL/USD,2025-05-20,168.486,173.1,164.635,159.808319474
SOL/USD,2025-05-21,173.67,175.95,165.85,295.668438487
SOL/USD,2025-05-22,179.85,180.710659898,172.72,262.869377845
SOL/USD,2025-05-23,173.978,187.82,173.4,443.766575501
SOL/USD,2025-05-24,176.025,178.483,172.687,76.842796394
SOL/USD,2025-05-25,175.671,176.975,169.28,66.436274583
SOL/USD,2025-05-26,174.97,179.123,173.68,251.099520516
SOL/USD,2025-05-27,176.88,179.484,171.373,88.16582661
SOL/USD,2025-05-28,172.139,177.506,168.965517241,103.576150751
SOL/USD,2025-05-29,166.7805,175.55,166.0555,143.94275516
SOL/USD,2025-05-30,156.135,167.621,155.35,239.55859635
SOL/USD,2025-05-31,156.4615,164.2019454375,151.8118,694.27773175
SOL/USD,2025-06-01,157.93,165.039383861,150.814458128,659.713682911
SOL/USD,2025-06-02,157.015,159,151.7970689655,220.47865847
SOL/USD,2025-06-03,155.36,163.8,154.285,352.108097398
SOL/USD,2025-06-04,153.355,158.09,153.0815,114.321594981
SOL/USD,2025-06-05,144.42,161.171263534,141.5,425.366966466
SOL/USD,2025-06-06,147.8916256155,152.4775,144.2685,175.133721657
SOL/USD,2025-06-07,150.1,152.933,147.1075,64.969162415
SOL/USD,2025-06-08,152.45,155.3305,148,140.83514589
SOL/USD,2025-06-09,161.1615,161.83,149.7715,320.728313321
SOL/USD,2025-06-10,165.0405,165.7115,155.9,305.834646594
SOL/USD,2025-06-11,161.105,168.375,159.345,394.291995483
SOL/USD,2025-06-12,152.4625,161.264,152.253374384,206.253871892
SOL/USD,2025-06-13,148.637,152.8,140.238,1434.741795297
SOL/USD,2025-06-14,144.7565,153.7872039405,142.0765,368.098423197
SOL/USD,2025-06-15,152.92265,155.265036453,144.3,233.339808811
SOL/USD,2025-06-16,150.74,158.9,150.38,146.157982389
SOL/USD,2025-06-17,147.5575,154.401,145.8314039405,227.086128684
SOL/USD,2025-06-18,146.3945,149.3045,143.75,245.025617607
SOL/USD,2025-06-19,147.146,147.9455,142.9995,326.70650912
SOL/USD,2025-06-20,140.061,148.8485,135.72,525.44485205
SOL/USD,2025-06-21,135.57,142.65,131.01,196.563017067
SOL/USD,2025-06-22,131.8565,137.8,126.144187192,736.047426222
SOL/USD,2025-06-23,144.63,147,130.8165,354.455700256
SOL/USD,2025-06-24,145.862,150.305818809,139.94792,1137.286504308
SOL/USD,2025-06-25,143.64,148.6,142.287,295.616735046
SOL/USD,2025-06-26,139.194,148.05,138.7485,201.900202532
SOL/USD,2025-06-27,142.2265,144.845,137.25,118.53412308
SOL/USD,2025-06-28,150.86,152.75,141.2305,122.797673165
SOL/USD,2025-06-29,153.447,154.7535,149.4,139.863548039
SOL/USD,2025-06-30,154.8399014775,159.9595,149.505,242.748182872
SOL/USD,2025-07-01,146.9565,155.57,144.91,203.431960313
SOL/USD,2025-07-02,152.34,155.634517766,145.848,395.35340469
SOL/USD,2025-07-03,152.467,156.28,150.01,87.854885977
SOL/USD,2025-07-04,147.7855,153.875,145.376098522,329.374729713
SOL/USD,2025-07-05,147.615,148.629,145.9955,50.429621537
SOL/USD,2025-07-06,151.8365,153.885,146.8525,120.556412446
SOL/USD,2025-07-07,148.7782,153.502538071,147.85,242.247333688
SOL/USD,2025-07-08,151.8072,152.7971,148.001,88.853507267
SOL/USD,2025-07-09,157.17,158.01,150.695,292.436299954
SOL/USD,2025-07-10,164.275,165.435,155.84,317.311835016
SOL/USD,2025-07-11,162.93615,168.020304568,159.2278177335,868.869498696
SOL/USD,2025-07-12,160.618,163.9,157.93,216.745145074
SOL/USD,2025-07-13,161.25,165.95736268,159.66,473.587832247
SOL/USD,2025-07-14,162.339,169.543147208,160.7295,581.977282757
SOL/USD,2025-07-15,164.00065,164.1893,157.325246305,401.102066688
SOL/USD,2025-07-16,173.75,175.84955,161.591,1254.027006041
SOL/USD,2025-07-17,175.932,178.2971,168.955,1456.742916854
SOL/USD,2025-07-18,177.4275,184.5507,173.535,1279.366872351
SOL/USD,2025-07-19,177.094,178.6565,174.2,224.594284261
SOL/USD,2025-07-20,181.65,183.549,174.85,678.177666883
SOL/USD,2025-07-21,195.7095,199.0948,178.46,1247.045688591
SOL/USD,2025-07-22,205.82,206.19995,193.103448275,783.007204593
SOL/USD,2025-07-23,189.5495,205.97,183.2644,858.550373607
SOL/USD,2025-07-24,182.98,192.7,178.8521,511.983824486
SOL/USD,2025-07-25,186.875,187,175.7,291.120067959
SOL/USD,2025-07-26,184.905,189.6858,184.565,58.920623648
SOL/USD,2025-07-27,188.6228,190.6185,184.665,171.122584196
SOL/USD,2025-07-28,183.0245,195.0809,182.315,373.558422867
SOL/USD,2025-07-29,181.475,186.5012,178.412561576,135.534193883
SOL/USD,2025-07-30,177.68,182.53,170.4716748765,244.197486367
SOL/USD,2025-07-31,172.235,182.6015,171.4945,299.492882423
SOL/USD,2025-08-01,162.68,172.46,159.214,831.359017506
SOL/USD,2025-08-02,158.47,165.195,155.8,660.010489559
SOL/USD,2025-08-03,162.02,163.138,156.325,266.446761826
SOL/USD,2025-08-04,169.578,169.93,161.325,562.823671243
SOL/USD,2025-08-05,164.0925,171.7,161.3015,167.050532799
SOL/USD,2025-08-06,168.155,169.85155,161.1795,192.338436874
SOL/USD,2025-08-07,175.31005,175.3861,166.7845,710.800995935
SOL/USD,2025-08-08,176.764,179.4953,173.55,293.717483072
SOL/USD,2025-08-09,180.0175,183.3033,175.9989,497.444359628
SOL/USD,2025-08-10,182.706,186.1503,177.6,254.335534146
SOL/USD,2025-08-11,174.819,186.6432,173.6,1226.561618347
SOL/USD,2025-08-12,191.9365,193.6074,173.6525,375.465753687
SOL/USD,2025-08-13,201.62,204.8945,191.565,1699.686294873
SOL/USD,2025-08-14,192.6695,209.6907,187.015,682.653368275
SOL/USD,2025-08-15,185.8885,198.2,183.5165,378.052729542
SOL/USD,2025-08-16,189.8665,190.7,185.416,257.511821878
SOL/USD,2025-08-17,191.135,195.86,187.6095,150.162519392
SOL/USD,2025-08-18,183.023,191.42,180.155,308.587530972
SOL/USD,2025-08-19,176.205,185.949,175.736,198.559651308
SOL/USD,2025-08-20,187.95,187.95,176.068,139.282954827
SOL/USD,2025-08-21,180.349,190.0155,179.49094625,110.467072368
SOL/USD,2025-08-22,200.57,202.2633,177.4046783623,467.242554305
SOL/USD,2025-08-23,203.993,208.2411,195.27,464.156909325
SOL/USD,2025-08-24,206.0055,212.088,201.305,789.185857054
SOL/USD,2025-08-25,187.2535,213.1347,185.663,151.848400239
SOL/USD,2025-08-26,195.945,197.95035,185.799,356.010736619
SOL/USD,2025-08-27,202.984,212.5,194.06,798.509973642
SOL/USD,2025-08-28,214.43,216.73635,201.847,662.736366981
SOL/USD,2025-08-29,205.1923,217.8,198.9,440.984034551
SOL/USD,2025-08-30,202.8245,206.92215,197.755,262.05278711
SOL/USD,2025-08-31,200.7465,206.546,200.52,149.352806971
SOL/USD,2025-09-01,197.2335,204.33445,194.38,301.776575655
SOL/USD,2025-09-02,209.4748,209.5048,196.86,118.159821582
SOL/USD,2025-09-03,210.6584,212.83975,207.4,246.264655637
SOL/USD,2025-09-04,202.485,211.8838,202.065,130.810751046
SOL/USD,2025-09-05,203.536,209.8818,201.13,167.986337917
SOL/USD,2025-09-06,200.3515,204.5654,199.39,89.641429211
SOL/USD,2025-09-07,206.506,207.7396,199.36,63.562842883
SOL/USD,2025-09-08,214.18,216.9571,205.549,500.913644527
SOL/USD,2025-09-09,217.1755,219.5984,211.04,1675.676832182
SOL/USD,2025-09-10,224.055,225.8544,215.391,476.917301137
SOL/USD,2025-09-11,228.77,231.941,222.035,727.208988604
SOL/USD,2025-09-12,242.345,244.12,228.23,526.853842989
SOL/USD,2025-09-13,242.423,244.163,235.955,326.57424997
SOL/USD,2025-09-14,239.8215,249.62575,239.51,244.909765415
SOL/USD,2025-09-15,234.417,244.11,230.449,380.168997414
SOL/USD,2025-09-16,236.9525,240.72655,231.548,109.666872304
SOL/USD,2025-09-17,244.85,246.7,232.556157635,122.168760356
SOL/USD,2025-09-18,247.66,253.48825,242.935,491.798473589
SOL/USD,2025-09-19,238.616,248.78,235.465,116.322398941
SOL/USD,2025-09-20,239.496,241.22,237.295,49.002061119
SOL/USD,2025-09-21,236.32,241.7182,235.69,24.16384983
SOL/USD,2025-09-22,220.53,237.048,211.47,1369.208295708
SOL/USD,2025-09-23,213.536,221.60895,212.61,324.312988974
SOL/USD,2025-09-24,211.7305,216.53,205.016,315.087944746
SOL/USD,2025-09-25,192.76,212.549,191.7375,797.67736565
SOL/USD,2025-09-26,205.28,205.54935,190.935,579.169288127
SOL/USD,2025-09-27,203.56,205.6,200.05,223.256133222
SOL/USD,2025-09-28,210.98,211,198.0945,234.688937703
SOL/USD,2025-09-29,212.8615,214.7869,204.97,369.49074251
SOL/USD,2025-09-30,208.7725,213.822,204.285,405.237040396
SOL/USD,2025-10-01,222.18,222.6906,206.535,275.254993059
SOL/USD,2025-10-02,234.93835,234.95335,219.7,459.561323885
SOL/USD,2025-10-03,232.941,236.9854,227.55,341.128942929
SOL/USD,2025-10-04,228.01,234.18,224.54,276.897515747
SOL/USD,2025-10-05,228.592,237.0914,226.72,197.27109592
SOL/USD,2025-10-06,232.415,237.7998,227.5935,161.013277588
SOL/USD,2025-10-07,219.962,235.1442,219.87,376.555111237
SOL/USD,2025-10-08,229.067,229.77,217.58,138.331157435
SOL/USD,2025-10-09,221.039,229.55,216.924384236,282.178922387
SOL/USD,2025-10-10,200.5177633,224.48,172.413793103,1149.419869017
SOL/USD,2025-10-11,177.835,205.466363005,172.9763546795,1335.135801874
SOL/USD,2025-10-12,197.2615,201.77865,173.25,768.701564699
SOL/USD,2025-10-13,208.9175,209.51,190.4,691.019138865
SOL/USD,2025-10-14,202.4965,211.7,191.29,613.306931648
SOL/USD,2025-10-15,193.909,209.1,192.268,434.618850474
SOL/USD,2025-10-16,184.829,198.1,182.388004926,835.976048199
SOL/USD,2025-10-17,182.0195,187.726,174.1545,864.284542166
SOL/USD,2025-10-18,187.735,188.54,181.85,141.689323322
SOL/USD,2025-10-19,187.955,192.53,183.4276157635,521.484882954
SOL/USD,2025-10-20,189.7695,194.576,183.85,276.489169945
SOL/USD,2025-10-21,185.76,197.855,182.85,392.961268825
SOL/USD,2025-10-22,180.149,189.863969393,177.4334507385,331.674812034
SOL/USD,2025-10-23,191.075,193.5225,179.6965,389.120655573
SOL/USD,2025-10-24,193.65,196.62715736,188.54,153.879626849
SOL/USD,2025-10-25,193.9335,195.2,191.38,158.318943366
SOL/USD,2025-10-26,200.1795,202.4378426395,192.315,145.446679765
SOL/USD,2025-10-27,198.645,205.8,197.3,228.709272707
SOL/USD,2025-10-28,194.25,204,190.4695,303.267554091
SOL/USD,2025-10-29,193.97,201.82,190.147783251,279.344384116
SOL/USD,2025-10-30,184.667,198.566,178.038,473.265153658
SOL/USD,2025-10-31,187.13,190.47,183.63,158.104779264
SOL/USD,2025-11-01,186.305,187.7,183.775,38.209769139
SOL/USD,2025-11-02,187.714,188.6,182.376504926,25.722152296
SOL/USD,2025-11-03,166.045,189.107,163.08,1087.386751357
SOL/USD,2025-11-04,155.085,168.347,146.1056650245,1173.236034792
SOL/USD,2025-11-05,162.4,164.6249014775,147.13,381.964431764
SOL/USD,2025-11-06,155.241,162.92,153.3935,347.402527476
SOL/USD,2025-11-07,161.75,164.7,149.8768472905,337.843240041
SOL/USD,2025-11-08,157.93,164.7415,156,162.35366897
SOL/USD,2025-11-09,164.5095,166.49,155.19,116.437484145
SOL/USD,2025-11-10,167.2655,171.7704162435,163.399,837.673763589
SOL/USD,2025-11-11,154.4865,172.133,154,266.438066196
SOL/USD,2025-11-12,153.373,161.3,151.194,422.002170159
SOL/USD,2025-11-13,144.7,157.303,141.0933497535,696.466580395
SOL/USD,2025-11-14,138.8145,149.4753494285,135.6595,711.22321679
SOL/USD,2025-11-15,139.5025,144.5505,138.539,139.861390551
SOL/USD,2025-11-16,137.085,143.229,133.6233940885,448.021148839
SOL/USD,2025-11-17,130.7735,143.04,128.5,657.329356699
SOL/USD,2025-11-18,140.6,142.0105,128.887,198.742181349
SOL/USD,2025-11-19,136.9325,142.702,130.464,455.446046153
SOL/USD,2025-11-20,133.4715,144.818084068,131.145741379,404.243708414
SOL/USD,2025-11-21,128.648,142.6717996645,121.742364532,928.344034877
SOL/USD,2025-11-22,127.55,129.86,125.07,141.257691167
SOL/USD,2025-11-23,130.545,133.445,130.545,20.393763319
SOL/USD,2025-11-24,138.368,139.83,128.372,348.598454702
SOL/USD,2025-11-25,138.935,140.441,133.194463054,332.1769295
SOL/USD,2025-11-26,143.0345,144.6705,135.47,145.083144162
SOL/USD,2025-11-27,140.8525,144.521,140.47,72.61813162
SOL/USD,2025-11-28,137.37,143.8,135.0031,468.790961036
SOL/USD,2025-11-29,136.07,138.1,134.922,70.038229919
SOL/USD,2025-11-30,133.6637684725,140.33,133.5487684725,183.948571454
SOL/USD,2025-12-01,126.675,135.2086883665,123.3216157635,552.761107763
SOL/USD,2025-12-02,138.69,140.695,138.327,50.969783412
SOL/USD,2025-12-03,144.697,146.231,136.5821,2171.021267606
SOL/USD,2025-12-04,139.05,147.208121827,137.8775,289.47742083
SOL/USD,2025-12-05,133.36,140.8045,130.847,216.151869999
SOL/USD,2025-12-06,132.242,137.3288,130.049261083,255.141373574
SOL/USD,2025-12-07,132.2615,136.36,127.6,612.070641342
SOL/USD,2025-12-08,133.177,136.565,132.47,35.637601267
SOL/USD,2025-12-09,137.884,144.9,131.6235,152.456102654
SOL/USD,2025-12-10,136.25,142.6235,135.58,58.407169347
SOL/USD,2025-12-11,136.425,137.775,129.075,416.915041475
SOL/USD,2025-12-12,132.2485,140.14,130.3835,233.963423397
SOL/USD,2025-12-13,133.1655,138.8599934985,131.58,71.805702272
SOL/USD,2025-12-14,129.355,133.1842088665,128.2144088665,26.489379733
SOL/USD,2025-12-15,127.7745,135.6,123.76,659.285934122
SOL/USD,2025-12-16,129.133,130.391687192,123.2134546795,643.497153322
SOL/USD,2025-12-17,123.2,134.010152284,121.489655172,620.941107431
SOL/USD,2025-12-18,119.532,128.952,116.885,232.054002196
SOL/USD,2025-12-19,126.2255,127.7565,117.675,136.189331189
SOL/USD,2025-12-20,125.78,129.949238578,118.9753694575,89.650410118
SOL/USD,2025-12-21,126.032,126.6,123.4,40.321876801
SOL/USD,2025-12-22,125.85,129.564,124.153,321.049138387
SOL/USD,2025-12-23,123.77,128.1749384235,122.1585,76.346695656
SOL/USD,2025-12-24,122.425,124.165,120.635,122.867599249
SOL/USD,2025-12-25,120.0045,124.5,119.655,110.678889837
SOL/USD,2025-12-26,122.165,125.169,119.183,207.425267824
SOL/USD,2025-12-27,124.656,124.955,120.0227467485,525.297478893
SOL/USD,2025-12-28,125.1305,125.7,123.0415,169.578527092
SOL/USD,2025-12-29,123.1105,129.833119289,122.2425,176.69033667
SOL/USD,2025-12-30,124.9145,126.372,122.4895,229.291306299
SOL/USD,2025-12-31,124.472,127.254,123.29,257.907816078
SOL/USD,2026-01-01,126.695,127.068,123.984,132.1490077
SOL/USD,2026-01-02,132.2435,133.18,125.6,505.793281832
SOL/USD,2026-01-03,133.357,133.865,129.63,98.758706051
SOL/USD,2026-01-04,134.08,137.34,131.825535745,545.355086555
SOL/USD,2026-01-05,137.931,140.033,130.8218305415,654.970036622
SOL/USD,2026-01-06,141,143.43,135.014584729,541.256177672
SOL/USD,2026-01-07,136.2975,141.3,132.7,332.851527213
SOL/USD,2026-01-08,138.275,139.99,132.575,218.480442125
SOL/USD,2026-01-09,135.76,140.983,134.78,120.917015301
SOL/USD,2026-01-10,135.647,137,135.11,73.28542034
SOL/USD,2026-01-11,139.4975,141.4,135.1,283.063322496
SOL/USD,2026-01-12,139.085,144.162436548,138.25,202.710310658
SOL/USD,2026-01-13,145.3605,148.2116751265,137.6845,511.281012305
SOL/USD,2026-01-14,146.65,148.425,143.315,399.741157661
SOL/USD,2026-01-15,142.305,146.7125,140.886699507,92.340727597
SOL/USD,2026-01-16,144.8725,145.63,140.03,110.895086159
SOL/USD,2026-01-17,143.6835,145,143.285,22.114983042
SOL/USD,2026-01-18,137.7875,144.1,137.7265,51.266136527
SOL/USD,2026-01-19,133.4,142,130.2291305415,192.930176526
SOL/USD,2026-01-20,125.65,134.505,124.567,436.765972525
SOL/USD,2026-01-21,129.44,132.121,125.176,398.814025218
SOL/USD,2026-01-22,128.29,130.765,126.6275,167.923428299
SOL/USD,2026-01-23,127.3,130.05,125.2615763545,208.49506598
SOL/USD,2026-01-24,127.0205,127.953,126.46,106.844382106
SOL/USD,2026-01-25,118.73,131.1044985115,117.216502463,585.192376733
SOL/USD,2026-01-26,124.115,125.445,118.45,127.611988663
SOL/USD,2026-01-27,127,127.8,122.987,215.377895866
SOL/USD,2026-01-28,125.155,128.068,124.61,138.42745011
SOL/USD,2026-01-29,117.593,125.3285,115.35546798,405.079864482
SOL/USD,2026-01-30,117.4015,121.04361798,112.55,273.798904477
SOL/USD,2026-01-31,105.4785,118.7,96.84,573.287605757
SOL/USD,2026-02-01,100.647,110.871921182,97.95645,432.992062971
SOL/USD,2026-02-02,104.48,109.38025,96.09325665,844.610745484
SOL/USD,2026-02-03,97.7205,111.0000471,96.731370321,797.63497428
SOL/USD,2026-02-04,91.9256,102.50671401,89.1525,812.665443307
SOL/USD,2026-02-05,78.2,99.38715736,77.5140812805,1101.036009193
SOL/USD,2026-02-06,87.3625,93.33215736,66.3454025,4397.307235748
SOL/USD,2026-02-07,87.5529,89.13775,84.1365,1901.431202405
SOL/USD,2026-02-08,86.9593,88.93895,85.7365,3278.42594187
SOL/USD,2026-02-09,86.7027,90.6883502535,82.8583103445,731.037997997
SOL/USD,2026-02-10,82.8515,87.4357,82.019704433,425.540070337
SOL/USD,2026-02-11,79.245,85.41125,78.0258128075,486.290578311
SOL/USD,2026-02-12,78.3265,85.34625,76.63,836.287443947
SOL/USD,2026-02-13,84.2605,85.68,77.48,817.377586835
SOL/USD,2026-02-14,88.00045,88.8515,83.26125,542.229635873
SOL/USD,2026-02-15,86.06995,91.257,84.84,416.302154373
SOL/USD,2026-02-16,86.39895,87.920789,82.5535,519.302876035
SOL/USD,2026-02-17,85.0095,87.741091745,82.904,689.302797476
SOL/USD,2026-02-18,81.5618,87.1056237645,80.39,194.121565
SOL/USD,2026-02-19,82.45,85.58675702,79.613,231.504571831
SOL/USD,2026-02-20,84.6685,85.445,81.7646,280.4090163
SOL/USD,2026-02-21,85.1649,86.8042,83.88,79.488311666
SOL/USD,2026-02-22,82.722,85.55,82.4027,163.299457375
SOL/USD,2026-02-23,77.85585,85.58675702,77.1523891625,725.184799714
SOL/USD,2026-02-24,78.984,80.940086519,75.681,299.623318235
SOL/USD,2026-02-25,88.0715,92.339854061,78.72,1422.474341676
SOL/USD,2026-02-26,85.87695,95.728426395,84.0489110045,880.877020317
SOL/USD,2026-02-27,81.859,88.28415,80.36,262.612074696
SOL/USD,2026-02-28,84.34,85.52845,77.14595,432.502468646
SOL/USD,2026-03-01,83.607,88.8822,81.1369950735,903.714909013
SOL/USD,2026-03-02,86.601,90.5534528875,82.1469950735,422.390919446
SOL/USD,2026-03-03,87.00775,89.4795078885,82.656657635,276.708407227
SOL/USD,2026-03-04,90.8984,94.036,84.8515,572.960769055
SOL/USD,2026-03-05,88.7355,92.9526,87.856,386.19859871
SOL/USD,2026-03-06,84.67395,89.3944,83.786921182,236.213512846
SOL/USD,2026-03-07,83.1955,87.5572003695,82.150579507,704.791427122
SOL/USD,2026-03-08,81.605,86.5719786945,80.539,623.719472111
SOL/USD,2026-03-09,84.9695,87.052,81.5728,881.305260392
SOL/USD,2026-03-10,85.8753,88.7895,84.786,225.038176825
SOL/USD,2026-03-11,86.58785,88.25,84.3752266005,168.802132674
SOL/USD,2026-03-12,86.8534,87.7302,84.8135320195,156.726385801
SOL/USD,2026-03-13,88.191,93.018,86.77935,648.979829343
SOL/USD,2026-03-14,88.0542,88.911,86.478,589.617822895
SOL/USD,2026-03-15,92.356,93.218,87.3443,516.631261734
SOL/USD,2026-03-16,96.1574156565,97.5888,91.051,875.120096461
SOL/USD,2026-03-17,94.6908690865,96.81231224,92.35,333.62161717
SOL/USD,2026-03-18,90.0805080505,95.7254,88.669950738,402.17087347
SOL/USD,2026-03-19,88.908,91.463157,87.0463,397.346557133
SOL/USD,2026-03-20,89.81295,90.431,88.107,175.72545699
SOL/USD,2026-03-21,87.534,90.882,87.15425,129.218232396
SOL/USD,2026-03-22,86.065,89.4760163205,85.145,332.430715586
SOL/USD,2026-03-23,91.42,92.318,84.827586206,194.308623346
SOL/USD,2026-03-24,90.7645,92.246,88.31075,388.164817051
SOL/USD,2026-03-25,91.65455,93.5134,90.666,249.988538846
SOL/USD,2026-03-26,86.4683,92.0753,85.2713,489.524085727
SOL/USD,2026-03-27,83.02705,87.103,81.851699507,756.445445119
SOL/USD,2026-03-28,82.0205,85.5451,81.26,571.432874283
SOL/USD,2026-03-29,81.3464,83.14565,78.81773399,242.002249813
SOL/USD,2026-03-30,82.561,84.82,81.09,199.265192402
SOL/USD,2026-03-31,83.12475,84.51,80.14585,168.90435477
SOL/USD,2026-04-01,81.12775,86.5325,80.752,248.732554637
SOL/USD,2026-04-02,78.9223,81.8253,76.709359605,513.134258997
SOL/USD,2026-04-03,80.3807,80.78,78.865,216.75928862
SOL/USD,2026-04-04,80.7896,81.4442,79.6830295565,72.816859695
SOL/USD,2026-04-05,81.85945,82.09675,78.51231527,856.438289823
SOL/USD,2026-04-06,80.2061,83.16795,79.55,432.875985093
SOL/USD,2026-04-07,85.555,87.0006,78.3846,654.784829703
SOL/USD,2026-04-08,82.5815,85.88365,82.1902,419.098558679
SOL/USD,2026-04-09,83.358,85.79025,81.51,326.421871839
SOL/USD,2026-04-10,84.845,85.779,82.63,328.576467091
SOL/USD,2026-04-11,84.9491,86.37804,83.86,471.707850876
SOL/USD,2026-04-12,81.513,85.194,81.316,328.626878449
SOL/USD,2026-04-13,86.5433,88.169,81.4665,499.464803901
SOL/USD,2026-04-14,83.8228,87.67,83.2404,499.918193649
SOL/USD,2026-04-15,84.88485,85.66,82.85,470.781626976
SOL/USD,2026-04-16,89.1148,90.59,83.9939,627.020448562
SOL/USD,2026-04-17,88.855,90.63,87.34,504.483625707
SOL/USD,2026-04-18,86.19105,89.3212,85.77,343.737638102
SOL/USD,2026-04-19,83.49125,87.2115,82.8647,152.644218792
SOL/USD,2026-04-20,85.422,86.376,83.40115,271.609022087
SOL/USD,2026-04-21,86.03,86.85,84.3184,288.267250875
SOL/USD,2026-04-22,87.013,89.33,85.93,325.262282192
SOL/USD,2026-04-23,86.1695,87.275,84.63,350.978998658
SOL/USD,2026-04-24,86.2285,86.87,85.11,261.26436077
SOL/USD,2026-04-25,86.15995,86.87,85.58,78.9936055
SOL/USD,2026-04-26,86.9742,87.27,85.7293,104.354301997
SOL/USD,2026-04-27,84.805,88.18,83.743842364,915.927237919
SOL/USD,2026-04-28,83.9425,85.001,83.002,172.334058832
SOL/USD,2026-04-29,82.9848,85.586,81.379310344,1069.240422297
SOL/USD,2026-04-30,83.0155,84.052,82.16365,346.359896365
SOL/USD,2026-05-01,83.745,84.75,83.0565,150.321562148
SOL/USD,2026-05-02,84.265,84.84,83.32,76.801986465
SOL/USD,2026-05-03,83.8655,84.84,83.44,84.518718922
SOL/USD,2026-05-04,84.0749,85.89,83.3722195,208.358117214
SOL/USD,2026-05-05,86.2865,87.83,83.98,478.087555412
SOL/USD,2026-05-06,89.1255,89.85,86.07,424.905118647
SOL/USD,2026-05-07,88.398,90.4383,87.1383,371.499011277
SOL/USD,2026-05-08,92.013,92.8,87.6209,411.127352118
SOL/USD,2026-05-09,93.15,94.0828,91.86205,369.563581217
SOL/USD,2026-05-10,96.43625,97.17,92.4636,395.451736415
SOL/USD,2026-05-11,97.3313,98.295246349,93.4699,743.102460342
SOL/USD,2026-05-12,94.4195000005,97.69,92.96,472.042366363
SOL/USD,2026-05-13,91.11075,95.89,89.65,403.219595037
SOL/USD,2026-05-14,92.14835,93.96,89.97,375.793302571
SOL/USD,2026-05-15,89.19275,92.7713,88.45,387.752820381
SOL/USD,2026-05-16,86.6215,89.55,85.49,254.713229608
SOL/USD,2026-05-17,85.142,87.27,83.6015,322.759154933
SOL/USD,2026-05-18,85.2795,85.852,83.51,428.384622039
SOL/USD,2026-05-19,84.209,85.78,83.65465,248.731813824
SOL/USD,2026-05-20,86.07125,87.17,83.641,338.101753386
SOL/USD,2026-05-21,87.2345,87.954,85.2271,119.521785547
SOL/USD,2026-05-22,84.255,87.818,83.51,626.773719891
SOL/USD,2026-05-23,85.6775,87.376836345,81.479655172,480.289743366
SOL/USD,2026-05-24,85.1532644195,86.8013125,83.5943,151.551436527
SOL/USD,2026-05-25,85.01815,86.4354,84.76995,109.200092482
SOL/USD,2026-05-26,83.5701,86.032,83.19567775,151.775856285
SOL/USD,2026-05-27,82.29845,84.675,81.884,186.090316545
SOL/USD,2026-05-28,82.0265,82.984,79.86,392.332397822
SOL/USD,2026-05-29,81.9012,83.997018,80.0385,779.634367663
SOL/USD,2026-05-30,82.60625,84.4941,80.999,606.015512158
SOL/USD,2026-05-31,82.31345,83.3911,81.24045,159.284537601
SOL/USD,2026-06-01,81.15515,83.046,79.0095,355.069903282
SOL/USD,2026-06-02,74.11,81.278,72.7755,833.056303409
SOL/USD,2026-06-03,71.52095,75.71,70.9629802955,866.059695845
SOL/USD,2026-06-04,68.7997,73.04764,66.68865,1017.023970633
SOL/USD,2026-06-05,63.6343,69.0094,61.4165,721.347123043
SOL/USD,2026-06-06,62.1785,64.9382,60.1779110835,582.38827087
SOL/USD,2026-06-07,66.4729,73.039729064,61.8271,671.041718603
SOL/USD,2026-06-08,66.8007,68.136,65.051,292.457809069
SOL/USD,2026-06-09,64.91995,67.54,63.4025,133.239042657
SOL/USD,2026-06-10,63.1576,65.806,62.3,820.877819552
SOL/USD,2026-06-11,66.84715,67.337,63.165,1035.920537033
SOL/USD,2026-06-12,66.7945,68.763,65.785,430.454925759
SOL/USD,2026-06-13,68.8956,69.547,66.5129,145.67086383
SOL/USD,2026-06-14,71.25325,71.33,66.9465,88.964868794
SOL/USD,2026-06-15,73.945,76.158,70.6468,859.504724332
SOL/USD,2026-06-16,73.4413,75.6087,71.6984,602.900235454
SOL/USD,2026-06-17,71.96595,74.711,70.7565,163.003489618
SOL/USD,2026-06-18,69.6455,72.646,68.1426,335.297403037
SOL/USD,2026-06-19,69.67,70.02955,67.274942,313.779601449
SOL/USD,2026-06-20,73.1435,74.3,69.42,155.339209316
SOL/USD,2026-06-21,72.36755,74.62,72.1047,147.311921598
SOL/USD,2026-06-22,71.8778,75.02,71.548046798,254.00052829
SOL/USD,2026-06-23,69.608,72,68.108047783,325.757465919
SOL/USD,2026-06-24,67.9797,70.4527586205,64.667125,881.0853827
SOL/USD,2026-06-25,67.597,69.569,64,534.953940051
SOL/USD,2026-06-26,71.79945,74,65.646,793.171030448
SOL/USD,2026-06-27,70.3836,73.1373,70.1492,118.182303222
SOL/USD,2026-06-28,71.31075,72.17675,69.69673083,75.030294231
SOL/USD,2026-06-29,75.0445,76.217618755,70.3665195,1265.759107544
SOL/USD,2026-06-30,73.55895,75.9,71.31,600.872276615
SOL/USD,2026-07-01,77.3655,78.86325,72.14104145,552.58923492
SOL/USD,2026-07-02,80.62,82.69984643,76.76,555.665077289
SOL/USD,2026-07-03,82.361505855,83.22,80.2572,210.086983646
SOL/USD,2026-07-04,81.7375,83.836482435,80.55,237.800035981
SOL/USD,2026-07-05,81.5465,82.36245,79.58,136.125741273
SOL/USD,2026-07-06,81.8885,83.49,79.1518,531.814332587
SOL/USD,2026-07-07,80.5275,82.72045979,80.382576565,112.079651888
SOL/USD,2026-07-08,77.74465,80.75,76.2099,372.667389971
SOL/USD,2026-07-09,78.0025,78.67,76.66685,90.499363561
SOL/USD,2026-07-10,78.041,79.6521,77.1682,106.669129356
SOL/USD,2026-07-11,76.7725,78.82,76.644,84.799397398
SOL/USD,2026-07-12,76.883,77.77,75.66,90.026689322
SOL/USD,2026-07-13,74.9,78.17,74.054,160.051527841
SOL/USD,2026-07-14,77.82225,77.8784,74.48275,87.406340669
SOL/USD,2026-07-15,77.2605,78.9231,76.9321,134.350562215
SOL/USD,2026-07-16,75.274,77.585,74.942,195.661856119
SOL/USD,2026-07-17,74.9139,75.685,73.4175,319.782181651
SOL/USD,2026-07-18,75.459,75.61,74.4,24.593604084
SOL/USD,2026-07-19,76.341,76.699,75.2904,44.834989189
SOL/USD,2026-07-20,77.816,79.3294,75.43,172.543251805
SOL/USD,2026-07-21,78.145,78.795,77.3851,132.375422098
SOL/USD,2026-07-22,77.933,78.975,76.7039,92.046240541
SOL/USD,2026-07-23,75.81925,78.5599,75.365,76.653385668
SOL/USD,2026-07-24,73.8922,76.3633,73.51815,233.109760896
SOL/USD,2026-07-25,74.4305,75.15460396,73.575,236.88634094
SOL/USD,2026-07-26,76.69315,77.02,74.18,107.052713632
SOL/USD,2026-07-27,74.14835,77.28865,73.7315,266.354212279
SOL/USD,2026-07-28,73.7308,74.505,72.32495,148.482844371
SOL/USD,2026-07-29,73.575,74.4046,72.413793103,237.057730143
SOL/USD,2026-07-30,74.4556,74.9535,73.06495,144.917664457
SOL/USD,2026-07-31,72.7935,75.18635,72.413793103,103.606020848
SOL/USD,2026-08-01,71.893,73.266,69.976,195.054642068
SOL/USD,2026-08-02,73.5384,74.34,71.8735,109.903448517
SOL/USD,2026-08-03,73.48545,74.2159,71.932,120.738122847
SOL/USD,2026-08-04,73.7003,74.428,72.8549,122.301008966
SOL/USD,2026-08-05,73.9522,75.8710929895,73.2018,307.014122136
SOL/USD,2026-08-06,72.60875,74.91798,72.145,305.498966821
SOL/USD,2026-08-07,73.63,74.326,72.402,110.349823449
SOL/USD,2026-08-08,75.94805,76.735,73.5834075,179.843682882
SOL/USD,2026-08-09,76.1899,77.74165,75.56,167.185647055
SOL/USD,2026-08-10,75.95,77.15,75.53245,94.850259055
SOL/USD,2026-08-11,76.2455,76.677,74.478,81.349938198
SOL/USD,2026-08-12,75.54515,77.1945,75.2215,77.933413225
SOL/USD,2026-08-13,76.15925,77.236253465,74.8794,602.655182754
SOL/USD,2026-08-14,75.31,76.3408,74.6,104.403935803
SOL/USD,2026-08-15,75.285,75.722,74.8514,43.954990203
SOL/USD,2026-08-16,74.5505,75.6692,74.027,138.477845943
SOL/USD,2026-08-17,75.9525,76.1622,73.70911,154.240261779
SOL/USD,2026-08-18,76.97895,77.28,75.06,115.232912481
SOL/USD,2026-08-19,85.34445,87.18335,76.42,690.178212322
SOL/USD,2026-08-20,87.6805,88.54,82.3182,777.222831766
SOL/USD,2026-08-21,93.68895,95.01,87.42,1070.432568378
SOL/USD,2026-08-22,93.8455,102.7835,86.14,1126.751329799
SOL/USD,2026-08-23,95.427,97.16545,91.46,604.253900199
SOL/USD,2026-08-24,98.9675,98.9675,93.265,588.944847974
SOL/USD,2026-08-25,96.6243,102.9292,95.4692,1056.916420868
SOL/USD,2026-08-26,102.0655,102.4005,95.0455,425.004440612
SOL/USD,2026-08-27,109.15,110.5357,100.534,914.056699516
SOL/USD,2026-08-28,104.134,110.078,102.35,701.66769129
SOL/USD,2026-08-29,105.6505,105.8386,103.03,303.304140069
SOL/USD,2026-08-30,101.75,107.526,99.014778325,544.918081185
SOL/USD,2026-08-31,103.0455,105.007,100.9,322.416624062
SOL/USD,2026-09-01,99.965,104.34,97.198566,721.397731651
SOL/USD,2026-09-02,100.425,100.61,97.35745,158.443019543
SOL/USD,2026-09-03,103.968,105.8555,97.132857,362.936975774
SOL/USD,2026-09-04,101.95,104.7405,100.17,281.231010256
SOL/USD,2026-09-05,103.165,104.358,101.551,67.839528356
SOL/USD,2026-09-06,106.529,107.35,103.152,375.676658137
SOL/USD,2026-09-07,103.8095,107.045,102.66888192,464.395940807
SOL/USD,2026-09-08,103.36,104.84193323,101.7165,220.777645422
SOL/USD,2026-09-09,101.5535,105.0600551,100.3265,169.22901177
SOL/USD,2026-09-10,98.6025,102.145,98.5760837435,295.652469985
SOL/USD,2026-09-11,102.4335,105.7275,98.0635,271.321548697
SOL/USD,2026-09-12,101.7655,102.545,101.228,112.502865207
SOL/USD,2026-09-13,99.23305,102.2705,99.205,103.420175693
SOL/USD,2026-09-14,102.544,104.7935,98.9945,181.220816073
SOL/USD,2026-09-15,96.84265,102.836,94.4587,1381.900917681
SOL/USD,2026-09-16,98.5645,98.81015,96.02465,131.272190744
SOL/USD,2026-09-17,101.53,102,98.42205,185.710925083
SOL/USD,2026-09-18,112.665,114.225,100.82,780.358091866
SOL/USD,2026-09-19,110.961,114.059,110.04,290.435338498
SOL/USD,2026-09-20,111.121,111.392499513,107.2,238.429656396
SOL/USD,2026-09-21,118.935,119.922,108.091,1937.124811893
SOL/USD,2026-09-22,118.589,119.4465,115.52,422.620141265
SOL/USD,2026-09-23,114.97,119.67155,113.05,301.097751628
SOL/USD,2026-09-24,117.012,117.725,112.54,270.446625601
SOL/USD,2026-09-25,122.17,122.925,115.3,718.591013692
SOL/USD,2026-09-26,121.4365,122.4055,119.631,283.968615296
SOL/USD,2026-09-27,121.95,124.96,120.02,270.057724478
SOL/USD,2026-09-28,118.835,122.8785,115.91598,575.624731572
SOL/USD,2026-09-29,119.055,121.65,116.3694069375,113.303612406
SOL/USD,2026-09-30,118.0505,122.7425,117.0485,104.282125234
SOL/USD,2026-10-01,118.36,119.55,116.733,190.951397454
SOL/USD,2026-10-02,118.615,123.5,117.14,293.307271996
